date,"Wilderhill New Energy Global Index (NEX), 2001:01=100"
2001-01-02,100
2001-01-03,104.7904
2001-01-04,102.7507
2001-01-05,100.2807
2001-01-08,101.0791
2001-01-09,100.8733
2001-01-10,101.7278
2001-01-11,105.2582
2001-01-12,106.6367
2001-01-16,107.3291
2001-01-17,108.5017
2001-01-18,110.1672
2001-01-19,111.0529
2001-01-22,110.4042
2001-01-23,111.5768
2001-01-24,110.8346
2001-01-25,109.1068
2001-01-26,108.8511
2001-01-29,110.0736
2001-01-30,112.2942
2001-01-31,112.4563
2001-02-01,112.5686
2001-02-02,110.0611
2001-02-05,109.2877
2001-02-06,109.8491
2001-02-07,109.0007
2001-02-08,107.1295
2001-02-09,105.2832
2001-02-12,105.4516
2001-02-13,104.7093
2001-02-14,106.4247
2001-02-15,107.9029
2001-02-16,105.5264
2001-02-20,102.7695
2001-02-21,100.8046
2001-02-22,99.38873
2001-02-23,98.92091
2001-02-26,99.24526
2001-02-27,98.11626
2001-02-28,94.91018
2001-03-01,95.07236
2001-03-02,93.90594
2001-03-05,94.66068
2001-03-06,97.31163
2001-03-07,98.12875
2001-03-08,97.31786
2001-03-09,94.52345
2001-03-12,91.56686
2001-03-13,90.93687
2001-03-14,89.45235
2001-03-15,89.88274
2001-03-16,87.43139
2001-03-19,88.89097
2001-03-20,88.17365
2001-03-21,88.75375
2001-03-22,89.23403
2001-03-23,92.29665
2001-03-26,93.72505
2001-03-27,94.09306
2001-03-28,91.91617
2001-03-29,89.96382
2001-03-30,89.96382
2001-04-02,87.17565
2001-04-03,84.64945
2001-04-04,83.28967
2001-04-05,88.60404
2001-04-06,87.24426
2001-04-09,86.40843
2001-04-10,90.16342
2001-04-11,91.94736
2001-04-12,95.05364
2001-04-16,92.74576
2001-04-17,93.03893
2001-04-18,98.9521
2001-04-19,102.364
2001-04-20,101.6904
2001-04-23,98.35329
2001-04-24,96.9748
2001-04-25,98.90843
2001-04-26,98.95834
2001-04-27,100.2245
2001-04-30,103.5803
2001-05-01,105.5327
2001-05-02,107.0609
2001-05-03,105.6824
2001-05-04,106.7677
2001-05-07,106.3311
2001-05-08,107.248
2001-05-09,107.117
2001-05-10,106.1689
2001-05-11,105.2832
2001-05-14,103.8922
2001-05-15,104.9027
2001-05-16,107.0172
2001-05-17,112.0696
2001-05-18,114.9701
2001-05-21,117.2655
2001-05-22,117.3965
2001-05-23,113.8723
2001-05-24,114.3837
2001-05-25,114.4773
2001-05-29,110.897
2001-05-30,106.6243
2001-05-31,108.2086
2001-06-01,109.5995
2001-06-04,108.2959
2001-06-05,110.3169
2001-06-06,109.9613
2001-06-07,111.7203
2001-06-08,110.1048
2001-06-11,108.1961
2001-06-12,107.1357
2001-06-13,104.8777
2001-06-14,102.4763
2001-06-15,100.1559
2001-06-18,97.4738
2001-06-19,95.68363
2001-06-20,95.81462
2001-06-21,97.53618
2001-06-22,97.43638
2001-06-25,97.94785
2001-06-26,97.69212
2001-06-27,98.29716
2001-06-28,99.59456
2001-06-29,102.1707
2001-07-02,100.9606
2001-07-03,100.2183
2001-07-05,97.91043
2001-07-06,95.75848
2001-07-09,96.18887
2001-07-10,94.14297
2001-07-11,93.69386
2001-07-12,96.99352
2001-07-13,96.46333
2001-07-16,94.86028
2001-07-17,94.90395
2001-07-18,93.17615
2001-07-19,94.36752
2001-07-20,93.1013
2001-07-23,91.16766
2001-07-24,89.79541
2001-07-25,90.29441
2001-07-26,91.26746
2001-07-27,91.1739
2001-07-30,90.56886
2001-07-31,91.25499
2001-08-01,93.66891
2001-08-02,94.44237
2001-08-03,94.16167
2001-08-06,92.54616
2001-08-07,92.27171
2001-08-08,90.5252
2001-08-09,89.19037
2001-08-10,88.45434
2001-08-13,87.71832
2001-08-14,87.001
2001-08-15,86.25874
2001-08-16,85.57884
2001-08-17,84.5247
2001-08-20,84.05065
2001-08-21,83.10255
2001-08-22,83.80115
2001-08-23,82.31038
2001-08-24,84.00075
2001-08-27,84.21906
2001-08-28,83.15244
2001-08-29,82.5474
2001-08-30,80.74476
2001-08-31,80.86327
2001-09-04,79.69062
2001-09-05,78.28094
2001-09-06,77.127
2001-09-07,76.65918
2001-09-10,75.33059
2001-09-17,70.65244
2001-09-18,69.85404
2001-09-19,69.01198
2001-09-20,66.90369
2001-09-21,65.83707
2001-09-24,69.21781
2001-09-25,70.03493
2001-09-26,68.86227
2001-09-27,67.76447
2001-09-28,68.33208
2001-10-01,68.22605
2001-10-02,69.18039
2001-10-03,70.48403
2001-10-04,72.35529
2001-10-05,72.873
2001-10-08,73.15993
2001-10-09,70.98303
2001-10-10,72.28044
2001-10-11,74.78793
2001-10-12,76.01672
2001-10-15,75.76098
2001-10-16,76.80888
2001-10-17,76.78394
2001-10-18,75.44286
2001-10-19,75.499
2001-10-22,76.25375
2001-10-23,76.37225
2001-10-24,76.55315
2001-10-25,77.42016
2001-10-26,77.40768
2001-10-29,75.97305
2001-10-30,74.65694
2001-10-31,75.08733
2001-11-01,76.24126
2001-11-02,76.44711
2001-11-05,78.31837
2001-11-06,79.34756
2001-11-07,78.53044
2001-11-08,78.56163
2001-11-09,78.75499
2001-11-12,78.76123
2001-11-13,79.04816
2001-11-14,80.0524
2001-11-15,80.66367
2001-11-16,81.09406
2001-11-19,81.45584
2001-11-20,79.45983
2001-11-21,79.46606
2001-11-23,79.98378
2001-11-26,81.96732
2001-11-27,81.88623
2001-11-28,79.59705
2001-11-29,79.72181
2001-11-30,80.50774
2001-12-03,78.33084
2001-12-04,79.37251
2001-12-05,82.60978
2001-12-06,83.25224
2001-12-07,82.22305
2001-12-10,80.86327
2001-12-11,80.62001
2001-12-12,81.47455
2001-12-13,78.63024
2001-12-14,77.93787
2001-12-17,77.9254
2001-12-18,78.51173
2001-12-19,77.5262
2001-12-20,76.30988
2001-12-21,76.48453
2001-12-24,76.42839
2001-12-26,76.69661
2001-12-27,78.55539
2001-12-28,79.22904
2001-12-31,78.8236
2002-01-02,79.01697
2002-01-03,80.751
2002-01-04,81.2001
2002-01-07,80.68239
2002-01-08,81.46832
2002-01-09,81.16891
2002-01-10,80.84456
2002-01-11,79.89022
2002-01-14,78.53667
2002-01-15,77.66966
2002-01-16,76.25998
2002-01-17,76.78394
2002-01-18,76.81512
2002-01-22,75.1497
2002-01-23,75.79217
2002-01-24,75.41167
2002-01-25,75.31187
2002-01-28,75.69237
2002-01-29,74.48853
2002-01-30,74.44486
2002-01-31,74.47605
2002-02-01,74.92515
2002-02-04,73.79616
2002-02-05,72.79192
2002-02-06,72.11202
2002-02-07,72.2243
2002-02-08,72.64845
2002-02-11,73.51547
2002-02-12,74.18288
2002-02-13,75
2002-02-14,75.06861
2002-02-15,74.87525
2002-02-19,72.89172
2002-02-20,72.74202
2002-02-21,72.33034
2002-02-22,72.89796
2002-02-25,74.13298
2002-02-26,74.23279
2002-02-27,74.9501
2002-02-28,74.38873
2002-03-01,76.37849
2002-03-04,79.53468
2002-03-05,79.70309
2002-03-06,80.25823
2002-03-07,82.05464
2002-03-08,83.81986
2002-03-11,84.23778
2002-03-12,82.62849
2002-03-13,81.58059
2002-03-14,82.47256
2002-03-15,83.42066
2002-03-18,82.92165
2002-03-19,83.43314
2002-03-20,82.44137
2002-03-21,83.04641
2002-03-22,82.30414
2002-03-25,80.68862
2002-03-26,80.90694
2002-03-27,81.54317
2002-03-28,81.95484
2002-04-01,82.01721
2002-04-02,82.32285
2002-04-03,82.39146
2002-04-04,83.04017
2002-04-05,82.0983
2002-04-08,82.36652
2002-04-09,81.63049
2002-04-10,82.19186
2002-04-11,81.20634
2002-04-12,81.94237
2002-04-15,82.09206
2002-04-16,84.3251
2002-04-17,84.79292
2002-04-18,83.95085
2002-04-19,83.39571
2002-04-22,83.35828
2002-04-23,83.48303
2002-04-24,82.92165
2002-04-25,82.79691
2002-04-26,81.66792
2002-04-29,81.37475
2002-04-30,82.57236
2002-05-01,82.91542
2002-05-02,82.55364
2002-05-03,82.60355
2002-05-06,81.46207
2002-05-07,80.22704
2002-05-08,82.78443
2002-05-09,81.89246
2002-05-10,81.43089
2002-05-13,82.51622
2002-05-14,83.93837
2002-05-15,84.31262
2002-05-16,84.2253
2002-05-17,85.35429
2002-05-20,85.34805
2002-05-21,84.51846
2002-05-22,84.65569
2002-05-23,84.93014
2002-05-24,84.33134
2002-05-28,84.41242
2002-05-29,83.50175
2002-05-30,83.58283
2002-05-31,83.27096
2002-06-03,82.46008
2002-06-04,81.78019
2002-06-05,81.26247
2002-06-06,81.07535
2002-06-07,81.03793
2002-06-10,81.30614
2002-06-11,80.32684
2002-06-12,79.70933
2002-06-13,78.74252
2002-06-14,78.24352
2002-06-17,78.8735
2002-06-18,78.73627
2002-06-19,76.41592
2002-06-20,75.48029
2002-06-21,74.38873
2002-06-24,73.67764
2002-06-25,73.60903
2002-06-26,73.29092
2002-06-27,74.88148
2002-06-28,76.49701
2002-07-01,75.32435
2002-07-02,74.17664
2002-07-03,74.002
2002-07-05,76.36602
2002-07-08,76.0978
2002-07-09,75.48653
2002-07-10,73.65894
2002-07-11,73.26597
2002-07-12,73.56537
2002-07-15,72.76073
2002-07-16,72.51123
2002-07-17,73.11003
2002-07-18,72.24925
2002-07-19,70.84581
2002-07-22,69.43613
2002-07-23,67.19062
2002-07-24,67.57735
2002-07-25,67.13448
2002-07-26,65.8246
2002-07-29,67.78318
2002-07-30,68.86227
2002-07-31,68.18239
2002-08-01,67.32161
2002-08-02,65.33807
2002-08-05,63.83483
2002-08-06,64.34007
2002-08-07,65.16342
2002-08-08,66.57934
2002-08-09,66.90993
2002-08-12,66.35479
2002-08-13,65.75599
2002-08-14,66.76023
2002-08-15,67.37151
2002-08-16,68.14496
2002-08-19,68.65644
2002-08-20,67.58982
2002-08-21,69.04317
2002-08-22,68.41941
2002-08-23,67.34656
2002-08-26,68.30714
2002-08-27,67.68962
2002-08-28,66.26746
2002-08-29,65.81837
2002-08-30,65.68738
2002-09-03,63.90968
2002-09-04,63.58533
2002-09-05,62.82435
2002-09-06,63.18613
2002-09-09,63.37949
2002-09-10,63.57909
2002-09-11,64.09681
2002-09-12,63.0988
2002-09-13,62.56237
2002-09-16,61.6018
2002-09-17,61.30239
2002-09-18,60.69112
2002-09-19,60.11726
2002-09-20,59.69312
2002-09-23,58.86352
2002-09-24,58.07136
2002-09-25,59.06936
2002-09-26,59.874
2002-09-27,60.02994
2002-09-30,59.43114
2002-10-01,59.69312
2002-10-02,59.59955
2002-10-03,58.78867
2002-10-04,57.59107
2002-10-07,56.55564
2002-10-08,55.94436
2002-10-09,54.90893
2002-10-10,55.751
2002-10-11,57.33533
2002-10-14,57.50998
2002-10-15,60.14222
2002-10-16,59.0257
2002-10-17,60.48528
2002-10-18,61.02171
2002-10-21,61.86377
2002-10-22,60.42914
2002-10-23,61.62675
2002-10-24,61.37725
2002-10-25,62.01347
2002-10-28,61.86377
2002-10-29,61.39596
2002-10-30,62.50624
2002-10-31,61.84506
2002-11-01,62.87425
2002-11-04,63.72255
2002-11-05,63.36078
2002-11-06,64.73927
2002-11-07,63.74751
2002-11-08,63.12375
2002-11-11,61.48952
2002-11-12,62.40644
2002-11-13,62.16941
2002-11-14,62.96158
2002-11-15,63.3982
2002-11-18,63.2984
2002-11-19,62.73079
2002-11-20,63.66642
2002-11-21,66.09281
2002-11-22,66.75399
2002-11-25,68.18862
2002-11-26,67.39022
2002-11-27,67.87675
2002-11-29,68.55663
2002-12-02,68.48179
2002-12-03,67.17191
2002-12-04,65.40668
2002-12-05,64.88274
2002-12-06,64.9763
2002-12-09,63.56038
2002-12-10,64.67066
2002-12-11,64.31512
2002-12-12,64.24027
2002-12-13,63.52295
2002-12-16,64.7268
2002-12-17,64.30888
2002-12-18,62.58109
2002-12-19,62.40644
2002-12-20,62.43139
2002-12-23,62.71832
2002-12-24,62.69336
2002-12-26,62.92415
2002-12-27,62.5499
2002-12-30,62.37525
2002-12-31,62.37525
2003-01-02,63.10504
2003-01-03,63.30464
2003-01-06,64.75175
2003-01-07,64.45235
2003-01-08,63.77245
2003-01-09,64.50848
2003-01-10,64.60828
2003-01-13,64.37125
2003-01-14,64.9763
2003-01-15,64.34631
2003-01-16,64.02196
2003-01-17,63.79741
2003-01-21,63.28593
2003-01-22,62.81187
2003-01-23,62.81187
2003-01-24,62.5
2003-01-27,61.30863
2003-01-28,62.09456
2003-01-29,62.09456
2003-01-30,61.02171
2003-01-31,60.89696
2003-02-03,60.89072
2003-02-04,61.02171
2003-02-05,61.47705
2003-02-06,61.51447
2003-02-07,60.46033
2003-02-10,60.85329
2003-02-11,60.92191
2003-02-12,61.04666
2003-02-13,61.25249
2003-02-14,62.16941
2003-02-18,63.25474
2003-02-19,63.37949
2003-02-20,63.59157
2003-02-21,63.61028
2003-02-24,62.91168
2003-02-25,62.46257
2003-02-26,62.00724
2003-02-27,62.03842
2003-02-28,62.35654
2003-03-03,62.49376
2003-03-04,62.1507
2003-03-05,62.4501
2003-03-06,62.02595
2003-03-07,61.58932
2003-03-10,60.38548
2003-03-11,59.86776
2003-03-12,60.21083
2003-03-13,61.27121
2003-03-14,61.92615
2003-03-17,62.83059
2003-03-18,63.4481
2003-03-19,63.42939
2003-03-20,64.09057
2003-03-21,64.72056
2003-03-24,64.22156
2003-03-25,64.24027
2003-03-26,64.07809
2003-03-27,64.35255
2003-03-28,64.17789
2003-03-31,63.16742
2003-04-01,63.85978
2003-04-02,65.33183
2003-04-03,64.9763
2003-04-04,65.15719
2003-04-07,66.18014
2003-04-08,65.4254
2003-04-09,64.7767
2003-04-10,65.06986
2003-04-11,64.48977
2003-04-14,64.59581
2003-04-15,65.29441
2003-04-16,65.58758
2003-04-17,66.11153
2003-04-21,66.28618
2003-04-22,66.68538
2003-04-23,66.73528
2003-04-24,66.99725
2003-04-25,66.04292
2003-04-28,66.36103
2003-04-29,66.53568
2003-04-30,67.18438
2003-05-01,67.8518
2003-05-02,68.49426
2003-05-05,69.2989
2003-05-06,69.71682
2003-05-07,69.81662
2003-05-08,70.01622
2003-05-09,70.42165
2003-05-12,71.28243
2003-05-13,71.22006
2003-05-14,71.74401
2003-05-15,71.25125
2003-05-16,70.9768
2003-05-19,69.82285
2003-05-20,69.82285
2003-05-21,69.62949
2003-05-22,70.26572
2003-05-23,70.877
2003-05-27,71.80639
2003-05-28,71.88124
2003-05-29,72.64221
2003-05-30,73.44685
2003-06-02,74.22655
2003-06-03,74.14546
2003-06-04,75.05614
2003-06-05,76.11028
2003-06-06,75.59257
2003-06-09,75.16841
2003-06-10,75.31187
2003-06-11,75.75474
2003-06-12,75.21832
2003-06-13,74.81287
2003-06-16,75.75474
2003-06-17,76.64047
2003-06-18,76.54691
2003-06-19,75.83583
2003-06-20,75.82959
2003-06-23,74.92515
2003-06-24,74.10803
2003-06-25,75.17465
2003-06-26,75.17465
2003-06-27,75.58009
2003-06-30,75.53019
2003-07-01,76.2974
2003-07-02,77.56362
2003-07-03,77.1769
2003-07-07,78.79241
2003-07-08,78.93587
2003-07-09,78.73627
2003-07-10,78.01273
2003-07-11,77.9753
2003-07-14,79.33508
2003-07-15,79.28518
2003-07-16,78.54915
2003-07-17,76.42216
2003-07-18,76.62176
2003-07-21,76.35978
2003-07-22,76.99601
2003-07-23,78.28718
2003-07-24,78.74875
2003-07-25,79.0731
2003-07-28,79.70933
2003-07-29,79.15419
2003-07-30,77.65095
2003-07-31,77.8755
2003-08-01,78.10005
2003-08-04,77.96906
2003-08-05,77.66966
2003-08-06,77.03343
2003-08-07,77.07086
2003-08-08,76.93363
2003-08-11,77.74451
2003-08-12,78.5242
2003-08-13,78.96706
2003-08-14,79.59082
2003-08-15,80.10854
2003-08-18,81.46832
2003-08-19,82.94661
2003-08-20,83.10878
2003-08-21,84.6744
2003-08-22,84.05688
2003-08-25,83.75748
2003-08-26,84.25025
2003-08-27,84.54965
2003-08-28,84.84905
2003-08-29,85.64122
2003-09-02,86.92615
2003-09-03,87.15694
2003-09-04,86.87001
2003-09-05,87.36278
2003-09-08,87.99277
2003-09-09,88.42939
2003-09-10,86.43338
2003-09-11,86.20883
2003-09-12,86.60803
2003-09-15,86.33358
2003-09-16,87.17565
2003-09-17,87.31911
2003-09-18,87.94286
2003-09-19,88.09257
2003-09-22,86.93862
2003-09-23,88.31087
2003-09-24,87.99277
2003-09-25,86.8513
2003-09-26,85.36677
2003-09-29,84.98004
2003-09-30,84.03194
2003-10-01,85.36053
2003-10-02,86.24625
2003-10-03,87.68089
2003-10-06,88.6976
2003-10-07,89.7268
2003-10-08,89.33383
2003-10-09,89.40244
2003-10-10,89.44611
2003-10-13,89.93887
2003-10-14,90.61253
2003-10-15,90.26322
2003-10-16,90.64371
2003-10-17,90.08234
2003-10-20,90.33183
2003-10-21,91.33607
2003-10-22,90.7747
2003-10-23,88.2984
2003-10-24,88.06761
2003-10-27,88.72879
2003-10-28,90.69361
2003-10-29,91.82884
2003-10-30,91.46083
2003-10-31,90.63124
2003-11-03,91.06163
2003-11-04,92.29042
2003-11-05,92.24052
2003-11-06,91.4733
2003-11-07,91.56686
2003-11-10,90.4753
2003-11-11,89.24651
2003-11-12,90.25075
2003-11-13,90.68738
2003-11-14,89.86402
2003-11-17,88.2984
2003-11-18,88.32959
2003-11-19,88.00524
2003-11-20,88.04266
2003-11-21,88.14246
2003-11-24,88.77869
2003-11-25,89.30264
2003-11-26,90.38174
2003-11-28,90.28817
2003-12-01,91.36726
2003-12-02,91.69785
2003-12-03,91.66043
2003-12-04,91.34856
2003-12-05,90.65619
2003-12-08,90.34431
2003-12-09,90.11976
2003-12-10,89.25898
2003-12-11,90.31313
2003-12-12,91.57934
2003-12-15,91.01173
2003-12-16,90.93064
2003-12-17,90.96806
2003-12-18,91.49825
2003-12-19,91.90369
2003-12-22,92.58358
2003-12-23,93.41317
2003-12-24,93.31337
2003-12-26,93.74376
2003-12-29,94.87276
2003-12-30,95.43414
2003-12-31,95.19711
2004-01-02,95.66492
2004-01-05,97.54241
2004-01-06,98.31586
2004-01-07,98.65894
2004-01-08,100.2932
2004-01-09,101.0604
2004-01-12,101.5843
2004-01-13,100.9731
2004-01-14,101.603
2004-01-15,101.2288
2004-01-16,102.3952
2004-01-20,103.7425
2004-01-21,103.3059
2004-01-22,102.7196
2004-01-23,102.6634
2004-01-26,102.6572
2004-01-27,102.5886
2004-01-28,101.4533
2004-01-29,100.7797
2004-01-30,100.6986
2004-02-02,100.2121
2004-02-03,100.0561
2004-02-04,98.19736
2004-02-05,98.82111
2004-02-06,100.4553
2004-02-09,100.5364
2004-02-10,100.7547
2004-02-11,101.0292
2004-02-12,101.7091
2004-02-13,101.1976
2004-02-17,102.5636
2004-02-18,102.5324
2004-02-19,101.5781
2004-02-20,100.2495
2004-02-23,99.64446
2004-02-24,99.38248
2004-02-25,99.04566
2004-02-26,99.7006
2004-02-27,100.6425
2004-03-01,102.3453
2004-03-02,101.9898
2004-03-03,101.0354
2004-03-04,101.4908
2004-03-05,102.1707
2004-03-08,101.0853
2004-03-09,100.9294
2004-03-10,98.92715
2004-03-11,97.64221
2004-03-12,97.64221
2004-03-15,97.04341
2004-03-16,97.65469
2004-03-17,98.95834
2004-03-18,99.05814
2004-03-19,98.38448
2004-03-22,96.70035
2004-03-23,96.70659
2004-03-24,96.7253
2004-03-25,98.59656
2004-03-26,99.22031
2004-03-29,101.0604
2004-03-30,101.26
2004-03-31,102.1644
2004-04-01,103.9109
2004-04-02,104.1043
2004-04-05,104.5472
2004-04-06,103.8735
2004-04-07,104.4536
2004-04-08,104.4723
2004-04-12,104.728
2004-04-13,103.2435
2004-04-14,102.0022
2004-04-15,101.3411
2004-04-16,102.1956
2004-04-19,102.3453
2004-04-20,102.2393
2004-04-21,102.1831
2004-04-22,102.2393
2004-04-23,103.1687
2004-04-26,102.2954
2004-04-27,101.129
2004-04-28,99.51971
2004-04-29,98.44685
2004-04-30,96.98104
2004-05-03,97.05589
2004-05-04,98.35329
2004-05-05,98.72131
2004-05-06,97.56113
2004-05-07,96.03294
2004-05-10,92.57735
2004-05-11,93.50674
2004-05-12,94.48603
2004-05-13,93.60654
2004-05-14,92.67715
2004-05-17,90.78718
2004-05-18,90.55015
2004-05-19,92.62101
2004-05-20,91.78518
2004-05-21,93.1512
2004-05-24,94.02445
2004-05-25,95.02245
2004-05-26,96.06413
2004-05-27,97.04341
2004-05-28,97.48004
2004-06-01,97.26797
2004-06-02,97.34905
2004-06-03,95.59007
2004-06-04,96.61926
2004-06-07,98.68388
2004-06-08,98.75874
2004-06-09,97.29915
2004-06-10,97.65469
2004-06-14,95.93937
2004-06-15,97.01846
2004-06-16,96.98104
2004-06-17,96.36976
2004-06-18,96.28243
2004-06-21,96.60679
2004-06-22,97.24301
2004-06-23,98.04765
2004-06-24,98.72131
2004-06-25,98.9521
2004-06-28,99.07684
2004-06-29,99.21407
2004-06-30,99.28268
2004-07-01,98.93962
2004-07-02,98.29716
2004-07-06,96.91242
2004-07-07,97.08707
2004-07-08,96.53194
2004-07-09,96.88124
2004-07-12,96.7253
2004-07-13,96.60055
2004-07-14,95.46532
2004-07-15,95.55888
2004-07-16,95.64621
2004-07-19,95.66492
2004-07-20,95.51522
2004-07-21,93.92465
2004-07-22,93.37575
2004-07-23,92.15319
2004-07-26,91.72904
2004-07-27,91.29865
2004-07-28,91.33607
2004-07-29,92.51497
2004-07-30,93.56287
2004-08-02,93.33833
2004-08-03,92.47131
2004-08-04,91.88498
2004-08-05,91.69785
2004-08-06,91.06163
2004-08-09,90.43163
2004-08-10,91.06786
2004-08-11,89.90144
2004-08-12,89.25898
2004-08-13,89.22156
2004-08-16,89.7767
2004-08-17,90.3755
2004-08-18,91.23627
2004-08-19,91.73528
2004-08-20,92.32784
2004-08-23,92.58358
2004-08-24,91.98478
2004-08-25,92.32784
2004-08-26,92.34032
2004-08-27,92.88298
2004-08-30,92.7021
2004-08-31,92.98902
2004-09-01,93.75
2004-09-02,94.24277
2004-09-03,92.87675
2004-09-07,93.57535
2004-09-08,93.24476
2004-09-09,93.83109
2004-09-10,95.15968
2004-09-13,95.78967
2004-09-14,96.45085
2004-09-15,95.34057
2004-09-16,95.65244
2004-09-17,95.65868
2004-09-20,95.83957
2004-09-21,96.30739
2004-09-22,95.47779
2004-09-23,95.63374
2004-09-24,95.04117
2004-09-27,94.03693
2004-09-28,94.6482
2004-09-29,95.63997
2004-09-30,96.55065
2004-10-01,97.96657
2004-10-04,99.2515
2004-10-05,99.06437
2004-10-06,99.3014
2004-10-07,98.93962
2004-10-08,98.68388
2004-10-11,98.9022
2004-10-12,97.94162
2004-10-13,97.96033
2004-10-14,97.48627
2004-10-15,98.10379
2004-10-18,98.17864
2004-10-19,98.91467
2004-10-20,98.78368
2004-10-21,99.29516
2004-10-22,99.17664
2004-10-25,99.67565
2004-10-26,99.64446
2004-10-27,101.1477
2004-10-28,101.4034
2004-10-29,100.9294
2004-11-01,101.3411
2004-11-02,102.0272
2004-11-03,102.0397
2004-11-04,103.2934
2004-11-05,103.9546
2004-11-08,104.0544
2004-11-09,103.7987
2004-11-10,103.2622
2004-11-11,103.4618
2004-11-12,104.1854
2004-11-15,104.7592
2004-11-16,104.0731
2004-11-17,104.9526
2004-11-18,105.1709
2004-11-19,104.6969
2004-11-22,105.4391
2004-11-23,105.5389
2004-11-24,106.5369
2004-11-26,106.9611
2004-11-29,107.2667
2004-11-30,106.6055
2004-12-01,107.3977
2004-12-02,107.6035
2004-12-03,108.4768
2004-12-06,108.8199
2004-12-07,107.2979
2004-12-08,105.9444
2004-12-09,105.2333
2004-12-10,105.4079
2004-12-13,106.4059
2004-12-14,107.4913
2004-12-15,109.1255
2004-12-16,108.2897
2004-12-17,107.9778
2004-12-20,108.2023
2004-12-21,108.6452
2004-12-22,109.7181
2004-12-23,110.5102
2004-12-27,110.9656
2004-12-28,111.764
2004-12-29,111.6766
2004-12-30,112.762
2004-12-31,112.9616
2005-01-03,111.9636
2005-01-04,110.4416
2005-01-05,108.8136
2005-01-06,108.5267
2005-01-07,108.0277
2005-01-10,108.5267
2005-01-11,108.009
2005-01-12,109.0943
2005-01-13,108.7263
2005-01-14,109.0195
2005-01-18,109.7929
2005-01-19,109.506
2005-01-20,108.6265
2005-01-21,108.2273
2005-01-24,108.0526
2005-01-25,107.9778
2005-01-26,109.3126
2005-01-27,109.2191
2005-01-28,108.7949
2005-01-31,110.4666
2005-02-01,111.1028
2005-02-02,111.9573
2005-02-03,111.4209
2005-02-04,111.8076
2005-02-07,111.5394
2005-02-08,111.2525
2005-02-09,110.4354
2005-02-10,111.0217
2005-02-11,111.9573
2005-02-14,113.2547
2005-02-15,113.6228
2005-02-16,113.9097
2005-02-17,113.997
2005-02-18,113.9159
2005-02-22,113.2298
2005-02-23,112.1445
2005-02-24,113.1237
2005-02-25,114.5459
2005-02-28,115.6188
2005-03-01,117.1594
2005-03-02,116.8101
2005-03-03,117.2343
2005-03-04,118.5878
2005-03-07,118.6689
2005-03-08,118.5691
2005-03-09,118.5192
2005-03-10,117.9703
2005-03-11,117.384
2005-03-14,116.7103
2005-03-15,116.386
2005-03-16,116.2051
2005-03-17,116.2051
2005-03-18,115.7747
2005-03-21,115.2819
2005-03-22,114.6519
2005-03-23,113.2298
2005-03-24,112.9616
2005-03-28,112.4501
2005-03-29,111.2837
2005-03-30,111.8263
2005-03-31,112.8555
2005-04-01,113.2173
2005-04-04,112.3628
2005-04-05,113.3234
2005-04-06,113.6539
2005-04-07,114.5397
2005-04-08,114.0719
2005-04-11,113.6976
2005-04-12,113.6228
2005-04-13,113.2111
2005-04-14,111.5332
2005-04-15,109.768
2005-04-18,109.007
2005-04-19,110.5227
2005-04-20,109.9551
2005-04-21,111.0778
2005-04-22,111.1527
2005-04-25,111.8263
2005-04-26,111.2774
2005-04-27,111.3336
2005-04-28,110.3792
2005-04-29,110.4603
2005-05-02,110.8658
2005-05-03,110.9718
2005-05-04,112.132
2005-05-05,112.3628
2005-05-06,112.6497
2005-05-09,112.6497
2005-05-10,112.5
2005-05-11,112.6123
2005-05-12,111.895
2005-05-13,111.1402
2005-05-16,111.1277
2005-05-17,111.2463
2005-05-18,113.0489
2005-05-19,113.1861
2005-05-20,112.9928
2005-05-23,113.4855
2005-05-24,113.9034
2005-05-25,113.2173
2005-05-26,114.9825
2005-05-27,115.3505
2005-05-31,115.1884
2005-06-01,115.7248
2005-06-02,116.1614
2005-06-03,115.8683
2005-06-06,116.3985
2005-06-07,116.6979
2005-06-08,117.6522
2005-06-09,117.2592
2005-06-10,117.2592
2005-06-13,117.1594
2005-06-14,118.0389
2005-06-15,118.5878
2005-06-16,119.7542
2005-06-17,120.7959
2005-06-20,120.3031
2005-06-21,121.0454
2005-06-22,120.8396
2005-06-23,120.2158
2005-06-24,119.5796
2005-06-27,119.1866
2005-06-28,120.5714
2005-06-29,120.6462
2005-06-30,120.6025
2005-07-01,120.0536
2005-07-05,120.746
2005-07-06,120.6587
2005-07-07,119.9414
2005-07-08,121.3074
2005-07-11,123.0664
2005-07-12,123.5591
2005-07-13,123.3034
2005-07-14,123.0352
2005-07-15,122.5736
2005-07-18,122.4551
2005-07-19,122.9541
2005-07-20,123.5716
2005-07-21,123.9833
2005-07-22,124.2702
2005-07-25,123.9895
2005-07-26,124.133
2005-07-27,124.6757
2005-07-28,125.237
2005-07-29,125.2121
2005-08-01,126.0292
2005-08-02,127.0022
2005-08-03,127.0459
2005-08-04,126.0354
2005-08-05,125.0936
2005-08-08,124.9314
2005-08-09,125.4304
2005-08-10,126.3224
2005-08-11,127.4451
2005-08-12,127.0147
2005-08-15,126.8089
2005-08-16,126.2475
2005-08-17,125.5427
2005-08-18,124.5571
2005-08-19,124.9127
2005-08-22,126.3099
2005-08-23,126.0105
2005-08-24,126.3598
2005-08-25,126.9212
2005-08-26,126.8214
2005-08-29,126.2974
2005-08-30,126.7153
2005-08-31,126.9523
2005-09-01,129.3475
2005-09-02,130.252
2005-09-06,131.855
2005-09-07,132.2667
2005-09-08,132.1732
2005-09-09,133.7575
2005-09-12,134.1442
2005-09-13,133.0901
2005-09-14,133.0838
2005-09-15,132.8717
2005-09-16,132.8468
2005-09-19,133.009
2005-09-20,133.9633
2005-09-21,133.246
2005-09-22,132.2043
2005-09-23,132.5724
2005-09-26,133.9883
2005-09-27,133.508
2005-09-28,133.9633
2005-09-29,136.2338
2005-09-30,136.9885
2005-10-03,136.8887
2005-10-04,136.6018
2005-10-05,134.6682
2005-10-06,132.4538
2005-10-07,132.3728
2005-10-10,131.1564
2005-10-11,129.9775
2005-10-12,128.7487
2005-10-13,126.3286
2005-10-14,127.5137
2005-10-17,127.9379
2005-10-18,126.0479
2005-10-19,124.9626
2005-10-20,123.8585
2005-10-21,123.9895
2005-10-24,125.2807
2005-10-25,125.9169
2005-10-26,125.4741
2005-10-27,123.2348
2005-10-28,123.2909
2005-10-31,125.1747
2005-11-01,125.3493
2005-11-02,126.522
2005-11-03,127.3204
2005-11-04,127.1707
2005-11-07,127.5013
2005-11-08,127.2892
2005-11-09,127.364
2005-11-10,127.0896
2005-11-11,127.5574
2005-11-14,127.2393
2005-11-15,127.3578
2005-11-16,126.6779
2005-11-17,128.5741
2005-11-18,129.2602
2005-11-21,130.4516
2005-11-22,130.6138
2005-11-23,131.4808
2005-11-25,130.6761
2005-11-28,130.62
2005-11-29,129.6532
2005-11-30,129.6033
2005-12-01,131.3248
2005-12-02,131.3124
2005-12-05,131.1003
2005-12-06,131.4122
2005-12-07,130.9756
2005-12-08,131.4995
2005-12-09,132.7657
2005-12-12,134.2191
2005-12-13,134.4374
2005-12-14,134.8865
2005-12-15,134.0007
2005-12-16,134.3812
2005-12-19,133.3458
2005-12-20,133.4643
2005-12-21,134.0569
2005-12-22,135.1547
2005-12-23,135.1796
2005-12-27,134.113
2005-12-28,135.6911
2005-12-29,135.6662
2005-12-30,134.8865
2006-01-03,137.606
2006-01-04,140.5127
2006-01-05,141.2363
2006-01-06,142.0659
2006-01-09,143.1699
2006-01-10,143.1138
2006-01-11,144.7605
2006-01-12,145.64
2006-01-13,146.5631
2006-01-17,146.0267
2006-01-18,146.8126
2006-01-19,148.4281
2006-01-20,148.503
2006-01-23,150.1809
2006-01-24,150.8857
2006-01-25,151.2101
2006-01-26,153.0751
2006-01-27,154.017
2006-01-30,154.99
2006-01-31,157.7595
2006-02-01,158.2834
2006-02-02,159.9863
2006-02-03,158.982
2006-02-06,159.4873
2006-02-07,158.4019
2006-02-08,157.3166
2006-02-09,158.745
2006-02-10,158.4768
2006-02-13,158.6951
2006-02-14,157.6347
2006-02-15,157.5741
2006-02-16,157.649
2006-02-17,156.4887
2006-02-21,159.0088
2006-02-22,159.9845
2006-02-23,161.2201
2006-02-24,162.3059
2006-02-27,164.4651
2006-02-28,163.4915
2006-03-01,164.6398
2006-03-02,164.9427
2006-03-03,164.0107
2006-03-06,163.6236
2006-03-07,159.9591
2006-03-08,157.7875
2006-03-09,157.981
2006-03-10,160.0586
2006-03-13,161.9258
2006-03-14,163.3559
2006-03-15,164.4238
2006-03-16,165.2481
2006-03-17,165.8867
2006-03-20,166.4308
2006-03-21,165.8742
2006-03-22,165.9326
2006-03-23,165.7386
2006-03-24,167.2523
2006-03-27,168.0216
2006-03-28,167.2204
2006-03-29,169.415
2006-03-30,171.4245
2006-03-31,169.3587
2006-04-03,170.6483
2006-04-04,171.5372
2006-04-05,174.1413
2006-04-06,174.7736
2006-04-07,173.0459
2006-04-10,171.9378
2006-04-11,171.0051
2006-04-12,171.1929
2006-04-13,171.9621
2006-04-17,173.4586
2006-04-18,176.8275
2006-04-19,180.929
2006-04-20,180.4531
2006-04-21,181.2484
2006-04-24,182.1188
2006-04-25,180.8602
2006-04-26,181.6881
2006-04-27,178.2314
2006-04-28,178.9862
2006-05-01,179.4558
2006-05-02,172.5855
2006-05-03,175.5541
2006-05-04,179.03
2006-05-05,187.8794
2006-05-08,194.4366
2006-05-09,194.017
2006-05-10,194.6245
2006-05-11,192.0004
2006-05-12,188.5683
2006-05-15,181.5602
2006-05-16,180.7209
2006-05-17,175.7991
2006-05-18,171.2208
2006-05-19,169.8469
2006-05-22,163.0263
2006-05-23,166.5461
2006-05-24,164.6858
2006-05-25,155.6092
2006-05-26,165.0992
2006-05-30,166.9716
2006-05-31,167.454
2006-06-01,167.2686
2006-06-02,169.5245
2006-06-05,167.094
2006-06-06,162.6583
2006-06-07,161.2507
2006-06-08,155.3878
2006-06-09,157.2063
2006-06-12,150.0831
2006-06-13,143.9318
2006-06-14,145.0604
2006-06-15,151.7071
2006-06-16,151.3246
2006-06-19,150.5157
2006-06-20,150.1709
2006-06-21,151.7196
2006-06-22,152.4721
2006-06-23,152.5223
2006-06-26,152.7012
2006-06-27,154.8403
2006-06-28,154.0562
2006-06-29,158.4193
2006-06-30,162.3035
2006-07-03,164.0083
2006-07-05,162.66
2006-07-06,162.917
2006-07-07,161.8691
2006-07-10,160.9146
2006-07-11,160.1359
2006-07-12,158.3588
2006-07-13,154.5659
2006-07-14,152.9081
2006-07-17,150.1891
2006-07-18,149.2094
2006-07-19,152.3555
2006-07-20,153.146
2006-07-21,150.9978
2006-07-24,152.9513
2006-07-25,154.1887
2006-07-26,154.8797
2006-07-27,155.6334
2006-07-28,157.0342
2006-07-31,158.4349
2006-08-01,157.7565
2006-08-02,160.0132
2006-08-03,160.0823
2006-08-04,160.12
2006-08-07,158.4365
2006-08-08,158.7317
2006-08-09,157.4314
2006-08-10,158.3737
2006-08-11,157.8021
2006-08-14,157.5792
2006-08-15,160.0417
2006-08-16,162.4299
2006-08-17,162.4802
2006-08-18,162.6122
2006-08-21,162.3085
2006-08-22,162.5724
2006-08-23,161.2584
2006-08-24,160.6548
2006-08-25,160.944
2006-08-28,161.0258
2006-08-29,162.1878
2006-08-30,163.4517
2006-08-31,163.8477
2006-09-01,162.6257
2006-09-05,164.9586
2006-09-06,162.9597
2006-09-07,160.2557
2006-09-08,160.4695
2006-09-11,157.8739
2006-09-12,158.1256
2006-09-13,160.2271
2006-09-14,160.5353
2006-09-15,159.8355
2006-09-18,160.6347
2006-09-19,159.351
2006-09-20,158.5142
2006-09-21,158.1869
2006-09-22,156.142
2006-09-25,155.5631
2006-09-26,157.3109
2006-09-27,160.3401
2006-09-28,161.234
2006-09-29,161.2655
2006-10-02,161.4103
2006-10-03,159.0495
2006-10-04,159.1943
2006-10-05,160.6675
2006-10-06,158.5207
2006-10-09,160.1387
2006-10-10,161.1837
2006-10-11,160.9445
2006-10-12,162.6128
2006-10-13,163.7271
2006-10-16,165.8424
2006-10-17,164.9862
2006-10-18,164.9736
2006-10-19,166.0127
2006-10-20,166.7117
2006-10-23,166.8817
2006-10-24,167.2407
2006-10-25,168.4392
2006-10-26,169.9066
2006-10-27,168.9934
2006-10-30,168.0803
2006-10-31,169.1572
2006-11-01,167.8472
2006-11-02,166.2791
2006-11-03,166.235
2006-11-06,168.1117
2006-11-07,169.6987
2006-11-08,170.1018
2006-11-09,170.7316
2006-11-10,170.2277
2006-11-13,170.3663
2006-11-14,173.194
2006-11-15,174.5986
2006-11-16,174.1451
2006-11-17,172.514
2006-11-20,172.6652
2006-11-21,173.2824
2006-11-22,177.6468
2006-11-24,177.4831
2006-11-27,175.1591
2006-11-28,175.4638
2006-11-29,178.9386
2006-11-30,179.6819
2006-12-01,179.5937
2006-12-04,180.8535
2006-12-05,182.1762
2006-12-06,181.0046
2006-12-07,180.4818
2006-12-08,179.4866
2006-12-11,179.9842
2006-12-12,179.6441
2006-12-13,180.1166
2006-12-14,180.6583
2006-12-15,181.9182
2006-12-18,181.0489
2006-12-19,180.23
2006-12-20,181.7292
2006-12-21,180.7507
2006-12-22,179.7108
2006-12-26,179.7171
2006-12-27,181.2171
2006-12-28,181.6897
2006-12-29,181.6709
2007-01-03,182.7887
2007-01-04,180.9037
2007-01-05,178.1045
2007-01-08,179.3717
2007-01-09,180.5381
2007-01-10,178.8359
2007-01-11,180.7335
2007-01-12,181.8809
2007-01-16,184.4037
2007-01-17,184.3242
2007-01-18,183.7377
2007-01-19,183.9331
2007-01-22,187.3261
2007-01-23,188.7955
2007-01-24,190.283
2007-01-25,188.4224
2007-01-26,188.3846
2007-01-29,190.4596
2007-01-30,191.1912
2007-01-31,191.8345
2007-02-01,194.1681
2007-02-02,194.4267
2007-02-05,197.5172
2007-02-06,198.0343
2007-02-07,199.9706
2007-02-08,198.5074
2007-02-09,202.1213
2007-02-12,200.6959
2007-02-13,202.5294
2007-02-14,206.238
2007-02-15,205.8217
2007-02-16,206.3389
2007-02-20,208.4518
2007-02-21,208.4184
2007-02-22,209.964
2007-02-23,210.3867
2007-02-26,213.352
2007-02-27,204.614
2007-02-28,202.3302
2007-03-01,200.0336
2007-03-02,199.2513
2007-03-05,192.7278
2007-03-06,196.7971
2007-03-07,199.1084
2007-03-08,203.0455
2007-03-09,203.5322
2007-03-12,207.1209
2007-03-13,203.0372
2007-03-14,199.1178
2007-03-15,203.1004
2007-03-16,204.015
2007-03-19,205.5995
2007-03-20,207.7077
2007-03-21,210.4751
2007-03-22,212.3376
2007-03-23,212.9628
2007-03-26,213.0385
2007-03-27,213.142
2007-03-28,211.8459
2007-03-29,214.1848
2007-03-30,214.5328
2007-04-02,215.0327
2007-04-03,217.0957
2007-04-04,219.3676
2007-04-05,220.0447
2007-04-09,220.7851
2007-04-10,224.0568
2007-04-11,222.8291
2007-04-12,223.2088
2007-04-13,223.8606
2007-04-16,226.7779
2007-04-17,226.4235
2007-04-18,226.4117
2007-04-19,224.7787
2007-04-20,226.7536
2007-04-23,226.7662
2007-04-24,225.6522
2007-04-25,227.3802
2007-04-26,228.1497
2007-04-27,227.9598
2007-04-30,225.5416
2007-05-01,224.1742
2007-05-02,225.2188
2007-05-03,223.5032
2007-05-04,226.5102
2007-05-07,227.5908
2007-05-08,225.6925
2007-05-09,226.5219
2007-05-10,224.4832
2007-05-11,225.5722
2007-05-14,226.1293
2007-05-15,225.7431
2007-05-16,226.142
2007-05-17,226.1673
2007-05-18,226.4724
2007-05-21,227.8466
2007-05-22,230.3165
2007-05-23,231.6526
2007-05-24,228.7017
2007-05-25,229.3144
2007-05-29,231.4296
2007-05-30,229.8318
2007-05-31,232.2834
2007-06-01,234.83
2007-06-04,235.2481
2007-06-05,236.6924
2007-06-06,232.7879
2007-06-07,229.3288
2007-06-08,227.8717
2007-06-11,229.6635
2007-06-12,227.7559
2007-06-13,229.3537
2007-06-14,233.2889
2007-06-15,236.9524
2007-06-18,237.3707
2007-06-19,236.6292
2007-06-20,237.1466
2007-06-21,235.8663
2007-06-22,237.0135
2007-06-25,234.9955
2007-06-26,234.4309
2007-06-27,234.4373
2007-06-28,237.0255
2007-06-29,239.3728
2007-07-02,246.1202
2007-07-03,248.1842
2007-07-05,247.4499
2007-07-06,249.9826
2007-07-09,254.9211
2007-07-10,254.3498
2007-07-11,253.8103
2007-07-12,256.8571
2007-07-13,258.1012
2007-07-16,257.1999
2007-07-17,256.235
2007-07-18,254.9017
2007-07-19,257.7649
2007-07-20,256.2603
2007-07-23,257.7014
2007-07-24,254.0446
2007-07-25,251.6766
2007-07-26,246.693
2007-07-27,243.7091
2007-07-30,247.9787
2007-07-31,248.8613
2007-08-01,245.0007
2007-08-02,244.696
2007-08-03,240.8418
2007-08-06,238.5813
2007-08-07,243.1975
2007-08-08,252.6902
2007-08-09,251.706
2007-08-10,242.7847
2007-08-13,240.4164
2007-08-14,235.3684
2007-08-15,228.46
2007-08-16,217.1385
2007-08-17,219.1324
2007-08-20,224.014
2007-08-21,225.3157
2007-08-22,230.296
2007-08-23,231.7701
2007-08-24,233.9647
2007-08-27,234.2443
2007-08-28,228.9449
2007-08-29,231.3341
2007-08-30,233.2594
2007-08-31,238.349
2007-09-04,243.0892
2007-09-05,239.7052
2007-09-06,240.8109
2007-09-07,236.9662
2007-09-10,235.0788
2007-09-11,238.6185
2007-09-12,237.3698
2007-09-13,236.7914
2007-09-14,236.5498
2007-09-17,234.0325
2007-09-18,239.0544
2007-09-19,246.0151
2007-09-20,247.7314
2007-09-21,251.4438
2007-09-24,253.3826
2007-09-25,255.3111
2007-09-26,258.2866
2007-09-27,258.8969
2007-09-28,259.5455
2007-10-01,263.3666
2007-10-02,264.3648
2007-10-03,262.7054
2007-10-04,262.7181
2007-10-05,267.6646
2007-10-08,264.3966
2007-10-09,267.671
2007-10-10,269.7755
2007-10-11,270.7292
2007-10-12,270.2459
2007-10-15,270.6656
2007-10-16,268.0397
2007-10-17,271.5112
2007-10-18,272.7319
2007-10-19,267.6392
2007-10-22,265.3376
2007-10-23,270.9454
2007-10-24,270.9517
2007-10-25,273.7301
2007-10-26,278.1998
2007-10-29,285.1491
2007-10-30,282.8729
2007-10-31,287.2536
2007-11-01,285.6831
2007-11-02,284.4688
2007-11-05,281.5123
2007-11-06,290.9285
2007-11-07,291.8186
2007-11-08,294.0439
2007-11-09,285.1364
2007-11-12,274.9508
2007-11-13,273.1706
2007-11-14,277.1126
2007-11-15,273.9272
2007-11-16,273.1134
2007-11-19,263.0742
2007-11-20,264.0978
2007-11-21,256.3855
2007-11-23,259.9842
2007-11-26,261.8076
2007-11-27,260.7839
2007-11-28,267.7079
2007-11-29,274.3648
2007-11-30,276.7238
2007-12-03,275.6492
2007-12-04,273.7481
2007-12-05,279.6612
2007-12-06,280.99
2007-12-07,286.388
2007-12-10,290.2601
2007-12-11,286.3499
2007-12-12,288.7415
2007-12-13,286.6178
2007-12-14,286.4588
2007-12-17,275.929
2007-12-18,278.7077
2007-12-19,279.884
2007-12-20,280.7615
2007-12-21,285.2919
2007-12-24,287.3985
2007-12-26,292.4199
2007-12-27,291.4589
2007-12-28,291.1852
2007-12-31,289.696
2008-01-02,290.5529
2008-01-03,291.2786
2008-01-04,284.6775
2008-01-07,276.8477
2008-01-08,277.7962
2008-01-09,271.4815
2008-01-10,266.1471
2008-01-11,263.098
2008-01-14,265.7143
2008-01-15,253.7279
2008-01-16,242.5672
2008-01-17,239.1484
2008-01-18,234.4689
2008-01-22,223.6203
2008-01-23,222.5252
2008-01-24,231.8968
2008-01-25,236.78
2008-01-28,234.9782
2008-01-29,239.3139
2008-01-30,236.9646
2008-01-31,236.9837
2008-02-01,242.6436
2008-02-04,246.8902
2008-02-05,236.7163
2008-02-06,231.1901
2008-02-07,225.8804
2008-02-08,227.0137
2008-02-11,228.6053
2008-02-12,232.126
2008-02-13,240.0461
2008-02-14,241.0392
2008-02-15,237.835
2008-02-19,239.7832
2008-02-20,235.7798
2008-02-21,237.8496
2008-02-22,235.8626
2008-02-25,238.3591
2008-02-26,240.6327
2008-02-27,241.8682
2008-02-28,239.3463
2008-02-29,235.5381
2008-03-03,232.7406
2008-03-04,231.6701
2008-03-05,236.7105
2008-03-06,234.6727
2008-03-07,229.6755
2008-03-10,223.6268
2008-03-11,229.4346
2008-03-12,233.5971
2008-03-13,232.9084
2008-03-14,231.7745
2008-03-17,224.651
2008-03-18,230.4927
2008-03-19,224.5681
2008-03-20,222.3104
2008-03-24,225.5693
2008-03-25,234.0258
2008-03-26,235.3059
2008-03-27,238.6442
2008-03-28,238.1783
2008-03-31,238.5485
2008-04-01,240.9485
2008-04-02,245.3376
2008-04-03,246.571
2008-04-04,257.1345
2008-04-07,254.8467
2008-04-08,251.9326
2008-04-09,249.99
2008-04-10,249.6193
2008-04-11,246.6477
2008-04-14,244.1874
2008-04-15,246.456
2008-04-16,255.6711
2008-04-17,253.5303
2008-04-18,254.6614
2008-04-21,256.9108
2008-04-22,256.9822
2008-04-23,259.9731
2008-04-24,257.0589
2008-04-25,256.8353
2008-04-28,259.0145
2008-04-29,254.5415
2008-04-30,255.8724
2008-05-01,254.7602
2008-05-02,256.0066
2008-05-05,254.3192
2008-05-06,255.7829
2008-05-07,253.532
2008-05-08,258.9522
2008-05-09,256.9835
2008-05-12,259.4061
2008-05-13,260.9211
2008-05-14,265.415
2008-05-15,267.2209
2008-05-16,271.5198
2008-05-19,275.6692
2008-05-20,273.3228
2008-05-21,273.3932
2008-05-22,273.3267
2008-05-23,272.2269
2008-05-27,266.4532
2008-05-28,267.4442
2008-05-29,263.2882
2008-05-30,270.5964
2008-06-02,273.544
2008-06-03,274.0236
2008-06-04,271.6515
2008-06-05,274.4039
2008-06-06,271.6735
2008-06-09,268.4047
2008-06-10,262.5893
2008-06-11,260.2862
2008-06-12,257.7143
2008-06-13,260.8427
2008-06-16,267.7841
2008-06-17,272.32
2008-06-18,270.0617
2008-06-19,273.3372
2008-06-20,269.5776
2008-06-23,267.9716
2008-06-24,265.7553
2008-06-25,267.427
2008-06-26,260.9644
2008-06-27,256.4553
2008-06-30,254.1367
2008-07-01,248.479
2008-07-02,243.1241
2008-07-03,240.3365
2008-07-07,242.5025
2008-07-08,239.9456
2008-07-09,239.5867
2008-07-10,240.0994
2008-07-11,239.2279
2008-07-14,239.5739
2008-07-15,236.6325
2008-07-16,239.1574
2008-07-17,243.6047
2008-07-18,243.7713
2008-07-21,249.6221
2008-07-22,248.129
2008-07-23,248.0521
2008-07-24,239.9263
2008-07-25,239.042
2008-07-28,236.6966
2008-07-29,239.5099
2008-07-30,243.0024
2008-07-31,241.8745
2008-08-01,238.0424
2008-08-04,234.082
2008-08-05,233.9667
2008-08-06,235.9981
2008-08-07,234.7997
2008-08-08,233.2425
2008-08-11,233.8834
2008-08-12,232.1339
2008-08-13,231.1705
2008-08-14,231.6001
2008-08-15,232.8663
2008-08-18,230.6473
2008-08-19,228.8837
2008-08-20,232.9432
2008-08-21,234.7453
2008-08-22,237.6568
2008-08-25,235.951
2008-08-26,232.9817
2008-08-27,236.1882
2008-08-28,238.901
2008-08-29,239.1383
2008-09-02,232.8663
2008-09-03,226.8764
2008-09-04,218.8215
2008-09-05,214.7332
2008-09-08,215.5195
2008-09-09,203.4928
2008-09-10,200.9094
2008-09-11,198.5604
2008-09-12,204.5162
2008-09-15,195.1526
2008-09-16,194.2477
2008-09-17,189.0236
2008-09-18,194.4402
2008-09-19,206.5249
2008-09-22,204.6381
2008-09-23,200.1264
2008-09-24,201.1982
2008-09-25,203.2615
2008-09-26,197.4397
2008-09-29,180.2312
2008-09-30,177.638
2008-10-01,177.3646
2008-10-02,167.1251
2008-10-03,164.7113
2008-10-06,148.3152
2008-10-07,139.7192
2008-10-08,132.7538
2008-10-09,129.7557
2008-10-10,124.299
2008-10-13,140.2456
2008-10-14,143.0447
2008-10-15,131.1039
2008-10-16,127.9454
2008-10-17,129.8264
2008-10-20,134.5834
2008-10-21,131.5725
2008-10-22,119.9014
2008-10-23,113.2442
2008-10-24,105.1233
2008-10-27,97.47093
2008-10-28,100.8413
2008-10-29,106.5035
2008-10-30,113.2506
2008-10-31,115.4654
2008-11-03,120.1711
2008-11-04,131.9706
2008-11-05,125.8975
2008-11-06,113.9183
2008-11-07,116.8521
2008-11-10,117.3336
2008-11-11,111.6842
2008-11-12,104.0447
2008-11-13,105.9963
2008-11-14,104.9884
2008-11-17,103.0139
2008-11-18,100.767
2008-11-19,94.469
2008-11-20,86.9128
2008-11-21,87.74738
2008-11-24,96.61327
2008-11-25,99.33271
2008-11-26,102.1512
2008-11-28,105.5731
2008-12-01,97.41953
2008-12-02,99.71794
2008-12-03,100.9827
2008-12-04,99.57672
2008-12-05,98.49813
2008-12-08,105.8877
2008-12-09,103.2618
2008-12-10,105.4089
2008-12-11,105.486
2008-12-12,104.9923
2008-12-15,105.7822
2008-12-16,109.764
2008-12-17,114.2725
2008-12-18,114.9404
2008-12-19,112.8724
2008-12-22,111.3504
2008-12-23,110.6692
2008-12-24,110.4444
2008-12-26,111.5302
2008-12-29,112.6674
2008-12-30,114.113
2008-12-31,114.3572
2009-01-02,120.1075
2009-01-05,123.1786
2009-01-06,124.0845
2009-01-07,121.688
2009-01-08,121.6944
2009-01-09,120.2103
2009-01-12,115.1474
2009-01-13,112.3205
2009-01-14,107.9066
2009-01-15,108.3627
2009-01-16,111.3503
2009-01-20,104.4242
2009-01-21,105.6707
2009-01-22,103.6083
2009-01-23,102.8822
2009-01-26,106.3787
2009-01-27,108.2874
2009-01-28,111.1537
2009-01-29,108.538
2009-01-30,107.1435
2009-02-02,104.3736
2009-02-03,106.3081
2009-02-04,107.844
2009-02-05,108.0239
2009-02-06,110.9257
2009-02-09,113.4645
2009-02-10,110.5722
2009-02-11,109.2288
2009-02-12,107.5705
2009-02-13,109.1517
2009-02-17,102.8784
2009-02-18,101.0959
2009-02-19,100.8902
2009-02-20,97.63773
2009-02-23,95.40083
2009-02-24,96.77638
2009-02-25,94.77164
2009-02-26,95.23441
2009-02-27,93.65961
2009-03-02,88.6459
2009-03-03,87.68819
2009-03-04,91.39059
2009-03-05,87.58221
2009-03-06,86.74601
2009-03-09,85.11253
2009-03-10,90.09
2009-03-11,90.74757
2009-03-12,91.53636
2009-03-13,93.15644
2009-03-16,94.71962
2009-03-17,94.56525
2009-03-18,95.65244
2009-03-19,99.47362
2009-03-20,97.40862
2009-03-23,102.2463
2009-03-24,101.9825
2009-03-25,103.7451
2009-03-26,109.6423
2009-03-27,108.13
2009-03-30,103.0524
2009-03-31,104.2426
2009-04-01,106.4335
2009-04-02,112.2474
2009-04-03,113.6768
2009-04-06,113.7733
2009-04-07,110.4189
2009-04-08,111.1193
2009-04-09,115.5211
2009-04-13,116.0415
2009-04-14,116.9183
2009-04-15,116.6669
2009-04-16,118.356
2009-04-17,118.1432
2009-04-20,112.5342
2009-04-21,113.5593
2009-04-22,116.7958
2009-04-23,118.1882
2009-04-24,121.2901
2009-04-27,119.0778
2009-04-28,117.2396
2009-04-29,122.9993
2009-04-30,126.8696
2009-05-01,127.0245
2009-05-04,135.1469
2009-05-05,135.6631
2009-05-06,138.0888
2009-05-07,137.4681
2009-05-08,139.1523
2009-05-11,138.0036
2009-05-12,136.5453
2009-05-13,129.946
2009-05-14,131.1337
2009-05-15,132.4568
2009-05-18,134.1634
2009-05-19,138.9914
2009-05-20,143.0384
2009-05-21,139.4915
2009-05-22,141.3249
2009-05-26,143.5997
2009-05-27,145.8988
2009-05-28,144.7302
2009-05-29,147.9454
2009-06-01,152.1355
2009-06-02,152.0516
2009-06-03,147.9067
2009-06-04,149.6241
2009-06-05,149.6425
2009-06-08,146.4078
2009-06-09,148.6321
2009-06-10,151.3137
2009-06-11,153.8147
2009-06-12,151.5389
2009-06-15,146.774
2009-06-16,145.1836
2009-06-17,141.66
2009-06-18,141.8217
2009-06-19,142.966
2009-06-22,137.3865
2009-06-23,137.3736
2009-06-24,141.8083
2009-06-25,142.145
2009-06-26,143.5822
2009-06-29,143.0643
2009-06-30,142.5852
2009-07-01,144.8325
2009-07-02,141.9434
2009-07-06,136.8907
2009-07-07,134.4096
2009-07-08,132.4339
2009-07-09,133.7877
2009-07-10,132.0063
2009-07-13,133.8784
2009-07-14,134.1829
2009-07-15,139.4019
2009-07-16,140.8078
2009-07-17,140.8532
2009-07-20,143.7363
2009-07-21,146.1724
2009-07-22,146.1271
2009-07-23,148.2587
2009-07-24,152.0553
2009-07-27,153.4872
2009-07-28,150.9734
2009-07-29,148.168
2009-07-30,151.4686
2009-07-31,151.676
2009-08-03,156.2048
2009-08-04,155.9457
2009-08-05,154.5851
2009-08-06,153.7557
2009-08-07,153.1597
2009-08-10,154.151
2009-08-11,152.1554
2009-08-12,152.6608
2009-08-13,153.1662
2009-08-14,151.6267
2009-08-17,145.2317
2009-08-18,146.7349
2009-08-19,147.5772
2009-08-20,148.7758
2009-08-21,150.4799
2009-08-24,151.996
2009-08-25,152.5273
2009-08-26,151.5365
2009-08-27,150.0599
2009-08-28,152.3406
2009-08-31,149.697
2009-09-01,146.5611
2009-09-02,144.4812
2009-09-03,146.7554
2009-09-04,149.1807
2009-09-08,156.7428
2009-09-09,158.6156
2009-09-10,159.7562
2009-09-11,159.7885
2009-09-14,159.4386
2009-09-15,161.7003
2009-09-16,165.1997
2009-09-17,166.3467
2009-09-18,167.2476
2009-09-21,164.0551
2009-09-22,165.4485
2009-09-23,164.23
2009-09-24,159.7709
2009-09-25,159.1277
2009-09-28,159.9963
2009-09-29,159.8472
2009-09-30,160.669
2009-10-01,156.0662
2009-10-02,152.8443
2009-10-05,154.7826
2009-10-06,158.8992
2009-10-07,159.178
2009-10-08,160.6365
2009-10-09,160.831
2009-10-12,162.3026
2009-10-13,161.3367
2009-10-14,162.8456
2009-10-15,162.4566
2009-10-16,159.993
2009-10-19,162.1909
2009-10-20,161.9639
2009-10-21,162.0223
2009-10-22,160.6349
2009-10-23,159.1567
2009-10-26,157.5424
2009-10-27,155.5585
2009-10-28,150.6896
2009-10-29,153.419
2009-10-30,150.0089
2009-11-02,148.8419
2009-11-03,148.427
2009-11-04,150.1904
2009-11-05,152.5892
2009-11-06,152.6216
2009-11-09,156.4078
2009-11-10,154.6573
2009-11-11,155.7335
2009-11-12,153.7627
2009-11-13,155.1112
2009-11-16,158.8877
2009-11-17,156.4953
2009-11-18,157.6947
2009-11-19,155.1533
2009-11-20,154.103
2009-11-23,157.1437
2009-11-24,155.8081
2009-11-25,157.1571
2009-11-27,153.5654
2009-11-30,154.5184
2009-12-01,158.914
2009-12-02,159.5494
2009-12-03,159.7179
2009-12-04,160.1977
2009-12-07,161.8187
2009-12-08,160.3598
2009-12-09,159.1077
2009-12-10,158.2258
2009-12-11,157.7667
2009-12-14,159.5889
2009-12-15,159.7251
2009-12-16,160.5876
2009-12-17,156.9172
2009-12-18,156.0872
2009-12-21,157.9548
2009-12-22,158.6551
2009-12-23,159.9002
2009-12-24,160.0753
2009-12-28,160.8275
2009-12-29,161.6197
2009-12-30,160.9452
2009-12-31,161.2954
2010-01-04,165.0703
2010-01-05,167.1199
2010-01-06,167.1523
2010-01-07,166.9902
2010-01-08,167.4832
2010-01-11,169.1306
2010-01-12,167.1523
2010-01-13,166.2119
2010-01-14,165.6346
2010-01-15,161.6133
2010-01-19,160.7377
2010-01-20,157.287
2010-01-21,154.0376
2010-01-22,150.5805
2010-01-25,150.9502
2010-01-26,149.1989
2010-01-27,147.0196
2010-01-28,145.7723
2010-01-29,144.3128
2010-02-01,145.675
2010-02-02,147.1799
2010-02-03,147.3226
2010-02-04,141.076
2010-02-05,139.1236
2010-02-08,137.2684
2010-02-09,139.4414
2010-02-10,138.689
2010-02-11,139.6879
2010-02-12,139.7139
2010-02-16,141.7441
2010-02-17,142.0025
2010-02-18,142.5733
2010-02-19,140.9387
2010-02-22,141.3797
2010-02-23,139.544
2010-02-24,139.4952
2010-02-25,137.4194
2010-02-26,138.0033
2010-03-01,138.7168
2010-03-02,139.6509
2010-03-03,142.3429
2010-03-04,141.2156
2010-03-05,143.2918
2010-03-08,143.48
2010-03-09,143.2075
2010-03-10,144.7491
2010-03-11,145.1579
2010-03-12,145.5492
2010-03-15,144.1024
2010-03-16,145.0369
2010-03-17,146.4581
2010-03-18,145.1862
2010-03-19,143.6611
2010-03-22,143.2977
2010-03-23,144.8617
2010-03-24,143.8169
2010-03-25,143.8818
2010-03-26,144.5848
2010-03-29,145.6791
2010-03-30,144.8539
2010-03-31,144.8215
2010-04-01,145.7571
2010-04-05,146.4524
2010-04-06,146.4799
2010-04-07,147.9616
2010-04-08,146.863
2010-04-09,147.9246
2010-04-12,149.2963
2010-04-13,149.3223
2010-04-14,151.2075
2010-04-15,151.767
2010-04-16,148.4233
2010-04-19,146.1465
2010-04-20,148.1891
2010-04-21,146.862
2010-04-22,146.3946
2010-04-23,147.2405
2010-04-26,147.7219
2010-04-27,144.4586
2010-04-28,141.6929
2010-04-29,144.6929
2010-04-30,143.9966
2010-05-03,144.5173
2010-05-04,139.1418
2010-05-05,135.2177
2010-05-06,129.9985
2010-05-07,126.2435
2010-05-10,133.6949
2010-05-11,131.3847
2010-05-12,133.6488
2010-05-13,133.8134
2010-05-14,130.2051
2010-05-17,127.3215
2010-05-18,126.2866
2010-05-19,123.2141
2010-05-20,118.944
2010-05-21,121.1836
2010-05-24,119.7643
2010-05-25,116.1639
2010-05-26,118.0805
2010-05-27,123.3737
2010-05-28,123.0316
2010-06-01,121.2538
2010-06-02,121.3059
2010-06-03,123.4484
2010-06-04,120.2574
2010-06-07,116.5844
2010-06-08,115.8355
2010-06-09,116.5337
2010-06-10,119.5632
2010-06-11,121.9094
2010-06-14,124.265
2010-06-15,127.0545
2010-06-16,127.0417
2010-06-17,127.3448
2010-06-18,127.7294
2010-06-21,129.0008
2010-06-22,126.7841
2010-06-23,126.0734
2010-06-24,124.1925
2010-06-25,124.2055
2010-06-28,123.7947
2010-06-29,118.4531
2010-06-30,118.3423
2010-07-01,118.3439
2010-07-02,119.4648
2010-07-06,122.5345
2010-07-07,124.801
2010-07-08,127.0035
2010-07-09,128.0108
2010-07-12,126.7597
2010-07-13,128.5263
2010-07-14,129.0759
2010-07-15,129.0367
2010-07-16,126.7988
2010-07-19,126.9165
2010-07-20,127.8
2010-07-21,127.2568
2010-07-22,130.6923
2010-07-23,131.7655
2010-07-26,133.637
2010-07-27,133.1266
2010-07-28,132.7619
2010-07-29,132.8469
2010-07-30,130.9041
2010-08-02,133.874
2010-08-03,133.6776
2010-08-04,133.6711
2010-08-05,133.9198
2010-08-06,134.0901
2010-08-09,135.6418
2010-08-10,132.8592
2010-08-11,127.8505
2010-08-12,126.9535
2010-08-13,126.1387
2010-08-16,127.0357
2010-08-17,129.4255
2010-08-18,128.5678
2010-08-19,126.0012
2010-08-20,123.3363
2010-08-23,122.6095
2010-08-24,120.5929
2010-08-25,120.1083
2010-08-26,121.0381
2010-08-27,122.7382
2010-08-30,122.0245
2010-08-31,121.9852
2010-09-01,125.8609
2010-09-02,127.3801
2010-09-03,128.5916
2010-09-07,127.1051
2010-09-08,127.7294
2010-09-09,128.6266
2010-09-10,128.4039
2010-09-13,130.7484
2010-09-14,131.829
2010-09-15,131.4045
2010-09-16,131.2735
2010-09-17,130.9133
2010-09-20,132.2625
2010-09-21,132.5179
2010-09-22,132.9502
2010-09-23,132.3673
2010-09-24,134.6858
2010-09-27,134.3845
2010-09-28,135.3081
2010-09-29,135.8038
2010-09-30,136.0528
2010-10-01,136.1379
2010-10-04,134.651
2010-10-05,137.4676
2010-10-06,138.1554
2010-10-07,138.5549
2010-10-08,138.7711
2010-10-11,139.5374
2010-10-12,138.5025
2010-10-13,140.8746
2010-10-14,142.1324
2010-10-15,141.0646
2010-10-18,140.3571
2010-10-19,137.1537
2010-10-20,138.0054
2010-10-21,137.7695
2010-10-22,138.2608
2010-10-25,139.8265
2010-10-26,138.7915
2010-10-27,137.4626
2010-10-28,137.9408
2010-10-29,137.4101
2010-11-01,136.7615
2010-11-02,138.5566
2010-11-03,138.4911
2010-11-04,141.0984
2010-11-05,141.0853
2010-11-08,141.0853
2010-11-09,140.1944
2010-11-10,138.8186
2010-11-11,136.945
2010-11-12,135.3596
2010-11-15,135.6055
2010-11-16,132.2381
2010-11-17,131.0916
2010-11-18,133.2405
2010-11-19,133.6073
2010-11-22,133.5025
2010-11-23,131.6354
2010-11-24,132.6246
2010-11-26,131.4092
2010-11-29,129.3717
2010-11-30,129.2997
2010-12-01,131.4092
2010-12-02,133.7153
2010-12-03,135.2615
2010-12-06,135.8183
2010-12-07,136.5521
2010-12-08,136.2748
2010-12-09,136.9234
2010-12-10,138.1879
2010-12-13,138.7514
2010-12-14,138.331
2010-12-15,137.5271
2010-12-16,136.8195
2010-12-17,137.3895
2010-12-20,136.9374
2010-12-21,138.8508
2010-12-22,138.9032
2010-12-23,138.3307
2010-12-27,137.6426
2010-12-28,137.4394
2010-12-29,138.5994
2010-12-30,138.6452
2010-12-31,139.2284
2011-01-03,140.5063
2011-01-04,140.6373
2011-01-05,140.585
2011-01-06,140.1786
2011-01-07,139.674
2011-01-10,139.6216
2011-01-11,140.5784
2011-01-12,143.0555
2011-01-13,143.5732
2011-01-14,143.2324
2011-01-18,145.0935
2011-01-19,143.7305
2011-01-20,141.4237
2011-01-21,141.4146
2011-01-24,143.2302
2011-01-25,142.3257
2011-01-26,142.1684
2011-01-27,142.8383
2011-01-28,140.4129
2011-01-31,140.7604
2011-02-01,143.3692
2011-02-02,145.5389
2011-02-03,144.4573
2011-02-04,144.2082
2011-02-07,145.1849
2011-02-08,145.5651
2011-02-09,144.3524
2011-02-10,142.8186
2011-02-11,143.9526
2011-02-14,145.2439
2011-02-15,144.8506
2011-02-16,146.3041
2011-02-17,146.9269
2011-02-18,147.5562
2011-02-22,143.741
2011-02-23,141.6432
2011-02-24,142.7997
2011-02-25,144.3402
2011-02-28,143.8223
2011-03-01,142.5898
2011-03-02,142.0588
2011-03-03,143.0834
2011-03-04,143.1424
2011-03-07,142.2572
2011-03-08,142.9588
2011-03-09,143.145
2011-03-10,139.5518
2011-03-11,138.1198
2011-03-14,140.6901
2011-03-15,142.9523
2011-03-16,142.9319
2011-03-17,145.5617
2011-03-18,145.9552
2011-03-21,147.4438
2011-03-22,147.2864
2011-03-23,147.6209
2011-03-24,148.8655
2011-03-25,149.2526
2011-03-28,151.7213
2011-03-29,152.7173
2011-03-30,154.3713
2011-03-31,155.0472
2011-04-01,154.7099
2011-04-04,155.2747
2011-04-05,154.8347
2011-04-06,154.1057
2011-04-07,152.5887
2011-04-08,152.7988
2011-04-11,152.3195
2011-04-12,150.1523
2011-04-13,151.0454
2011-04-14,150.2179
2011-04-15,149.8174
2011-04-18,146.8443
2011-04-19,146.4174
2011-04-20,148.6896
2011-04-21,149.6487
2011-04-25,149.5699
2011-04-26,150.2268
2011-04-27,150.3913
2011-04-28,151.1082
2011-04-29,153.224
2011-05-02,152.4815
2011-05-03,150.4033
2011-05-04,147.7091
2011-05-05,146.4474
2011-05-06,146.73
2011-05-09,146.5903
2011-05-10,147.4841
2011-05-11,146.2348
2011-05-12,146.5831
2011-05-13,145.6958
2011-05-16,144.1025
2011-05-17,142.8931
2011-05-18,144.3247
2011-05-19,143.8149
2011-05-20,142.3813
2011-05-23,138.4487
2011-05-24,138.0027
2011-05-25,137.4423
2011-05-26,137.794
2011-05-27,139.2565
2011-05-31,143.9142
2011-06-01,141.1934
2011-06-02,140.3776
2011-06-03,139.8965
2011-06-06,138.6244
2011-06-07,138.8617
2011-06-08,135.6932
2011-06-09,135.5746
2011-06-10,133.4631
2011-06-13,133.2191
2011-06-14,135.4736
2011-06-15,132.7314
2011-06-16,130.7933
2011-06-17,131.2877
2011-06-20,130.188
2011-06-21,132.1735
2011-06-22,132.8988
2011-06-23,131.3494
2011-06-24,130.8219
2011-06-27,131.4087
2011-06-28,132.279
2011-06-29,133.4328
2011-06-30,135.3119
2011-07-01,136.5405
2011-07-05,138.0429
2011-07-06,136.4426
2011-07-07,137.5961
2011-07-08,135.6491
2011-07-11,131.6482
2011-07-12,129.0743
2011-07-13,130.6146
2011-07-14,129.0126
2011-07-15,128.8435
2011-07-18,126.6747
2011-07-19,129.1171
2011-07-20,130.3341
2011-07-21,132.176
2011-07-22,133.2971
2011-07-25,131.9449
2011-07-26,131.7846
2011-07-27,128.7467
2011-07-28,127.8988
2011-07-29,127.7252
2011-08-01,126.9956
2011-08-02,123.2622
2011-08-03,121.7461
2011-08-04,115.5951
2011-08-05,112.2223
2011-08-08,104.642
2011-08-09,108.1027
2011-08-10,105.8985
2011-08-11,110.0263
2011-08-12,111.6395
2011-08-15,115.4267
2011-08-16,114.2244
2011-08-17,113.8504
2011-08-18,107.1844
2011-08-19,104.4141
2011-08-22,104.2404
2011-08-23,107.722
2011-08-24,109.0584
2011-08-25,108.7177
2011-08-26,109.7401
2011-08-29,113.2922
2011-08-30,113.3323
2011-08-31,114.0784
2011-09-01,112.2806
2011-09-02,109.3399
2011-09-06,104.7217
2011-09-07,108.0435
2011-09-08,107.208
2011-09-09,103.3247
2011-09-12,101.2594
2011-09-13,102.77
2011-09-14,103.6455
2011-09-15,104.2605
2011-09-16,104.4008
2011-09-19,101.8944
2011-09-20,99.93607
2011-09-21,97.6769
2011-09-22,92.26304
2011-09-23,92.47692
2011-09-26,91.46101
2011-09-27,94.81625
2011-09-28,92.69736
2011-09-29,92.45066
2011-09-30,89.4753
2011-10-03,84.75481
2011-10-04,85.22954
2011-10-05,86.8944
2011-10-06,90.49831
2011-10-07,89.97673
2011-10-10,91.92914
2011-10-11,92.07623
2011-10-12,94.51004
2011-10-13,95.53973
2011-10-14,96.46912
2011-10-17,94.77077
2011-10-18,94.20247
2011-10-19,93.31319
2011-10-20,91.53461
2011-10-21,92.71812
2011-10-24,96.71651
2011-10-25,95.11845
2011-10-26,95.90076
2011-10-27,103.081
2011-10-28,103.8098
2011-10-31,99.93825
2011-11-01,95.45821
2011-11-02,96.79553
2011-11-03,97.79809
2011-11-04,99.79784
2011-11-07,100.199
2011-11-08,99.71569
2011-11-09,96.23135
2011-11-10,93.79697
2011-11-11,96.62594
2011-11-14,95.56924
2011-11-15,94.51927
2011-11-16,93.75686
2011-11-17,91.99794
2011-11-18,90.57342
2011-11-21,87.37663
2011-11-22,87.59063
2011-11-23,85.49738
2011-11-25,84.54771
2011-11-28,87.86683
2011-11-29,87.9738
2011-11-30,91.19742
2011-12-01,91.74582
2011-12-02,91.79934
2011-12-05,92.749
2011-12-06,91.26428
2011-12-07,91.41966
2011-12-08,88.97162
2011-12-09,89.38635
2011-12-12,87.48678
2011-12-13,85.85473
2011-12-14,83.56724
2011-12-15,82.84487
2011-12-16,83.70103
2011-12-19,81.98721
2011-12-20,84.39527
2011-12-21,84.35516
2011-12-22,85.4254
2011-12-23,85.86683
2011-12-27,85.62606
2011-12-28,84.02738
2011-12-29,84.06755
2011-12-30,85.02445
2012-01-03,87.22598
2012-01-04,85.92116
2012-01-05,85.48615
2012-01-06,84.9642
2012-01-09,85.84082
2012-01-10,87.313
2012-01-11,89.09968
2012-01-12,91.0068
2012-01-13,89.07603
2012-01-17,90.1401
2012-01-18,91.7127
2012-01-19,92.42203
2012-01-20,92.68082
2012-01-23,92.76123
2012-01-24,92.24588
2012-01-25,92.30614
2012-01-26,93.73179
2012-01-27,94.7006
2012-01-30,93.33508
2012-01-31,92.85317
2012-02-01,95.34319
2012-02-02,96.74214
2012-02-03,98.78362
2012-02-06,98.57616
2012-02-07,98.47574
2012-02-08,99.84126
2012-02-09,101.8828
2012-02-10,99.63374
2012-02-13,99.47979
2012-02-14,97.77296
2012-02-15,97.67921
2012-02-16,98.23478
2012-02-17,99.79435
2012-02-21,100.1357
2012-02-22,99.72075
2012-02-23,97.79298
2012-02-24,97.26422
2012-02-27,97.26422
2012-02-28,97.42004
2012-02-29,96.58334
2012-03-01,96.04871
2012-03-02,95.61353
2012-03-05,93.97337
2012-03-06,90.87369
2012-03-07,91.01497
2012-03-08,93.03693
2012-03-09,94.36259
2012-03-12,93.71981
2012-03-13,95.27314
2012-03-14,94.50318
2012-03-15,95.407
2012-03-16,95.74177
2012-03-19,95.17271
2012-03-20,93.93407
2012-03-21,92.75574
2012-03-22,92.03936
2012-03-23,92.7825
2012-03-26,93.70671
2012-03-27,93.45895
2012-03-28,92.34356
2012-03-29,91.24432
2012-03-30,91.3717
2012-04-02,90.79522
2012-04-03,90.15176
2012-04-04,87.72536
2012-04-05,87.37687
2012-04-09,86.21725
2012-04-10,84.76946
2012-04-11,86.14957
2012-04-12,87.30845
2012-04-13,86.27115
2012-04-16,85.70078
2012-04-17,87.09656
2012-04-18,86.26447
2012-04-19,85.69661
2012-04-20,85.66741
2012-04-23,83.88068
2012-04-24,84.18295
2012-04-25,85.15344
2012-04-26,85.22561
2012-04-27,85.6152
2012-04-30,85.3062
2012-05-01,85.87718
2012-05-02,86.21307
2012-05-03,85.09799
2012-05-04,84.30533
2012-05-07,83.71413
2012-05-08,83.20365
2012-05-09,82.41093
2012-05-10,82.3465
2012-05-11,81.81387
2012-05-14,79.93906
2012-05-15,78.91766
2012-05-16,77.08851
2012-05-17,76.43987
2012-05-18,74.68188
2012-05-21,75.56293
2012-05-22,76.28905
2012-05-23,75.28712
2012-05-24,75.16586
2012-05-25,75.32616
2012-05-29,76.81437
2012-05-30,75.31368
2012-05-31,75.03044
2012-06-01,73.16261
2012-06-04,72.00056
2012-06-05,73.00593
2012-06-06,74.57747
2012-06-07,74.60261
2012-06-08,74.2515
2012-06-11,73.55614
2012-06-12,74.23802
2012-06-13,74.02196
2012-06-14,74.03549
2012-06-15,75.34525
2012-06-18,76.39172
2012-06-19,77.74875
2012-06-20,78.35067
2012-06-21,76.90562
2012-06-22,76.95459
2012-06-25,75.6104
2012-06-26,75.13087
2012-06-27,75.62125
2012-06-28,75.18844
2012-06-29,77.94086
2012-07-02,78.17758
2012-07-03,79.17172
2012-07-05,78.4287
2012-07-06,77.10286
2012-07-09,75.91904
2012-07-10,75.27314
2012-07-11,75.2258
2012-07-12,73.85036
2012-07-13,74.20895
2012-07-16,73.55564
2012-07-17,73.48796
2012-07-18,73.61658
2012-07-19,73.87369
2012-07-20,72.79778
2012-07-23,71.0925
2012-07-24,69.84063
2012-07-25,69.29254
2012-07-26,70.57822
2012-07-27,71.89783
2012-07-30,71.57204
2012-07-31,71.87955
2012-08-01,71.06837
2012-08-02,71.0955
2012-08-03,72.12475
2012-08-06,73.70253
2012-08-07,74.6303
2012-08-08,74.75343
2012-08-09,75.37101
2012-08-10,75.24519
2012-08-13,74.95384
2012-08-14,74.80482
2012-08-15,74.92677
2012-08-16,76.27489
2012-08-17,76.93201
2012-08-20,77.15562
2012-08-21,78.46987
2012-08-22,77.66367
2012-08-23,77.69754
2012-08-24,77.16236
2012-08-27,76.8304
2012-08-28,77.50112
2012-08-29,77.30215
2012-08-30,75.89957
2012-08-31,76.54329
2012-09-04,76.77364
2012-09-05,76.22617
2012-09-06,78.0219
2012-09-07,79.42459
2012-09-10,79.5872
2012-09-11,80.09544
2012-09-12,80.49526
2012-09-13,80.63754
2012-09-14,82.75175
2012-09-17,82.45752
2012-09-18,82.07803
2012-09-19,82.85061
2012-09-20,81.66461
2012-09-21,81.95403
2012-09-24,81.18806
2012-09-25,80.47636
2012-09-26,78.68201
2012-09-27,79.73977
2012-09-28,79.12276
2012-10-01,79.2719
2012-10-02,79.17696
2012-10-03,79.15662
2012-10-04,79.66517
2012-10-05,79.85392
2012-10-08,79.22318
2012-10-09,78.4501
2012-10-10,77.65662
2012-10-11,77.92789
2012-10-12,77.26328
2012-10-15,76.91741
2012-10-16,77.99183
2012-10-17,79.03624
2012-10-18,79.15831
2012-10-19,77.34076
2012-10-22,77.32042
2012-10-23,76.68968
2012-10-24,76.75748
2012-10-25,76.53368
2012-10-26,76.09288
2012-10-31,76.17921
2012-11-01,76.87781
2012-11-02,76.13174
2012-11-05,76.43694
2012-11-06,77.28474
2012-11-07,76.21993
2012-11-08,75.2568
2012-11-09,75.3586
2012-11-12,74.92452
2012-11-13,73.77152
2012-11-14,72.84911
2012-11-15,72.13018
2012-11-16,71.48584
2012-11-19,72.55065
2012-11-20,72.35398
2012-11-21,72.70665
2012-11-23,74.00886
2012-11-26,74.25306
2012-11-27,74.46333
2012-11-28,74.85211
2012-11-29,75.82878
2012-11-30,75.93731
2012-12-03,75.95765
2012-12-04,76.39851
2012-12-05,76.90326
2012-12-06,77.27632
2012-12-07,77.57479
2012-12-10,77.69692
2012-12-11,78.66692
2012-12-12,79.39951
2012-12-13,79.34525
2012-12-14,79.81219
2012-12-17,80.04965
2012-12-18,80.64664
2012-12-19,81.77969
2012-12-20,81.76609
2012-12-21,80.82304
2012-12-24,80.78911
2012-12-26,81.06731
2012-12-27,81.1313
2012-12-28,80.79877
2012-12-31,81.45708
2013-01-02,83.84612
2013-01-03,85.34605
2013-01-04,85.9229
2013-01-07,86.35049
2013-01-08,85.9297
2013-01-09,87.34818
2013-01-10,87.76896
2013-01-11,88.17621
2013-01-14,87.96582
2013-01-15,88.06761
2013-01-16,87.43925
2013-01-17,87.60217
2013-01-18,87.81256
2013-01-22,88.66043
2013-01-23,89.08813
2013-01-24,89.22393
2013-01-25,88.70796
2013-01-28,88.34138
2013-01-29,88.45465
2013-01-30,88.1152
2013-01-31,87.66037
2013-02-01,88.10841
2013-02-04,87.32766
2013-02-05,87.84363
2013-02-06,89.07248
2013-02-07,88.72623
2013-02-08,88.72623
2013-02-11,89.18108
2013-02-12,90.01615
2013-02-13,90.63398
2013-02-14,91.20422
2013-02-15,91.05489
2013-02-19,91.91711
2013-02-20,91.76772
2013-02-21,89.73097
2013-02-22,90.13835
2013-02-25,89.22181
2013-02-26,88.22056
2013-02-27,88.72973
2013-02-28,89.592
2013-03-01,89.13804
2013-03-04,88.99545
2013-03-05,90.60491
2013-03-06,91.60223
2013-03-07,91.86053
2013-03-08,92.22068
2013-03-11,92.07797
2013-03-12,91.87406
2013-03-13,90.8682
2013-03-14,91.85373
2013-03-15,91.79934
2013-03-18,90.24975
2013-03-19,89.6381
2013-03-20,90.8818
2013-03-21,90.6643
2013-03-22,91.1265
2013-03-25,90.38567
2013-03-26,90.26141
2013-03-27,89.78842
2013-03-28,89.47549
2013-04-01,88.95852
2013-04-02,88.16261
2013-04-03,87.18301
2013-04-04,87.20341
2013-04-05,86.55714
2013-04-08,87.29185
2013-04-09,89.30283
2013-04-10,90.87382
2013-04-11,91.35074
2013-04-12,91.11907
2013-04-15,88.969
2013-04-16,89.20746
2013-04-17,87.83115
2013-04-18,87.24133
2013-04-19,88.45441
2013-04-22,89.3745
2013-04-23,91.0033
2013-04-24,92.37382
2013-04-25,93.25187
2013-04-26,93.06001
2013-04-29,94.62793
2013-04-30,95.39221
2013-05-01,94.55464
2013-05-02,94.93656
2013-05-03,95.9675
2013-05-06,96.83383
2013-05-07,96.21987
2013-05-08,97.04529
2013-05-09,98.37537
2013-05-10,99.55545
2013-05-13,101.4858
2013-05-14,101.6566
2013-05-15,103.0073
2013-05-16,103.6004
2013-05-17,104.8977
2013-05-20,107.5355
2013-05-21,107.5178
2013-05-22,105.6609
2013-05-23,104.7324
2013-05-24,106.1271
2013-05-28,108.1282
2013-05-29,107.9331
2013-05-30,108.7322
2013-05-31,107.2949
2013-06-03,105.8401
2013-06-04,105.2458
2013-06-05,104.5714
2013-06-06,104.7419
2013-06-07,104.9878
2013-06-10,106.2914
2013-06-11,104.3438
2013-06-12,103.551
2013-06-13,103.1001
2013-06-14,103.2504
2013-06-17,104.6923
2013-06-18,105.0339
2013-06-19,104.4804
2013-06-20,100.2299
2013-06-21,99.7447
2013-06-24,96.91554
2013-06-25,97.36571
2013-06-26,99.66554
2013-06-27,101.4275
2013-06-28,102.0566
2013-07-01,103.0354
2013-07-02,102.5292
2013-07-03,101.7335
2013-07-05,102.8214
2013-07-08,102.9857
2013-07-09,103.3962
2013-07-10,103.6425
2013-07-11,106.0579
2013-07-12,106.099
2013-07-15,107.9738
2013-07-16,108.4283
2013-07-17,108.4352
2013-07-18,108.5173
2013-07-19,108.8526
2013-07-22,109.9748
2013-07-23,110.4059
2013-07-24,110.1937
2013-07-25,110.4401
2013-07-26,110.2895
2013-07-29,109.9325
2013-07-30,110.4663
2013-07-31,110.2541
2013-08-01,110.133
2013-08-02,110.7217
2013-08-05,112.2278
2013-08-06,111.3105
2013-08-07,108.903
2013-08-08,109.7587
2013-08-09,110.5734
2013-08-12,111.3675
2013-08-13,111.6755
2013-08-14,110.231
2013-08-15,108.9126
2013-08-16,109.7546
2013-08-19,108.3033
2013-08-20,108.4265
2013-08-21,107.9541
2013-08-22,109.3781
2013-08-23,110.5624
2013-08-26,110.7678
2013-08-27,107.5844
2013-08-28,107.2075
2013-08-29,108.2209
2013-08-30,107.7312
2013-09-03,108.7929
2013-09-04,109.6788
2013-09-05,110.5557
2013-09-06,110.7133
2013-09-09,111.4532
2013-09-10,113.6248
2013-09-11,114.1044
2013-09-12,113.2754
2013-09-13,113.3234
2013-09-16,114.166
2013-09-17,114.5085
2013-09-18,115.6183
2013-09-19,117.0844
2013-09-20,116.5447
2013-09-23,116.298
2013-09-24,116.9558
2013-09-25,117.641
2013-09-26,118.9489
2013-09-27,119.3533
2013-09-30,119.2916
2013-10-01,120.9435
2013-10-02,121.1148
2013-10-03,121.0473
2013-10-04,121.9933
2013-10-07,121.5135
2013-10-08,120.6017
2013-10-09,120.0258
2013-10-10,121.6574
2013-10-11,123.8032
2013-10-14,124.146
2013-10-15,124.1939
2013-10-16,124.5603
2013-10-17,125.1704
2013-10-18,126.7266
2013-10-21,128.084
2013-10-22,129.6197
2013-10-23,127.3848
2013-10-24,127.6933
2013-10-25,126.3633
2013-10-28,125.7394
2013-10-29,126.0535
2013-10-30,125.313
2013-10-31,125.4364
2013-11-01,124.8879
2013-11-04,127.0133
2013-11-05,127.2052
2013-11-06,127.4589
2013-11-07,124.1886
2013-11-08,124.2709
2013-11-11,124.8586
2013-11-12,124.3452
2013-11-13,124.4286
2013-11-14,125.5941
2013-11-15,125.7861
2013-11-18,125.617
2013-11-19,123.4368
2013-11-20,122.6964
2013-11-21,123.1557
2013-11-22,123.1488
2013-11-25,123.4368
2013-11-26,123.6523
2013-11-27,124.7081
2013-11-29,125.5583
2013-12-02,124.523
2013-12-03,123.3643
2013-12-04,122.5141
2013-12-05,122.1302
2013-12-06,122.041
2013-12-09,122.041
2013-12-10,122.1302
2013-12-11,120.9372
2013-12-12,119.556
2013-12-13,120.1868
2013-12-16,120.989
2013-12-17,121.2633
2013-12-18,121.5924
2013-12-19,122.1478
2013-12-20,122.5455
2013-12-23,123.3416
2013-12-24,123.6228
2013-12-26,124.1166
2013-12-27,125.1715
2013-12-30,126.2418
2013-12-31,126.7357
2014-01-02,128.0982
2014-01-03,129.5477
2014-01-06,129.4772
2014-01-07,131.9747
2014-01-08,132.8256
2014-01-09,132.8945
2014-01-10,134.4213
2014-01-13,133.474
2014-01-14,134.847
2014-01-15,136.2102
2014-01-16,137.0458
2014-01-17,136.1016
2014-01-21,135.2095
2014-01-22,136.1939
2014-01-23,134.6008
2014-01-24,130.6416
2014-01-27,128.3373
2014-01-28,131.0739
2014-01-29,130.4701
2014-01-30,130.8894
2014-01-31,130.4232
2014-02-03,127.8035
2014-02-04,127.4475
2014-02-05,126.9707
2014-02-06,129.1337
2014-02-07,131.0981
2014-02-10,132.574
2014-02-11,133.0145
2014-02-12,133.7551
2014-02-13,134.8576
2014-02-14,135.536
2014-02-18,137.6678
2014-02-19,137.0405
2014-02-20,137.1897
2014-02-21,137.823
2014-02-24,140.3814
2014-02-25,140.5836
2014-02-26,142.5716
2014-02-27,143.986
2014-02-28,144.5412
2014-03-03,142.9498
2014-03-04,146.8528
2014-03-05,147.9993
2014-03-06,150.298
2014-03-07,150.2376
2014-03-10,149.8396
2014-03-11,148.5827
2014-03-12,147.4924
2014-03-13,145.4885
2014-03-14,144.1508
2014-03-17,145.6014
2014-03-18,146.7117
2014-03-19,146.8283
2014-03-20,144.8934
2014-03-21,143.1995
2014-03-24,141.218
2014-03-25,141.0149
2014-03-26,139.7403
2014-03-27,138.849
2014-03-28,140.3821
2014-03-31,141.2274
2014-04-01,143.5425
2014-04-02,144.3183
2014-04-03,143.1388
2014-04-04,141.6529
2014-04-07,138.5985
2014-04-08,138.6556
2014-04-09,140.7685
2014-04-10,139.0467
2014-04-11,136.5432
2014-04-14,134.7655
2014-04-15,133.9999
2014-04-16,136.5729
2014-04-17,137.1076
2014-04-21,138.1402
2014-04-22,140.9484
2014-04-23,140.1631
2014-04-24,139.7895
2014-04-25,138.0523
2014-04-28,135.5783
2014-04-29,136.0667
2014-04-30,136.189
2014-05-01,136.3288
2014-05-02,136.984
2014-05-05,136.9474
2014-05-06,136.2115
2014-05-07,133.7751
2014-05-08,132.3558
2014-05-09,132.7967
2014-05-12,135.3811
2014-05-13,135.1783
2014-05-14,134.8817
2014-05-15,133.2738
2014-05-16,132.3323
2014-05-19,133.4159
2014-05-20,132.8944
2014-05-21,134.3613
2014-05-22,136.4878
2014-05-23,137.6174
2014-05-27,138.8173
2014-05-28,138.9876
2014-05-29,139.846
2014-05-30,139.5133
2014-06-02,139.4916
2014-06-03,138.9793
2014-06-04,139.3177
2014-06-05,140.865
2014-06-06,142.1084
2014-06-09,143.7207
2014-06-10,143.4405
2014-06-11,143.6805
2014-06-12,144.2314
2014-06-13,144.8167
2014-06-16,145.2442
2014-06-17,146.3524
2014-06-18,146.9232
2014-06-19,147.1422
2014-06-20,147.5958
2014-06-23,146.5061
2014-06-24,145.7441
2014-06-25,145.6241
2014-06-26,146.0549
2014-06-27,146.8963
2014-06-30,147.7534
2014-07-01,148.1295
2014-07-02,147.8803
2014-07-03,148.8906
2014-07-07,146.7274
2014-07-08,144.0664
2014-07-09,144.0312
2014-07-10,142.5125
2014-07-11,142.2256
2014-07-14,143.3459
2014-07-15,142.9028
2014-07-16,143.0999
2014-07-17,141.6396
2014-07-18,142.6302
2014-07-21,142.6647
2014-07-22,144.0536
2014-07-23,143.7272
2014-07-24,143.5828
2014-07-25,143.1274
2014-07-28,142.846
2014-07-29,141.9606
2014-07-30,141.4505
2014-07-31,138.1394
2014-08-01,136.636
2014-08-04,137.6315
2014-08-05,137.8441
2014-08-06,137.3872
2014-08-07,137.4342
2014-08-08,137.4281
2014-08-11,140.0939
2014-08-12,139.4634
2014-08-13,140.7799
2014-08-14,141.4913
2014-08-15,141.0158
2014-08-18,142.3994
2014-08-19,143.3991
2014-08-20,144.2317
2014-08-21,143.8056
2014-08-22,143.9853
2014-08-25,145.9127
2014-08-26,145.9743
2014-08-27,146.4414
2014-08-28,145.7557
2014-08-29,146.3693
2014-09-02,146.5209
2014-09-03,147.3689
2014-09-04,147.7705
2014-09-05,147.5162
2014-09-08,148.1367
2014-09-09,145.9598
2014-09-10,146.3412
2014-09-11,146.5043
2014-09-12,145.5132
2014-09-15,143.0823
2014-09-16,141.9578
2014-09-17,142.8058
2014-09-18,142.9331
2014-09-19,142.4171
2014-09-22,140.6399
2014-09-23,139.8206
2014-09-24,140.5128
2014-09-25,139.0224
2014-09-26,139.4089
2014-09-29,138.3123
2014-09-30,137.1669
2014-10-01,135.1337
2014-10-02,134.1222
2014-10-03,134.6667
2014-10-06,132.6928
2014-10-07,130.9271
2014-10-08,131.0839
2014-10-09,128.5848
2014-10-10,125.3567
2014-10-13,123.4096
2014-10-14,123.9417
2014-10-15,124.1162
2014-10-16,124.4941
2014-10-17,125.6478
2014-10-20,126.8918
2014-10-21,129.5778
2014-10-22,128.5918
2014-10-23,128.9773
2014-10-24,128.5924
2014-10-27,127.3903
2014-10-28,130.1224
2014-10-29,130.4618
2014-10-30,130.7645
2014-10-31,132.7035
2014-11-03,132.1089
2014-11-04,130.9009
2014-11-05,130.2916
2014-11-06,129.2474
2014-11-07,129.9019
2014-11-10,130.1448
2014-11-11,129.6831
2014-11-12,129.5167
2014-11-13,128.7043
2014-11-14,128.8271
2014-11-17,128.3955
2014-11-18,129.8489
2014-11-19,129.6735
2014-11-20,130.5923
2014-11-21,131.4483
2014-11-24,132.2307
2014-11-25,132.3591
2014-11-26,132.6345
2014-11-28,129.021
2014-12-01,125.8205
2014-12-02,125.9557
2014-12-03,126.4415
2014-12-04,126.426
2014-12-05,126.6374
2014-12-08,124.5256
2014-12-09,124.2095
2014-12-10,123.6846
2014-12-11,123.3419
2014-12-12,122.1078
2014-12-15,120.3769
2014-12-16,119.3305
2014-12-17,120.1033
2014-12-18,122.2646
2014-12-19,123.2885
2014-12-22,123.4663
2014-12-23,123.681
2014-12-24,123.9516
2014-12-26,124.2098
2014-12-29,124.3583
2014-12-30,123.7014
2014-12-31,123.8986
2015-01-02,124.6785
2015-01-05,122.2831
2015-01-06,121.1436
2015-01-07,120.8772
2015-01-08,123.2102
2015-01-09,123.2524
2015-01-12,122.749
2015-01-13,123.0855
2015-01-14,122.2472
2015-01-15,120.5911
2015-01-16,120.1004
2015-01-20,120.4039
2015-01-21,121.132
2015-01-22,121.8782
2015-01-23,121.8367
2015-01-26,124.2007
2015-01-27,124.2263
2015-01-28,123.4114
2015-01-29,122.5405
2015-01-30,121.9906
2015-02-02,123.3454
2015-02-03,126.5135
2015-02-04,126.2858
2015-02-05,126.892
2015-02-06,126.4149
2015-02-09,126.2033
2015-02-10,126.7478
2015-02-11,125.9011
2015-02-12,127.5667
2015-02-13,128.5936
2015-02-17,129.3104
2015-02-18,130.1664
2015-02-19,129.7221
2015-02-20,129.8421
2015-02-23,129.8797
2015-02-24,131.3872
2015-02-25,131.8073
2015-02-26,131.7948
2015-02-27,131.7021
2015-03-02,133.4515
2015-03-03,132.3475
2015-03-04,132.409
2015-03-05,135.4974
2015-03-06,134.3322
2015-03-09,133.3618
2015-03-10,130.9678
2015-03-11,130.7615
2015-03-12,131.7073
2015-03-13,130.9461
2015-03-16,130.984
2015-03-17,131.9879
2015-03-18,134.1144
2015-03-19,134.3923
2015-03-20,136.1781
2015-03-23,136.7932
2015-03-24,136.9055
2015-03-25,135.3784
2015-03-26,133.5168
2015-03-27,134.2302
2015-03-30,135.6078
2015-03-31,135.4538
2015-04-01,136.2941
2015-04-02,138.0182
2015-04-06,139.3941
2015-04-07,139.5354
2015-04-08,141.4293
2015-04-09,142.4011
2015-04-10,142.8243
2015-04-13,143.9223
2015-04-14,143.1796
2015-04-15,143.4221
2015-04-16,144.4648
2015-04-17,142.7566
2015-04-20,141.9915
2015-04-21,142.4026
2015-04-22,143.4497
2015-04-23,144.0324
2015-04-24,143.8764
2015-04-27,144.9811
2015-04-28,145.402
2015-04-29,144.1426
2015-04-30,142.666
2015-05-01,142.9088
2015-05-04,143.7874
2015-05-05,142.4603
2015-05-06,142.1772
2015-05-07,141.2203
2015-05-08,144.1215
2015-05-11,145.0963
2015-05-12,144.5187
2015-05-13,145.7429
2015-05-14,146.434
2015-05-15,147.2639
2015-05-18,147.2944
2015-05-19,146.7729
2015-05-20,145.7962
2015-05-21,146.5491
2015-05-22,146.7714
2015-05-26,145.9444
2015-05-27,146.8383
2015-05-28,146.5155
2015-05-29,146.3737
2015-06-01,146.326
2015-06-02,146.3312
2015-06-03,146.8754
2015-06-04,145.7207
2015-06-05,144.6188
2015-06-08,143.5921
2015-06-09,141.2031
2015-06-10,142.7345
2015-06-11,143.4651
2015-06-12,143.3669
2015-06-15,142.0415
2015-06-16,141.6252
2015-06-17,142.4106
2015-06-18,143.3897
2015-06-19,142.9173
2015-06-22,144.1415
2015-06-23,144.9733
2015-06-24,143.594
2015-06-25,143.0507
2015-06-26,141.4541
2015-06-29,136.5821
2015-06-30,137.273
2015-07-01,137.9646
2015-07-02,137.1059
2015-07-06,132.2342
2015-07-07,130.019
2015-07-08,125.6307
2015-07-09,129.4053
2015-07-10,132.6916
2015-07-13,134.452
2015-07-14,134.7337
2015-07-15,133.1498
2015-07-16,134.297
2015-07-17,134.035
2015-07-20,134.8025
2015-07-21,133.9373
2015-07-22,132.8082
2015-07-23,132.4187
2015-07-24,130.5735
2015-07-27,127.832
2015-07-28,128.6156
2015-07-29,130.2882
2015-07-30,129.5483
2015-07-31,129.4961
2015-08-03,128.1895
2015-08-04,126.9452
2015-08-05,128.2097
2015-08-06,126.7358
2015-08-07,125.4275
2015-08-10,126.7481
2015-08-11,124.9141
2015-08-12,124.1226
2015-08-13,125.5235
2015-08-14,125.6766
2015-08-17,126.0412
2015-08-18,124.7211
2015-08-19,122.5313
2015-08-20,118.6591
2015-08-21,114.6947
2015-08-24,110.5017
2015-08-25,111.6317
2015-08-26,112.3063
2015-08-27,115.863
2015-08-28,117.6654
2015-08-31,116.8733
2015-09-01,114.8416
2015-09-02,114.7201
2015-09-03,115.7101
2015-09-04,114.2408
2015-09-08,117.5291
2015-09-09,118.9576
2015-09-10,118.5367
2015-09-11,118.4837
2015-09-14,117.9446
2015-09-15,118.5646
2015-09-16,120.488
2015-09-17,121.1916
2015-09-18,120.5707
2015-09-21,119.685
2015-09-22,117.6819
2015-09-23,116.1371
2015-09-24,114.9522
2015-09-25,115.1197
2015-09-28,112.8511
2015-09-29,112.1595
2015-09-30,114.9454
2015-10-01,115.3374
2015-10-02,118.0999
2015-10-05,120.5418
2015-10-06,121.4096
2015-10-07,123.7117
2015-10-08,124.658
2015-10-09,125.6634
2015-10-12,125.2683
2015-10-13,123.8126
2015-10-14,124.7466
2015-10-15,126.9648
2015-10-16,126.3916
2015-10-19,126.3664
2015-10-20,126.4674
2015-10-21,125.716
2015-10-22,125.6748
2015-10-23,125.9792
2015-10-26,125.9993
2015-10-27,124.5327
2015-10-28,126.1453
2015-10-29,125.3417
2015-10-30,124.7522
2015-11-02,125.334
2015-11-03,125.9271
2015-11-04,125.8139
2015-11-05,125.4225
2015-11-06,125.33
2015-11-09,123.7627
2015-11-10,122.1076
2015-11-11,121.2626
2015-11-12,120.272
2015-11-13,119.0203
2015-11-16,119.8814
2015-11-17,119.5718
2015-11-18,120.8136
2015-11-19,122.0972
2015-11-20,122.418
2015-11-23,122.345
2015-11-24,122.4878
2015-11-25,122.3956
2015-11-27,122.2557
2015-11-30,122.776
2015-12-01,124.2836
2015-12-02,124.6781
2015-12-03,124.427
2015-12-04,124.2018
2015-12-07,123.4454
2015-12-08,121.5189
2015-12-09,121.9716
2015-12-10,119.9429
2015-12-11,117.6554
2015-12-14,117.9213
2015-12-15,119.4172
2015-12-16,123.1719
2015-12-17,123.6816
2015-12-18,123.4588
2015-12-21,124.5977
2015-12-22,124.377
2015-12-23,125.3889
2015-12-24,125.7818
2015-12-28,125.5123
2015-12-29,125.705
2015-12-30,125.58
2015-12-31,125.6819
