date,"WTI Crude Oil Price, 2001:01=100"
2001-01-02,100
2001-01-03,102.3452
2001-01-04,102.4185
2001-01-05,102.675
2001-01-08,100.5497
2001-01-09,101.5757
2001-01-10,107.8051
2001-01-11,107.8051
2001-01-12,110.1869
2001-01-16,110.6266
2001-01-17,109.0876
2001-01-18,111.4694
2001-01-19,117.6988
2001-01-22,118.0286
2001-01-23,116.0132
2001-01-24,115.2803
2001-01-25,115.83
2001-01-26,109.1609
2001-01-29,106.5225
2001-01-30,106.7057
2001-01-31,104.8736
2001-02-01,109.4907
2001-02-02,114.5841
2001-02-05,111.9458
2001-02-06,110.9198
2001-02-07,114.5841
2001-02-08,115.6834
2001-02-09,113.3382
2001-02-12,111.8358
2001-02-13,110.3701
2001-02-14,108.2814
2001-02-15,106.1195
2001-02-16,107.0722
2001-02-20,104.8003
2001-02-21,104.9469
2001-02-22,104.5071
2001-02-23,105.6431
2001-02-26,103.5911
2001-02-27,103.5544
2001-02-28,100.2199
2001-03-01,101.7955
2001-03-02,102.1986
2001-03-05,104.8369
2001-03-06,104.0674
2001-03-07,106.0828
2001-03-08,103.7376
2001-03-09,102.4918
2001-03-12,102.2719
2001-03-13,100.5863
2001-03-14,97.06852
2001-03-15,97.32503
2001-03-16,97.76475
2001-03-19,95.89594
2001-03-20,95.23635
2001-03-21,96.84866
2001-03-22,95.96922
2001-03-23,100.0733
2001-03-26,100.4031
2001-03-27,101.2092
2001-03-28,96.84866
2001-03-29,96.99524
2001-03-30,96.6288
2001-04-02,94.17369
2001-04-03,97.65482
2001-04-04,99.52364
2001-04-05,99.81678
2001-04-06,99.19385
2001-04-09,100.5863
2001-04-10,104.3239
2001-04-11,104.1407
2001-04-12,105.3499
2001-04-16,105.5698
2001-04-17,102.1986
2001-04-18,101.9787
2001-04-19,102.3085
2001-04-20,98.93734
2001-04-23,98.82741
2001-04-24,92.48809
2001-04-25,95.01649
2001-04-26,104.3239
2001-04-27,103.8842
2001-04-30,104.3606
2001-05-01,103.9575
2001-05-02,102.1986
2001-05-03,105.0202
2001-05-04,104.1041
2001-05-07,101.8322
2001-05-08,100.2199
2001-05-09,104.0308
2001-05-10,104.4339
2001-05-11,104.7636
2001-05-14,105.6431
2001-05-15,105.8996
2001-05-16,105.4232
2001-05-17,106.3393
2001-05-18,109.5639
2001-05-21,109.7838
2001-05-22,109.0143
2001-05-23,105.7164
2001-05-24,102.4918
2001-05-25,102.8948
2001-05-29,105.3866
2001-05-30,105.2034
2001-05-31,104.0308
2001-06-01,102.162
2001-06-04,103.1147
2001-06-05,102.0154
2001-06-06,100.9894
2001-06-07,102.2719
2001-06-08,104.1774
2001-06-11,106.0462
2001-06-12,106.7424
2001-06-13,105.5698
2001-06-14,106.7057
2001-06-15,104.5071
2001-06-18,100.9527
2001-06-19,100.7329
2001-06-20,97.17845
2001-06-21,98.38769
2001-06-22,99.01063
2001-06-25,99.34042
2001-06-26,98.82741
2001-06-27,94.06376
2001-06-28,94.35691
2001-06-29,96.6288
2001-07-02,95.34628
2001-07-03,96.29901
2001-07-05,99.19385
2001-07-06,102.9681
2001-07-09,101.2459
2001-07-10,99.74349
2001-07-11,99.19385
2001-07-12,98.38769
2001-07-13,97.36167
2001-07-16,95.34628
2001-07-17,92.81788
2001-07-18,90.32613
2001-07-19,90.32613
2001-07-20,94.06376
2001-07-23,94.83327
2001-07-24,95.93258
2001-07-25,97.87468
2001-07-26,97.98461
2001-07-27,98.86405
2001-07-30,97.4716
2001-07-31,97.83804
2001-08-01,98.3144
2001-08-02,102.0887
2001-08-03,100.8062
2001-08-06,101.5024
2001-08-07,103.2246
2001-08-08,101.2092
2001-08-09,101.5757
2001-08-10,103.0414
2001-08-13,102.052
2001-08-14,102.9681
2001-08-15,100.8062
2001-08-16,100.6596
2001-08-17,97.65482
2001-08-20,99.67021
2001-08-21,102.3452
2001-08-22,99.56028
2001-08-23,93.91718
2001-08-24,103.8476
2001-08-27,97.80139
2001-08-28,99.52364
2001-08-29,99.19385
2001-08-30,97.65482
2001-08-31,97.65482
2001-09-04,98.71748
2001-09-05,99.04727
2001-09-06,100.9161
2001-09-07,102.565
2001-09-10,101.3558
2001-09-17,105.6797
2001-09-18,101.9055
2001-09-19,97.94797
2001-09-20,97.4716
2001-09-21,93.29425
2001-09-24,78.63686
2001-09-25,79.2598
2001-09-26,82.08135
2001-09-27,83.54709
2001-09-28,85.89227
2001-10-01,84.71968
2001-10-02,83.18065
2001-10-03,81.23855
2001-10-04,83.18065
2001-10-05,81.7882
2001-10-08,81.5317
2001-10-09,82.631
2001-10-10,82.48443
2001-10-11,86.07549
2001-10-12,82.41114
2001-10-15,81.97142
2001-10-16,80.65225
2001-10-17,80.21253
2001-10-18,78.1605
2001-10-19,80.57896
2001-10-22,79.80946
2001-10-23,77.97728
2001-10-24,80.61561
2001-10-25,79.69952
2001-10-26,80.87212
2001-10-29,80.98205
2001-10-30,79.99267
2001-10-31,77.68414
2001-11-01,75.00916
2001-11-02,74.16636
2001-11-05,73.28692
2001-11-06,73.03041
2001-11-07,73.68999
2001-11-08,77.72078
2001-11-09,81.45841
2001-11-12,77.90399
2001-11-13,79.0033
2001-11-14,71.93111
2001-11-15,64.12605
2001-11-16,66.28802
2001-11-19,65.00549
2001-11-20,68.55991
2001-11-21,67.35068
2001-11-23,67.35068
2001-11-26,68.48663
2001-11-27,71.71125
2001-11-28,70.97838
2001-11-29,67.97362
2001-11-30,71.30817
2001-12-03,74.27629
2001-12-04,72.22426
2001-12-05,71.89447
2001-12-06,68.48663
2001-12-07,69.91572
2001-12-10,67.13081
2001-12-11,66.1048
2001-12-12,67.35068
2001-12-13,66.69109
2001-12-14,70.75852
2001-12-17,70.64859
2001-12-18,71.01502
2001-12-19,70.97838
2001-12-20,68.41334
2001-12-21,70.72188
2001-12-24,70.72188
2001-12-26,78.12386
2001-12-27,77.20777
2001-12-28,74.82594
2001-12-31,73.14034
2002-01-02,77.42763
2002-01-03,75.66874
2002-01-04,78.67351
2002-01-07,78.49029
2002-01-08,76.29168
2002-01-09,74.45951
2002-01-10,75.04581
2002-01-11,72.07768
2002-01-14,69.18285
2002-01-15,69.58593
2002-01-16,69.476
2002-01-17,66.69109
2002-01-18,66.03152
2002-01-22,67.27739
2002-01-23,69.98901
2002-01-24,71.71125
2002-01-25,72.55405
2002-01-28,73.47014
2002-01-29,70.72188
2002-01-30,70.02565
2002-01-31,72.22426
2002-02-01,74.75266
2002-02-04,73.36021
2002-02-05,73.50678
2002-02-06,72.44412
2002-02-07,72.37083
2002-02-08,74.203
2002-02-11,78.01392
2002-02-12,76.07182
2002-02-13,77.64749
2002-02-14,77.64749
2002-02-15,78.67351
2002-02-19,76.10847
2002-02-20,74.42287
2002-02-21,76.25504
2002-02-22,76.65812
2002-02-25,74.16636
2002-02-26,78.30708
2002-02-27,78.417
2002-02-28,79.80946
2002-03-01,81.97142
2002-03-04,82.631
2002-03-05,84.93954
2002-03-06,85.45255
2002-03-07,86.55185
2002-03-08,87.46793
2002-03-11,89.26347
2002-03-12,89.95969
2002-03-13,88.45731
2002-03-14,89.70319
2002-03-15,89.66654
2002-03-18,91.71857
2002-03-19,91.68194
2002-03-20,91.3155
2002-03-21,94.32027
2002-03-22,93.66068
2002-03-25,94.13705
2002-03-26,94.35691
2002-03-27,94.50348
2002-03-28,96.0425
2002-04-01,98.27776
2002-04-02,101.6856
2002-04-03,100.9527
2002-04-04,97.61817
2002-04-05,96.0425
2002-04-08,95.85929
2002-04-09,93.25761
2002-04-10,95.82265
2002-04-11,91.35214
2002-04-12,86.14877
2002-04-15,89.88641
2002-04-16,91.3155
2002-04-17,95.05313
2002-04-18,94.75999
2002-04-19,96.84866
2002-04-22,96.29901
2002-04-23,96.29901
2002-04-24,96.29901
2002-04-25,96.59216
2002-04-26,99.37706
2002-04-29,100.5863
2002-04-30,100.1099
2002-05-01,97.39832
2002-05-02,96.40894
2002-05-03,98.02126
2002-05-06,95.67607
2002-05-07,98.16782
2002-05-08,101.7222
2002-05-09,101.7955
2002-05-10,102.3085
2002-05-13,104.8736
2002-05-14,106.889
2002-05-15,103.2246
2002-05-16,102.6017
2002-05-17,103.2979
2002-05-20,103.4811
2002-05-21,100.2199
2002-05-22,98.97398
2002-05-23,97.4716
2002-05-24,97.80139
2002-05-28,91.90179
2002-05-29,93.95383
2002-05-30,90.80249
2002-05-31,92.96445
2002-06-03,91.97508
2002-06-04,92.78123
2002-06-05,91.68194
2002-06-06,91.20557
2002-06-07,90.58263
2002-06-10,88.82375
2002-06-11,88.71381
2002-06-12,90.83913
2002-06-13,93.58739
2002-06-14,94.90656
2002-06-17,95.19971
2002-06-18,92.92781
2002-06-19,93.69733
2002-06-20,93.88054
2002-06-21,93.47746
2002-06-24,96.40894
2002-06-25,95.49285
2002-06-26,97.7281
2002-06-27,98.09454
2002-06-28,98.16782
2002-07-01,98.16782
2002-07-02,98.3144
2002-07-03,98.27776
2002-07-05,98.27776
2002-07-08,95.786
2002-07-09,95.85929
2002-07-10,97.94797
2002-07-11,98.97398
2002-07-12,100.6962
2002-07-15,99.78014
2002-07-16,101.4291
2002-07-17,102.162
2002-07-18,100.7695
2002-07-19,101.9787
2002-07-22,97.50825
2002-07-23,97.50825
2002-07-24,98.13118
2002-07-25,97.7281
2002-07-26,97.28838
2002-07-29,97.25174
2002-07-30,100.513
2002-07-31,99.01063
2002-08-01,97.14181
2002-08-02,98.46098
2002-08-05,97.28838
2002-08-06,99.59692
2002-08-07,97.39832
2002-08-08,97.7281
2002-08-09,98.46098
2002-08-12,102.0154
2002-08-13,103.8842
2002-08-14,103.2979
2002-08-15,106.2294
2002-08-16,107.1455
2002-08-19,109.4174
2002-08-20,110.3701
2002-08-21,111.2862
2002-08-22,110.3335
2002-08-23,109.8937
2002-08-26,107.1088
2002-08-27,105.6797
2002-08-28,103.7376
2002-08-29,105.6431
2002-08-30,106.1561
2002-09-03,101.7222
2002-09-04,103.6277
2002-09-05,106.4859
2002-09-06,108.1348
2002-09-09,109.1975
2002-09-10,108.5379
2002-09-11,109.0876
2002-09-12,106.0828
2002-09-13,109.3074
2002-09-16,106.779
2002-09-17,106.5592
2002-09-18,108.3547
2002-09-19,108.0616
2002-09-20,108.6479
2002-09-23,113.0451
2002-09-24,112.8252
2002-09-25,112.4588
2002-09-26,111.0663
2002-09-27,111.8725
2002-09-30,112.0923
2002-10-01,112.5321
2002-10-02,112.0923
2002-10-03,108.941
2002-10-04,108.6479
2002-10-07,108.6479
2002-10-08,108.3181
2002-10-09,107.402
2002-10-10,106.1195
2002-10-11,107.5852
2002-10-14,110.1502
2002-10-15,108.941
2002-10-16,107.292
2002-10-17,108.5013
2002-10-18,108.3181
2002-10-21,103.7376
2002-10-22,102.3452
2002-10-23,103.2979
2002-10-24,102.1253
2002-10-25,99.26713
2002-10-28,99.85342
2002-10-29,98.24111
2002-10-30,98.38769
2002-10-31,99.59692
2002-11-01,99.08392
2002-11-04,98.53426
2002-11-05,95.49285
2002-11-06,94.24698
2002-11-07,92.92781
2002-11-08,94.65005
2002-11-11,95.34628
2002-11-12,95.96922
2002-11-13,92.63467
2002-11-14,93.07439
2002-11-15,93.44082
2002-11-18,97.87468
2002-11-19,96.77538
2002-11-20,98.93734
2002-11-21,99.19385
2002-11-22,101.6123
2002-11-25,98.97398
2002-11-26,97.4716
2002-11-27,98.46098
2002-11-29,98.46098
2002-12-02,99.92671
2002-12-03,100.1832
2002-12-04,98.20447
2002-12-05,99.92671
2002-12-06,99.04727
2002-12-09,100
2002-12-10,101.6123
2002-12-11,100.7329
2002-12-12,103.3346
2002-12-13,104.0308
2002-12-16,110.48
2002-12-17,110.077
2002-12-18,111.4328
2002-12-19,112.0191
2002-12-20,112.0191
2002-12-23,117.5889
2002-12-24,117.7354
2002-12-26,119.4943
2002-12-27,119.7508
2002-12-30,115.0971
2002-12-31,114.3642
2003-01-02,117.1491
2003-01-03,121.8761
2003-01-06,118.3217
2003-01-07,114.3276
2003-01-08,112.3488
2003-01-09,117.0759
2003-01-10,115.7567
2003-01-13,117.5522
2003-01-14,118.7981
2003-01-15,121.7662
2003-01-16,123.0487
2003-01-17,124.148
2003-01-21,126.8597
2003-01-22,125.7604
2003-01-23,124.2213
2003-01-24,128.1788
2003-01-27,118.8347
2003-01-28,119.8241
2003-01-29,122.9022
2003-01-30,123.7816
2003-01-31,122.7922
2003-02-03,120.3371
2003-02-04,123.1587
2003-02-05,124.258
2003-02-06,125.9069
2003-02-07,128.4353
2003-02-10,126.2734
2003-02-11,129.8278
2003-02-12,131.2935
2003-02-13,134.225
2003-02-14,134.1517
2003-02-18,135.1411
2003-02-19,135.6541
2003-02-20,133.5654
2003-02-21,134.7014
2003-02-24,136.6435
2003-02-25,132.1363
2003-02-26,139.0986
2003-02-27,134.9579
2003-02-28,134.7014
2003-03-03,132.2829
2003-03-04,135.3976
2003-03-05,135.0678
2003-03-06,136.3503
2003-03-07,138.3657
2003-03-10,136.2404
2003-03-11,134.8846
2003-03-12,138.7688
2003-03-13,132.0997
2003-03-14,129.7545
2003-03-17,127.959
2003-03-18,115.6101
2003-03-19,109.967
2003-03-20,104.8736
2003-03-21,99.59692
2003-03-24,108.1348
2003-03-25,122.4624
2003-03-26,105.2034
2003-03-27,111.0663
2003-03-28,110.6999
2003-03-31,114.1077
2003-04-01,108.0249
2003-04-02,104.6171
2003-04-03,106.4492
2003-04-04,104.1041
2003-04-07,101.7222
2003-04-08,102.4918
2003-04-09,106.0095
2003-04-10,99.67021
2003-04-11,103.6277
2003-04-14,104.1041
2003-04-15,107.9516
2003-04-16,106.8523
2003-04-17,110.2968
2003-04-21,112.7153
2003-04-22,109.6372
2003-04-23,102.7483
2003-04-24,100.8428
2003-04-25,94.97984
2003-04-28,92.52473
2003-04-29,92.78123
2003-04-30,95.60278
2003-05-01,95.45621
2003-05-02,94.32027
2003-05-05,96.84866
2003-05-06,93.99047
2003-05-07,96.15244
2003-05-08,98.71748
2003-05-09,101.3192
2003-05-12,100.1832
2003-05-13,104.4705
2003-05-14,107.0355
2003-05-15,104.6904
2003-05-16,106.5225
2003-05-19,105.6797
2003-05-20,107.3287
2003-05-21,108.1348
2003-05-22,106.5958
2003-05-23,108.9776
2003-05-27,107.1455
2003-05-28,104.2873
2003-05-29,106.8157
2003-05-30,108.3181
2003-06-02,112.5687
2003-06-03,112.7886
2003-06-04,109.2342
2003-06-05,113.0084
2003-06-06,114.5475
2003-06-09,114.9139
2003-06-10,116.2331
2003-06-11,117.882
2003-06-12,115.0971
2003-06-13,112.2389
2003-06-16,114.1077
2003-06-17,113.8879
2003-06-18,110.9564
2003-06-19,109.4174
2003-06-20,112.2389
2003-06-23,110.7365
2003-06-24,110.1136
2003-06-25,115.9765
2003-06-26,106.1561
2003-06-27,106.9256
2003-06-30,110.48
2003-07-01,111.4328
2003-07-02,110.993
2003-07-03,111.3595
2003-07-07,110.2235
2003-07-08,111.103
2003-07-09,113.1184
2003-07-10,113.7413
2003-07-11,114.804
2003-07-14,114.3276
2003-07-15,115.7933
2003-07-16,114.3276
2003-07-17,115.207
2003-07-18,117.1125
2003-07-21,116.0498
2003-07-22,110.6632
2003-07-23,110.4067
2003-07-24,112.5687
2003-07-25,111.0663
2003-07-28,109.8571
2003-07-29,110.6999
2003-07-30,112.4588
2003-07-31,111.9824
2003-08-01,118.1019
2003-08-04,116.5262
2003-08-05,118.5049
2003-08-06,116.4163
2003-08-07,118.7615
2003-08-08,118.1019
2003-08-11,116.9293
2003-08-12,116.9293
2003-08-13,113.0451
2003-08-14,113.0451
2003-08-15,113.6314
2003-08-18,112.8985
2003-08-19,112.7153
2003-08-20,113.4482
2003-08-21,116.4529
2003-08-22,115.9399
2003-08-25,115.1704
2003-08-26,117.2957
2003-08-27,114.2543
2003-08-28,115.0971
2003-08-29,116.3796
2003-09-02,108.3547
2003-09-03,107.8417
2003-09-04,105.7897
2003-09-05,106.0095
2003-09-08,105.7164
2003-09-09,107.0722
2003-09-10,107.7684
2003-09-11,105.753
2003-09-12,103.5544
2003-09-15,103.1513
2003-09-16,101.1359
2003-09-17,98.93734
2003-09-18,99.89007
2003-09-19,98.68083
2003-09-22,98.82741
2003-09-23,98.93734
2003-09-24,103.2979
2003-09-25,103.6643
2003-09-26,103.3712
2003-09-29,103.8842
2003-09-30,106.9623
2003-10-01,107.8417
2003-10-02,109.3074
2003-10-03,111.2862
2003-10-06,111.3961
2003-10-07,111.6893
2003-10-08,108.4646
2003-10-09,113.4848
2003-10-10,117.2957
2003-10-13,116.9293
2003-10-14,116.0865
2003-10-15,116.3063
2003-10-16,115.4635
2003-10-17,112.1656
2003-10-20,111.2862
2003-10-21,110.6266
2003-10-22,109.9304
2003-10-23,111.0663
2003-10-24,109.8937
2003-10-27,109.7472
2003-10-28,108.3547
2003-10-29,106.0828
2003-10-30,105.0568
2003-10-31,107.1455
2003-11-03,105.5698
2003-11-04,105.753
2003-11-05,110.993
2003-11-06,110.8465
2003-11-07,112.6053
2003-11-10,113.6314
2003-11-11,114.3642
2003-11-12,114.9505
2003-11-13,116.856
2003-11-14,118.395
2003-11-17,116.343
2003-11-18,121.5097
2003-11-19,120.3371
2003-11-20,120.4471
2003-11-21,118.2118
2003-11-24,109.8937
2003-11-25,110.0037
2003-11-26,111.1396
2003-11-28,111.1396
2003-12-01,109.5273
2003-12-02,112.642
2003-12-03,112.1656
2003-12-04,114.4742
2003-12-05,112.4221
2003-12-08,117.5522
2003-12-09,116.2331
2003-12-10,116.9659
2003-12-11,117.2957
2003-12-12,121.1433
2003-12-15,121.5464
2003-12-16,120.7036
2003-12-17,122.2426
2003-12-18,123.5617
2003-12-19,120.2272
2003-12-22,116.1964
2003-12-23,117.369
2003-12-24,120.8868
2003-12-26,120.8868
2003-12-29,119.1279
2003-12-30,120.9601
2003-12-31,119.1279
2004-01-02,119.1279
2004-01-05,123.5251
2004-01-06,122.9022
2004-01-07,123.0121
2004-01-08,125.5771
2004-01-09,125.9802
2004-01-12,127.959
2004-01-13,125.5405
2004-01-14,126.8597
2004-01-15,123.1587
2004-01-16,128.8384
2004-01-20,132.686
2004-01-21,130.1942
2004-01-22,128.6918
2004-01-23,128.0322
2004-01-26,126.0901
2004-01-27,124.5511
2004-01-28,123.232
2004-01-29,120.4104
2004-01-30,121.5097
2004-02-02,124.661
2004-02-03,125.3206
2004-02-04,121.1433
2004-02-05,121.8761
2004-02-06,119.0546
2004-02-09,120.5936
2004-02-10,124.6977
2004-02-11,124.3313
2004-02-12,124.6977
2004-02-13,126.4566
2004-02-17,128.7285
2004-02-18,129.7911
2004-02-19,131.2202
2004-02-20,131.1836
2004-02-23,131.0004
2004-02-24,131.3668
2004-02-25,136.6068
2004-02-26,129.9011
2004-02-27,132.2096
2004-03-01,135.0311
2004-03-02,134.1151
2004-03-03,131.1836
2004-03-04,134.8846
2004-03-05,136.7168
2004-03-08,133.8586
2004-03-09,132.9791
2004-03-10,132.686
2004-03-11,135.3976
2004-03-12,132.686
2004-03-15,137.1931
2004-03-16,136.9
2004-03-17,140.0147
2004-03-18,138.5489
2004-03-19,139.5749
2004-03-22,136.0205
2004-03-23,138.5489
2004-03-24,135.8007
2004-03-25,130.7072
2004-03-26,130.4874
2004-03-29,129.7545
2004-03-30,132.4661
2004-03-31,131.0004
2004-04-01,126.31
2004-04-02,126.0169
2004-04-05,125.6504
2004-04-06,128.5819
2004-04-07,132.9425
2004-04-08,136.0938
2004-04-12,138.4756
2004-04-13,135.9106
2004-04-14,134.1884
2004-04-15,138.2924
2004-04-16,138.1458
2004-04-19,137.2664
2004-04-20,137.8161
2004-04-21,134.1517
2004-04-22,138.1458
2004-04-23,136.3869
2004-04-26,135.6541
2004-04-27,137.3763
2004-04-28,136.4236
2004-04-29,137.413
2004-04-30,136.7168
2004-05-03,140.1979
2004-05-04,142.3965
2004-05-05,145.4379
2004-05-06,144.4119
2004-05-07,146.5005
2004-05-10,142.5431
2004-05-11,147.6731
2004-05-12,147.6731
2004-05-13,150.0183
2004-05-14,151.7772
2004-05-17,152.1803
2004-05-18,147.7464
2004-05-19,152.4734
2004-05-20,149.945
2004-05-21,145.9509
2004-05-24,154.0125
2004-05-25,151.8871
2004-05-26,148.7724
2004-05-27,143.8256
2004-05-28,146.2074
2004-06-01,155.1118
2004-06-02,146.4273
2004-06-03,143.9722
2004-06-04,140.8575
2004-06-07,141.8835
2004-06-08,136.2404
2004-06-09,137.7794
2004-06-10,140.8941
2004-06-14,137.7061
2004-06-15,136.2404
2004-06-16,136.79
2004-06-17,141.114
2004-06-18,141.7369
2004-06-21,138.1092
2004-06-22,139.6482
2004-06-23,137.6328
2004-06-24,138.5489
2004-06-25,136.8267
2004-06-28,132.8325
2004-06-29,130.4507
2004-06-30,135.2877
2004-07-01,141.2972
2004-07-02,140.601
2004-07-06,144.9615
2004-07-07,143.5691
2004-07-08,147.5632
2004-07-09,146.2074
2004-07-12,144.0088
2004-07-13,144.9249
2004-07-14,150.1649
2004-07-15,149.1389
2004-07-16,150.6046
2004-07-19,152.2536
2004-07-20,149.7252
2004-07-21,148.8824
2004-07-22,152.107
2004-07-23,153.243
2004-07-26,151.8871
2004-07-27,153.2796
2004-07-28,156.8707
2004-07-29,156.4309
2004-07-30,160.2052
2004-08-02,160.6083
2004-08-03,161.7076
2004-08-04,156.5775
2004-08-05,162.6603
2004-08-06,161.048
2004-08-09,164.3826
2004-08-10,163.1
2004-08-11,163.8696
2004-08-12,166.801
2004-08-13,170.7952
2004-08-16,168.6332
2004-08-17,171.3082
2004-08-18,173.5434
2004-08-19,178.3071
2004-08-20,174.4229
2004-08-23,168.5599
2004-08-24,167.3873
2004-08-25,160.6083
2004-08-26,157.7867
2004-08-27,157.97
2004-08-30,155.0751
2004-08-31,154.7453
2004-09-01,160.8281
2004-09-02,161.3778
2004-09-03,161.0114
2004-09-07,158.2265
2004-09-08,156.7241
2004-09-09,163.1733
2004-09-10,156.9806
2004-09-13,160.7182
2004-09-14,163.5031
2004-09-15,160.6083
2004-09-16,161.3412
2004-09-17,167.2041
2004-09-20,169.7691
2004-09-21,172.6273
2004-09-22,177.391
2004-09-23,177.2444
2004-09-24,179.0399
2004-09-27,181.605
2004-09-28,182.3379
2004-09-29,181.4951
2004-09-30,181.605
2004-10-01,183.8036
2004-10-04,182.6676
2004-10-05,187.1748
2004-10-06,190.4727
2004-10-07,192.598
2004-10-08,195.6761
2004-10-11,196.5922
2004-10-12,196.0059
2004-10-13,197.3617
2004-10-14,200.4031
2004-10-15,201.1359
2004-10-18,196.3723
2004-10-19,195.2363
2004-10-20,201.2825
2004-10-21,199.7435
2004-10-22,204.5804
2004-10-25,203.4445
2004-10-26,206.5592
2004-10-27,192.4514
2004-10-28,186.6984
2004-10-29,189.7398
2004-11-01,183.5837
2004-11-02,181.7516
2004-11-03,186.5152
2004-11-04,178.8201
2004-11-05,181.9348
2004-11-08,179.9194
2004-11-09,173.69
2004-11-10,178.4536
2004-11-11,174.0564
2004-11-12,173.3236
2004-11-15,172.041
2004-11-16,168.9263
2004-11-17,171.6746
2004-11-18,169.6592
2004-11-19,179.1865
2004-11-22,177.6475
2004-11-23,178.6002
2004-11-24,180.066
2004-11-26,180.066
2004-11-29,182.1546
2004-11-30,180.1393
2004-12-01,166.9476
2004-12-02,158.7028
2004-12-03,155.9546
2004-12-06,157.4203
2004-12-07,152.107
2004-12-08,153.756
2004-12-09,155.4049
2004-12-10,149.1755
2004-12-13,150.458
2004-12-14,153.0231
2004-12-15,162.0007
2004-12-16,161.8175
2004-12-17,169.6959
2004-12-20,166.9842
2004-12-21,167.6805
2004-12-22,161.4144
2004-12-23,154.5988
2004-12-27,151.1909
2004-12-28,153.0964
2004-12-29,160.0953
2004-12-30,158.886
2004-12-31,158.886
2005-01-03,154.4888
2005-01-04,161.0846
2005-01-05,159.0693
2005-01-06,166.7644
2005-01-07,166.0682
2005-01-10,166.0315
2005-01-11,167.314
2005-01-12,170.2455
2005-01-13,176.2917
2005-01-14,177.391
2005-01-18,177.5742
2005-01-19,174.4595
2005-01-20,172.2609
2005-01-21,177.0246
2005-01-24,178.1239
2005-01-25,181.1286
2005-01-26,178.8201
2005-01-27,178.8201
2005-01-28,172.7739
2005-01-31,176.8047
2005-02-01,172.5907
2005-02-02,170.9417
2005-02-03,170.0257
2005-02-04,170.2089
2005-02-07,166.1781
2005-02-08,166.3613
2005-02-09,166.5445
2005-02-10,172.4075
2005-02-11,172.7739
2005-02-14,174.0564
2005-02-15,173.3236
2005-02-16,177.1711
2005-02-17,174.0564
2005-02-18,177.5376
2005-02-22,186.8816
2005-02-23,189.5566
2005-02-24,190.7292
2005-02-25,191.2789
2005-02-28,189.6299
2005-03-01,189.3367
2005-03-02,194.2103
2005-03-03,196.4089
2005-03-04,196.7754
2005-03-07,197.5082
2005-03-08,199.8901
2005-03-09,200.6229
2005-03-10,196.1158
2005-03-11,199.3404
2005-03-14,201.1726
2005-03-15,201.7222
2005-03-16,207.0355
2005-03-17,206.6691
2005-03-18,208.1348
2005-03-21,207.7684
2005-03-22,205.0202
2005-03-23,181.1286
2005-03-24,182.118
2005-03-28,198.0945
2005-03-29,198.8274
2005-03-30,197.7281
2005-03-31,202.675
2005-04-01,209.8204
2005-04-04,208.3547
2005-04-05,204.5804
2005-04-06,204.7637
2005-04-07,198.461
2005-04-08,195.8959
2005-04-11,196.812
2005-04-12,188.8604
2005-04-13,183.9868
2005-04-14,187.2847
2005-04-15,185.4525
2005-04-18,185.1228
2005-04-19,191.7552
2005-04-20,192.1949
2005-04-21,192.3415
2005-04-22,198.461
2005-04-25,194.7966
2005-04-26,199.0839
2005-04-27,188.2374
2005-04-28,190.2528
2005-04-29,180.2858
2005-05-02,186.6618
2005-05-03,181.7516
2005-05-04,184.0235
2005-05-05,187.3214
2005-05-06,187.9809
2005-05-09,190.6926
2005-05-10,189.6665
2005-05-11,184.6464
2005-05-12,178.93
2005-05-13,178.2704
2005-05-16,178.2338
2005-05-17,179.443
2005-05-18,172.1876
2005-05-19,172.2243
2005-05-20,173.1404
2005-05-23,178.3804
2005-05-24,180.066
2005-05-25,184.5731
2005-05-26,186.4786
2005-05-27,189.2635
2005-05-31,190.8391
2005-06-01,199.3404
2005-06-02,195.8959
2005-06-03,201.8322
2005-06-06,199.5603
2005-06-07,197.2884
2005-06-08,192.4148
2005-06-09,199.1938
2005-06-10,196.2257
2005-06-13,203.2613
2005-06-14,201.649
2005-06-15,203.4811
2005-06-16,206.9622
2005-06-17,213.9978
2005-06-20,216.8926
2005-06-21,215.83
2005-06-22,213.5214
2005-06-23,217.0392
2005-06-24,218.5049
2005-06-27,219.0546
2005-06-28,213.7047
2005-06-29,209.7105
2005-06-30,207.5119
2005-07-01,216.5995
2005-07-05,218.7981
2005-07-06,224.4045
2005-07-07,222.6457
2005-07-08,218.7981
2005-07-11,217.0392
2005-07-12,221.6563
2005-07-13,219.8607
2005-07-14,211.9091
2005-07-15,213.8512
2005-07-18,209.3074
2005-07-19,211.103
2005-07-20,207.8783
2005-07-21,210.0037
2005-07-22,211.616
2005-07-25,213.1184
2005-07-26,216.3796
2005-07-27,216.6361
2005-07-28,219.531
2005-07-29,222.4624
2005-08-01,225.3939
2005-08-02,226.7131
2005-08-03,222.6457
2005-08-04,225.7237
2005-08-05,228.8018
2005-08-08,234.225
2005-08-09,231.3302
2005-08-10,237.4496
2005-08-11,240.6376
2005-08-12,244.4485
2005-08-15,242.6163
2005-08-16,242.2499
2005-08-17,231.9165
2005-08-18,232.576
2005-08-19,240.0513
2005-08-22,239.8681
2005-08-23,241.1506
2005-08-24,245.8776
2005-08-25,246.5738
2005-08-26,242.03
2005-08-29,247.0136
2005-08-30,256.1744
2005-08-31,251.4841
2005-09-01,254.672
2005-09-02,245.1814
2005-09-06,241.2239
2005-09-07,235.9106
2005-09-08,237.4496
2005-09-09,235.2877
2005-09-12,231.9165
2005-09-13,231.5134
2005-09-14,238.9154
2005-09-15,236.8633
2005-09-16,230.524
2005-09-19,246.2807
2005-09-20,242.7263
2005-09-21,245.3646
2005-09-22,245.7677
2005-09-23,236.9733
2005-09-26,241.7735
2005-09-27,237.9626
2005-09-28,243.166
2005-09-29,244.8882
2005-09-30,242.6163
2005-10-03,239.5016
2005-10-04,233.5654
2005-10-05,229.2415
2005-10-06,226.4932
2005-10-07,226.4932
2005-10-10,222.4624
2005-10-11,233.9318
2005-10-12,234.9945
2005-10-13,231.037
2005-10-14,229.4247
2005-10-17,235.4709
2005-10-18,230.6339
2005-10-19,227.5925
2005-10-20,223.6717
2005-10-21,223.7083
2005-10-24,222.1693
2005-10-25,230.2309
2005-10-26,222.9754
2005-10-27,223.635
2005-10-28,224.6244
2005-10-31,219.1279
2005-11-01,219.3111
2005-11-02,218.9447
2005-11-03,226.0901
2005-11-04,222.0594
2005-11-07,217.6621
2005-11-08,218.7614
2005-11-09,218.5782
2005-11-10,211.7992
2005-11-11,210.5167
2005-11-14,211.0663
2005-11-15,209.0509
2005-11-16,211.9824
2005-11-17,205.9362
2005-11-18,206.3027
2005-11-21,211.616
2005-11-22,213.6314
2005-11-23,213.8146
2005-11-25,213.8146
2005-11-28,210.1869
2005-11-29,206.889
2005-11-30,210.077
2005-12-01,214.2177
2005-12-02,217.3324
2005-12-05,219.531
2005-12-06,219.7142
2005-12-07,216.9659
2005-12-08,222.2792
2005-12-09,217.6988
2005-12-12,224.8443
2005-12-13,224.8443
2005-12-14,223.0121
2005-12-15,219.8974
2005-12-16,212.5687
2005-12-19,210.0037
2005-12-20,211.8358
2005-12-21,214.5841
2005-12-22,212.8252
2005-12-23,212.8252
2005-12-27,213.1184
2005-12-28,219.1645
2005-12-29,220.8135
2005-12-30,223.745
2006-01-03,231.2569
2006-01-04,232.3562
2006-01-05,230.1576
2006-01-06,235.2877
2006-01-09,232.9058
2006-01-10,232.3562
2006-01-11,234.1884
2006-01-12,234.3716
2006-01-13,234.0051
2006-01-17,243.166
2006-01-18,240.9674
2006-01-19,244.9982
2006-01-20,249.7618
2006-01-23,249.3954
2006-01-24,244.8882
2006-01-25,240.3811
2006-01-26,241.114
2006-01-27,248.4793
2006-01-30,250.4947
2006-01-31,248.6625
2006-02-01,244.0821
2006-02-02,237.1198
2006-02-03,239.6849
2006-02-06,238.5856
2006-02-07,230.8904
2006-02-08,229.0583
2006-02-09,229.6079
2006-02-10,227.2261
2006-02-13,224.4778
2006-02-14,218.4317
2006-02-15,211.103
2006-02-16,214.7673
2006-02-17,218.9813
2006-02-21,224.2946
2006-02-22,216.3063
2006-02-23,212.642
2006-02-24,225.2107
2006-02-27,223.5617
2006-02-28,224.8809
2006-03-01,227.2261
2006-03-02,232.173
2006-03-03,233.0891
2006-03-06,228.875
2006-03-07,225.3939
2006-03-08,220.0806
2006-03-09,221.7296
2006-03-10,219.531
2006-03-13,226.4932
2006-03-14,230.8904
2006-03-15,227.5925
2006-03-16,232.5394
2006-03-17,230.1576
2006-03-20,220.9967
2006-03-21,221.3631
2006-03-22,219.9707
2006-03-23,227.6658
2006-03-24,234.1517
2006-03-27,233.6021
2006-03-28,240.5643
2006-03-29,241.8468
2006-03-30,244.4119
2006-03-31,242.7629
2006-04-03,242.1033
2006-04-04,240.9307
2006-04-05,244.6317
2006-04-06,246.3173
2006-04-07,245.5845
2006-04-10,250.2382
2006-04-11,252.9498
2006-04-12,251.1176
2006-04-13,254.782
2006-04-17,257.6035
2006-04-18,261.1946
2006-04-19,264.0894
2006-04-20,263.6863
2006-04-21,270.1722
2006-04-24,257.2004
2006-04-25,247.0868
2006-04-26,262.7702
2006-04-27,259.2891
2006-04-28,263.1
2006-05-01,270.2455
2006-05-02,273.4335
2006-05-03,264.7856
2006-05-04,256.4309
2006-05-05,256.834
2006-05-08,255.5881
2006-05-09,259.1059
2006-05-10,264.3826
2006-05-11,267.4973
2006-05-12,263.3565
2006-05-15,253.756
2006-05-16,254.3056
2006-05-17,251.5573
2006-05-18,255.1484
2006-05-19,250.7878
2006-05-22,253.6827
2006-05-23,259.3624
2006-05-24,254.5621
2006-05-25,259.8754
2006-05-26,261.4511
2006-05-30,263.2833
2006-05-31,261.7076
2006-06-01,256.9073
2006-06-02,266.5079
2006-06-05,265.6651
2006-06-06,265.4086
2006-06-07,259.8021
2006-06-08,257.4203
2006-06-09,262.4405
2006-06-12,257.5302
2006-06-13,250.9344
2006-06-14,253.2796
2006-06-15,255.6981
2006-06-16,255.5881
2006-06-19,253.6094
2006-06-20,253.9392
2006-06-21,256.7607
2006-06-22,258.7761
2006-06-23,258.3364
2006-06-26,262.4771
2006-06-27,264.0161
2006-06-28,264.3826
2006-06-29,269.3294
2006-06-30,270.9417
2006-07-03,270.9417
2006-07-05,275.5588
2006-07-06,274.826
2006-07-07,270.2822
2006-07-10,269.3294
2006-07-11,271.3448
2006-07-12,274.7893
2006-07-13,281.0553
2006-07-14,281.4218
2006-07-17,277.391
2006-07-18,270.6852
2006-07-19,266.7278
2006-07-20,271.1616
2006-07-21,269.4027
2006-07-24,272.2242
2006-07-25,269.1829
2006-07-26,270.502
2006-07-27,272.9938
2006-07-28,268.5966
2006-07-31,273.2136
2006-08-01,274.5694
2006-08-02,279.0766
2006-08-03,276.9879
2006-08-04,274.0198
2006-08-07,282.3379
2006-08-08,279.5529
2006-08-09,279.5163
2006-08-10,271.7845
2006-08-11,272.554
2006-08-14,268.7065
2006-08-15,267.314
2006-08-16,262.5137
2006-08-17,256.9439
2006-08-18,259.912
2006-08-21,265.4819
2006-08-22,265.8483
2006-08-23,261.8175
2006-08-24,263.9062
2006-08-25,264.3093
2006-08-28,258.2265
2006-08-29,255.5515
2006-08-30,257.2371
2006-08-31,257.8967
2006-09-01,253.7193
2006-09-05,251.7406
2006-09-06,248.2594
2006-09-07,246.867
2006-09-08,242.9461
2006-09-11,239.7215
2006-09-12,233.8219
2006-09-13,234.8479
2006-09-14,231.8432
2006-09-15,231.9531
2006-09-18,233.9318
2006-09-19,226.3466
2006-09-20,219.8607
2006-09-21,225.797
2006-09-22,219.0912
2006-09-25,222.5724
2006-09-26,222.1693
2006-09-27,230.7072
2006-09-28,228.875
2006-09-29,230.4874
2006-10-02,223.3785
2006-10-03,214.8772
2006-10-04,218.1385
2006-10-05,219.934
2006-10-06,218.6882
2006-10-09,219.6042
2006-10-10,214.3642
2006-10-11,210.9198
2006-10-12,213.3749
2006-10-13,215.0605
2006-10-16,219.531
2006-10-17,215.8666
2006-10-18,211.2862
2006-10-19,214.5475
2006-10-20,210.1502
2006-10-23,207.915
2006-10-24,210.8831
2006-10-25,216.5262
2006-10-26,220.8501
2006-10-27,222.609
2006-10-30,214.0344
2006-10-31,215.1704
2006-11-01,214.8772
2006-11-02,212.0557
2006-11-03,216.6728
2006-11-06,220.2638
2006-11-07,215.9765
2006-11-08,219.6042
2006-11-09,224.1847
2006-11-10,218.6149
2006-11-13,214.694
2006-11-14,213.5581
2006-11-15,215.4269
2006-11-16,206.0462
2006-11-17,204.8369
2006-11-20,206.7424
2006-11-21,212.5687
2006-11-22,209.8937
2006-11-24,209.8937
2006-11-27,220.9601
2006-11-28,223.4152
2006-11-29,228.8384
2006-11-30,230.7439
2006-12-01,232.4295
2006-12-04,228.6185
2006-12-05,228.6552
2006-12-06,227.9223
2006-12-07,229.1682
2006-12-08,227.4093
2006-12-11,224.4778
2006-12-12,223.745
2006-12-13,224.771
2006-12-14,228.9483
2006-12-15,232.3195
2006-12-18,227.8857
2006-12-19,230.3774
2006-12-20,231.1469
2006-12-21,227.3727
2006-12-22,226.4932
2006-12-26,223.7816
2006-12-27,220.9967
2006-12-28,221.2899
2006-12-29,222.9754
2007-01-03,213.668
2007-01-04,203.9209
2007-01-05,206.266
2007-01-08,205.4965
2007-01-09,203.9209
2007-01-10,197.6915
2007-01-11,190.2162
2007-01-12,194.0638
2007-01-16,187.7244
2007-01-17,191.6453
2007-01-18,185.0861
2007-01-19,190.4727
2007-01-22,187.2847
2007-01-23,196.4456
2007-01-24,198.7541
2007-01-25,196.0059
2007-01-26,202.9315
2007-01-29,197.9113
2007-01-30,208.9776
2007-01-31,213.155
2007-02-01,210.1502
2007-02-02,216.233
2007-02-05,215.0605
2007-02-06,215.8666
2007-02-07,211.616
2007-02-08,218.9813
2007-02-09,219.3477
2007-02-12,211.6526
2007-02-13,216.1231
2007-02-14,212.5321
2007-02-15,212.2389
2007-02-16,217.5889
2007-02-20,213.7047
2007-02-21,217.6621
2007-02-22,220.8868
2007-02-23,220.8868
2007-02-26,225.0275
2007-02-27,225.2107
2007-02-28,226.3833
2007-03-01,227.0795
2007-03-02,225.6504
2007-03-05,220.044
2007-03-06,222.2792
2007-03-07,226.6398
2007-03-08,225.8336
2007-03-09,220.0806
2007-03-12,215.9765
2007-03-13,212.642
2007-03-14,213.0817
2007-03-15,210.7732
2007-03-16,209.0876
2007-03-19,207.5852
2007-03-20,206.7057
2007-03-21,208.7944
2007-03-22,220.6303
2007-03-23,223.7816
2007-03-26,226.3466
2007-03-27,230.7805
2007-03-28,234.9212
2007-03-29,242.2133
2007-03-30,241.627
2007-04-02,241.9568
2007-04-03,236.6801
2007-04-04,235.9839
2007-04-05,235.4709
2007-04-09,225.3939
2007-04-10,226.8963
2007-04-11,227.1162
2007-04-12,234.0418
2007-04-13,233.1623
2007-04-16,233.1623
2007-04-17,231.3668
2007-04-18,231.3668
2007-04-19,226.4932
2007-04-20,232.9058
2007-04-23,239.3917
2007-04-24,234.8846
2007-04-25,239.3917
2007-04-26,238.4756
2007-04-27,243.4958
2007-04-30,241.0407
2007-05-01,236.0938
2007-05-02,233.712
2007-05-03,231.6966
2007-05-04,226.7864
2007-05-07,225.284
2007-05-08,228.1422
2007-05-09,225.5038
2007-05-10,226.6398
2007-05-11,228.472
2007-05-14,229.2048
2007-05-15,231.4401
2007-05-16,229.2781
2007-05-17,237.5595
2007-05-18,237.926
2007-05-21,242.7629
2007-05-22,237.8527
2007-05-23,238.5489
2007-05-24,233.1257
2007-05-25,236.6801
2007-05-29,231.55
2007-05-30,232.576
2007-05-31,234.5914
2007-06-01,238.5123
2007-06-04,242.4698
2007-06-05,240.491
2007-06-06,241.7369
2007-06-07,245.2547
2007-06-08,237.3763
2007-06-11,241.5903
2007-06-12,239.5016
2007-06-13,242.4698
2007-06-14,247.7831
2007-06-15,249.3221
2007-06-18,253.0597
2007-06-19,253.3895
2007-06-20,251.0077
2007-06-21,250.458
2007-06-22,252.2902
2007-06-25,252.2169
2007-06-26,248.3694
2007-06-27,252.7666
2007-06-28,255.0751
2007-06-29,258.2265
2007-07-02,260.5716
2007-07-03,261.6709
2007-07-05,263.1367
2007-07-06,266.7644
2007-07-09,264.3459
2007-07-10,266.7644
2007-07-11,265.9582
2007-07-12,265.8483
2007-07-13,270.7585
2007-07-16,271.5647
2007-07-17,271.2715
2007-07-18,274.9359
2007-07-19,278.1238
2007-07-20,276.768
2007-07-23,273.5434
2007-07-24,268.8897
2007-07-25,277.5376
2007-07-26,274.6794
2007-07-27,282.2646
2007-07-30,281.4951
2007-07-31,286.5518
2007-08-01,280.2858
2007-08-02,281.5683
2007-08-03,276.3283
2007-08-06,263.9428
2007-08-07,264.749
2007-08-08,264.6757
2007-08-09,262.4405
2007-08-10,261.9641
2007-08-13,262.3672
2007-08-14,265.2986
2007-08-15,268.8164
2007-08-16,260.1319
2007-08-17,263.4665
2007-08-20,260.6083
2007-08-21,254.6354
2007-08-22,253.9392
2007-08-23,255.9912
2007-08-24,260.7915
2007-08-27,263.7596
2007-08-28,263.0634
2007-08-29,269.4027
2007-08-30,268.8531
2007-08-31,271.0883
2007-09-04,275.0825
2007-09-05,277.5376
2007-09-06,279.7362
2007-09-07,281.0553
2007-09-10,284.0967
2007-09-11,286.4053
2007-09-12,292.598
2007-09-13,293.3309
2007-09-14,289.9963
2007-09-17,295.1631
2007-09-18,298.6808
2007-09-19,300.4397
2007-09-20,307.2554
2007-09-21,305.5332
2007-09-24,302.3452
2007-09-25,297.5449
2007-09-26,294.2836
2007-09-27,303.6277
2007-09-28,299.1572
2007-10-01,294.2836
2007-10-02,293.1477
2007-10-03,293.0378
2007-10-04,298.5709
2007-10-05,297.5449
2007-10-08,289.3734
2007-10-09,293.9905
2007-10-10,297.9113
2007-10-11,304.3239
2007-10-12,306.8157
2007-10-15,315.83
2007-10-16,320.9234
2007-10-17,319.4943
2007-10-18,327.8857
2007-10-19,324.5878
2007-10-22,320.9967
2007-10-23,316.7827
2007-10-24,323.5617
2007-10-25,337.4496
2007-10-26,336.1305
2007-10-29,342.4331
2007-10-30,331.0004
2007-10-31,345.0348
2007-11-01,342.7263
2007-11-02,351.081
2007-11-05,344.6684
2007-11-06,354.159
2007-11-07,353.4628
2007-11-08,349.9817
2007-11-09,353.0964
2007-11-12,345.9142
2007-11-13,334.1151
2007-11-14,344.5218
2007-11-15,342.14
2007-11-16,347.4166
2007-11-19,350.8611
2007-11-20,363.3565
2007-11-21,361.1946
2007-11-23,359.9854
2007-11-26,357.86
2007-11-27,345.8776
2007-11-28,332.3928
2007-11-29,333.3822
2007-11-30,324.661
2007-12-03,327.1895
2007-12-04,323.5984
2007-12-05,320.4471
2007-12-06,330.7072
2007-12-07,323.3052
2007-12-10,321.4364
2007-12-11,330.2309
2007-12-12,345.9509
2007-12-13,338.4023
2007-12-14,334.5914
2007-12-17,332.3195
2007-12-18,329.5346
2007-12-19,333.8586
2007-12-20,333.0157
2007-12-21,341.4804
2007-12-24,344.4485
2007-12-26,351.3741
2007-12-27,354.0858
2007-12-28,351.8871
2007-12-31,351.594
2008-01-02,365.1154
2008-01-03,363.3932
2008-01-04,358.7395
2008-01-07,348.406
2008-01-08,353.3529
2008-01-09,350.458
2008-01-10,344.1554
2008-01-11,339.8315
2008-01-14,345.2913
2008-01-15,336.6435
2008-01-16,332.7226
2008-01-17,330.1942
2008-01-18,331.8065
2008-01-22,328.472
2008-01-23,321.1799
2008-01-24,329.7178
2008-01-25,331.1469
2008-01-28,333.4188
2008-01-29,335.8739
2008-01-30,338.3657
2008-01-31,335.9106
2008-02-01,326.2367
2008-02-04,330.0476
2008-02-05,323.635
2008-02-06,319.3844
2008-02-07,322.7189
2008-02-08,336.277
2008-02-11,342.8362
2008-02-12,340.1246
2008-02-13,341.8102
2008-02-14,349.6519
2008-02-15,350.2015
2008-02-19,366.3979
2008-02-20,369.5859
2008-02-21,361.1946
2008-02-22,362.8802
2008-02-25,364.236
2008-02-26,369.476
2008-02-27,364.9322
2008-02-28,375.9619
2008-02-29,372.9571
2008-03-03,375.3023
2008-03-04,365.4086
2008-03-05,382.7409
2008-03-06,386.6252
2008-03-07,385.196
2008-03-10,395.3829
2008-03-11,398.4243
2008-03-12,402.565
2008-03-13,403.8476
2008-03-14,403.188
2008-03-17,387.4679
2008-03-18,401.5024
2008-03-19,378.3437
2008-03-20,375.852
2008-03-24,372.664
2008-03-25,372.9571
2008-03-26,387.7977
2008-03-27,394.1371
2008-03-28,386.9183
2008-03-31,372.0777
2008-04-01,369.8058
2008-04-02,384.1334
2008-04-03,380.7988
2008-04-04,388.7505
2008-04-07,399.0839
2008-04-08,397.7281
2008-04-09,406.3393
2008-04-10,403.3346
2008-04-11,403.5911
2008-04-14,409.3441
2008-04-15,416.8926
2008-04-16,420.6669
2008-04-17,420.6669
2008-04-18,427.1161
2008-04-21,430.4874
2008-04-22,436.6801
2008-04-23,437.0832
2008-04-24,429.0949
2008-04-25,438.4023
2008-04-28,435.251
2008-04-29,423.8549
2008-04-30,416.6361
2008-05-01,412.6053
2008-05-02,426.3833
2008-05-05,439.5016
2008-05-06,446.3906
2008-05-07,452.7666
2008-05-08,453.5361
2008-05-09,461.4877
2008-05-12,454.4522
2008-05-13,461.0847
2008-05-14,455.1484
2008-05-15,455.295
2008-05-16,463.5398
2008-05-19,465.9216
2008-05-20,472.4441
2008-05-21,487.3214
2008-05-22,476.5115
2008-05-23,482.1546
2008-05-27,472.0044
2008-05-28,480.0293
2008-05-29,464.2726
2008-05-30,466.6544
2008-06-02,468.1202
2008-06-03,455.5881
2008-06-04,448.1495
2008-06-05,468.7798
2008-06-06,507.5486
2008-06-09,492.6347
2008-06-10,481.4218
2008-06-11,499.9267
2008-06-12,501.6856
2008-06-13,494.1004
2008-06-16,492.9278
2008-06-17,490.9857
2008-06-18,500.3298
2008-06-19,483.2539
2008-06-20,493.8806
2008-06-23,498.2778
2008-06-24,500.1466
2008-06-25,490.7292
2008-06-26,509.0143
2008-06-27,511.8725
2008-06-30,512.8619
2008-07-01,516.8926
2008-07-02,526.7131
2008-07-03,532.4661
2008-07-07,518.0652
2008-07-08,498.5709
2008-07-09,497.9113
2008-07-10,518.395
2008-07-11,531.1836
2008-07-14,531.9164
2008-07-15,508.1715
2008-07-16,493.3309
2008-07-17,474.2763
2008-07-18,472.4808
2008-07-21,481.605
2008-07-22,466.288
2008-07-23,453.3895
2008-07-24,456.6508
2008-07-25,449.2122
2008-07-28,457.0172
2008-07-29,447.8197
2008-07-30,464.4192
2008-07-31,455.0018
2008-08-01,458.1532
2008-08-04,445.0348
2008-08-05,434.9945
2008-08-06,434.4815
2008-08-07,439.1352
2008-08-08,422.9388
2008-08-11,419.3477
2008-08-12,414.4375
2008-08-13,424.9175
2008-08-14,421.583
2008-08-15,415.7567
2008-08-18,413.778
2008-08-19,419.1645
2008-08-20,423.1587
2008-08-21,444.2287
2008-08-22,419.4943
2008-08-25,420.8501
2008-08-26,426.2001
2008-08-27,433.0157
2008-08-28,423.5251
2008-08-29,423.4152
2008-09-02,401.7222
2008-09-03,400.8062
2008-09-04,395.7127
2008-09-05,390.1429
2008-09-08,389.7032
2008-09-09,378.2704
2008-09-10,376.1818
2008-09-11,369.9157
2008-09-12,370.7952
2008-09-15,350.0183
2008-09-16,335.251
2008-09-17,356.8706
2008-09-18,357.2737
2008-09-19,381.2752
2008-09-22,449.2855
2008-09-23,395.1997
2008-09-24,391.4987
2008-09-25,408.7211
2008-09-26,391.2422
2008-09-29,352.8399
2008-09-30,368.9996
2008-10-01,359.9487
2008-10-02,343.8622
2008-10-03,344.1187
2008-10-06,323.0121
2008-10-07,330.4507
2008-10-08,325.9069
2008-10-09,316.9659
2008-10-10,283.7669
2008-10-13,297.435
2008-10-14,288.3474
2008-10-15,272.554
2008-10-16,255.808
2008-10-17,263.4665
2008-10-20,271.4547
2008-10-21,261.2312
2008-10-22,245.218
2008-10-23,246.1341
2008-10-24,232.0997
2008-10-27,226.8963
2008-10-28,230.1209
2008-10-29,247.1601
2008-10-30,241.0773
2008-10-31,249.542
2008-11-03,234.2616
2008-11-04,258.0066
2008-11-05,239.6849
2008-11-06,222.4991
2008-11-07,223.745
2008-11-10,227.8857
2008-11-11,217.5889
2008-11-12,205.0202
2008-11-13,213.668
2008-11-14,209.5273
2008-11-17,202.052
2008-11-18,199.4137
2008-11-19,196.5555
2008-11-20,179.0399
2008-11-21,180.3591
2008-11-24,196.5189
2008-11-25,183.2906
2008-11-26,198.6075
2008-11-28,202.3085
2008-12-01,180.7988
2008-12-02,172.4075
2008-12-03,171.4547
2008-12-04,160.4984
2008-12-05,150.2748
2008-12-08,160.0953
2008-12-09,153.9025
2008-12-10,157.9333
2008-12-11,175.0458
2008-12-12,169.5493
2008-12-15,163.4665
2008-12-16,160.6449
2008-12-17,147.1968
2008-12-18,134.5914
2008-12-19,121.5464
2008-12-22,113.9612
2008-12-23,110.9564
2008-12-24,120.7036
2008-12-26,137.7061
2008-12-29,146.1708
2008-12-30,142.7263
2008-12-31,163.4298
2009-01-02,169.1828
2009-01-05,178.1239
2009-01-06,177.9406
2009-01-07,156.6508
2009-01-08,152.7299
2009-01-09,149.1022
2009-01-12,137.9626
2009-01-13,138.4023
2009-01-14,137.1565
2009-01-15,129.7545
2009-01-16,129.6446
2009-01-20,141.3338
2009-01-21,155.9546
2009-01-22,155.1118
2009-01-23,165.3353
2009-01-26,170.3921
2009-01-27,152.6933
2009-01-28,154.0491
2009-01-29,152.3635
2009-01-30,152.9132
2009-02-02,151.5207
2009-02-03,149.7618
2009-02-04,147.5632
2009-02-05,150.7878
2009-02-06,147.4533
2009-02-09,145.0348
2009-02-10,137.5595
2009-02-11,131.6599
2009-02-12,124.6977
2009-02-13,137.8893
2009-02-17,128.1055
2009-02-18,127.0429
2009-02-19,145.1081
2009-02-20,144.192
2009-02-23,137.9993
2009-02-24,142.3965
2009-02-25,152.5834
2009-02-26,158.2265
2009-02-27,161.7809
2009-03-02,146.8303
2009-03-03,152.3269
2009-03-04,165.9216
2009-03-05,159.5456
2009-03-06,166.4712
2009-03-09,172.2609
2009-03-10,167.3873
2009-03-11,155.5881
2009-03-12,171.8945
2009-03-13,169.3661
2009-03-16,173.4335
2009-03-17,179.443
2009-03-18,176.3283
2009-03-19,188.5672
2009-03-20,188.897
2009-03-23,194.3936
2009-03-24,195.5295
2009-03-25,191.4254
2009-03-26,197.3983
2009-03-27,192.0484
2009-03-30,177.6841
2009-03-31,181.8981
2009-04-01,177.5742
2009-04-02,192.7812
2009-04-03,192.4514
2009-04-06,187.2481
2009-04-07,180.0293
2009-04-08,180.9088
2009-04-09,191.4254
2009-04-13,184.0235
2009-04-14,181.4218
2009-04-15,180.5057
2009-04-16,183.1074
2009-04-17,184.5365
2009-04-20,167.9003
2009-04-21,170.9417
2009-04-22,173.7266
2009-04-23,177.5742
2009-04-24,185.5991
2009-04-27,180.6156
2009-04-28,179.5896
2009-04-29,183.9135
2009-04-30,184.4998
2009-05-01,191.2056
2009-05-04,199.5236
2009-05-05,197.1785
2009-05-06,206.266
2009-05-07,207.6585
2009-05-08,214.6574
2009-05-11,211.7626
2009-05-12,215.5002
2009-05-13,212.5321
2009-05-14,214.6574
2009-05-15,207.1088
2009-05-18,216.1598
2009-05-19,218.1019
2009-05-20,225.1741
2009-05-21,221.6563
2009-05-22,224.0748
2009-05-26,228.9483
2009-05-27,232.3562
2009-05-28,238.5123
2009-05-29,242.9828
2009-06-01,251.3375
2009-06-02,251.3008
2009-06-03,242.3598
2009-06-04,252.107
2009-06-05,250.7512
2009-06-08,249.3587
2009-06-09,256.5775
2009-06-10,261.561
2009-06-11,266.3613
2009-06-12,264.3093
2009-06-15,258.483
2009-06-16,258.2265
2009-06-17,260.4251
2009-06-18,261.7076
2009-06-19,255.0385
2009-06-22,245.841
2009-06-23,252.1436
2009-06-24,249.6885
2009-06-25,255.4049
2009-06-26,253.4262
2009-06-29,261.8908
2009-06-30,255.8446
2009-07-01,254.0125
2009-07-02,244.3386
2009-07-06,234.738
2009-07-07,230.4141
2009-07-08,220.4104
2009-07-09,221.1799
2009-07-10,219.6042
2009-07-13,218.7248
2009-07-14,218.4683
2009-07-15,225.3206
2009-07-16,227.446
2009-07-17,232.9058
2009-07-20,234.2616
2009-07-21,237.4863
2009-07-22,236.6435
2009-07-23,242.2133
2009-07-24,245.3646
2009-07-27,250.4214
2009-07-28,246.3906
2009-07-29,232.3928
2009-07-30,245.1447
2009-07-31,253.7926
2009-08-03,262.3305
2009-08-04,261.6343
2009-08-05,263.723
2009-08-06,263.6863
2009-08-07,260.0586
2009-08-10,258.6662
2009-08-11,254.5255
2009-08-12,256.7974
2009-08-13,258.5929
2009-08-14,247.38
2009-08-17,244.4852
2009-08-18,253.646
2009-08-19,265.8116
2009-08-20,265.2986
2009-08-21,267.937
2009-08-24,269.989
2009-08-25,262.3672
2009-08-26,261.561
2009-08-27,265.6284
2009-08-28,266.4712
2009-08-31,256.3943
2009-09-01,249.5786
2009-09-02,249.2854
2009-09-03,248.8091
2009-09-04,248.9923
2009-09-08,260.4617
2009-09-09,261.1579
2009-09-10,263.6497
2009-09-11,254.0857
2009-09-14,252.3269
2009-09-15,259.4723
2009-09-16,265.6651
2009-09-17,265.5918
2009-09-18,263.6497
2009-09-21,255.5515
2009-09-22,262.0007
2009-09-23,251.8871
2009-09-24,240.8941
2009-09-25,241.517
2009-09-28,244.3752
2009-09-29,243.8989
2009-09-30,258.1898
2009-10-01,258.9593
2009-10-02,255.7713
2009-10-05,257.4569
2009-10-06,259.1059
2009-10-07,255.0385
2009-10-08,262.697
2009-10-09,262.9168
2009-10-12,268.3767
2009-10-13,271.528
2009-10-14,275.5588
2009-10-15,284.17
2009-10-16,287.7977
2009-10-19,291.2056
2009-10-20,289.007
2009-10-21,296.9219
2009-10-22,296.1524
2009-10-23,293.5508
2009-10-26,288.0542
2009-10-27,291.1323
2009-10-28,283.5837
2009-10-29,292.5614
2009-10-30,282.3012
2009-11-02,286.1121
2009-11-03,291.6086
2009-11-04,294.247
2009-11-05,291.8285
2009-11-06,283.6204
2009-11-09,291.0956
2009-11-10,289.52
2009-11-11,290.0696
2009-11-12,283.0707
2009-11-13,279.7362
2009-11-16,289.1535
2009-11-17,289.7765
2009-11-18,291.4987
2009-11-19,283.8769
2009-11-20,281.5317
2009-11-23,280.2858
2009-11-24,274.3862
2009-11-25,283.0707
2009-11-27,278.3071
2009-11-30,282.8509
2009-12-01,287.2481
2009-12-02,280.7622
2009-12-03,280.0293
2009-12-04,276.3283
2009-12-07,270.7585
2009-12-08,265.9949
2009-12-09,258.9593
2009-12-10,258.483
2009-12-11,255.9912
2009-12-14,254.5988
2009-12-15,258.7761
2009-12-16,266.1781
2009-12-17,265.9582
2009-12-18,268.5966
2009-12-21,266.4346
2009-12-22,269.2561
2009-12-23,278.6002
2009-12-24,281.5317
2009-12-28,288.2741
2009-12-29,289.007
2009-12-30,290.7658
2009-12-31,290.9124
2010-01-04,298.7175
2010-01-05,299.5236
2010-01-06,304.5804
2010-01-07,302.675
2010-01-08,303.188
2010-01-11,302.4551
2010-01-12,296.0425
2010-01-13,291.9018
2010-01-14,290.7658
2010-01-15,285.6724
2010-01-19,289.41
2010-01-20,283.6937
2010-01-21,277.904
2010-01-22,272.0777
2010-01-25,274.4595
2010-01-26,273.6167
2010-01-27,269.8424
2010-01-28,269.7691
2010-01-29,266.9476
2010-02-01,272.664
2010-02-02,282.9241
2010-02-03,282.0081
2010-02-04,267.9736
2010-02-05,260.7182
2010-02-08,263.3565
2010-02-09,270.0989
2010-02-10,272.9205
2010-02-11,275.6687
2010-02-12,271.5647
2010-02-16,282.0814
2010-02-17,283.144
2010-02-18,289.3734
2010-02-19,292.3049
2010-02-22,293.2943
2010-02-23,288.0542
2010-02-24,292.2316
2010-02-25,285.7823
2010-02-26,292.1216
2010-03-01,288.4207
2010-03-02,291.7552
2010-03-03,296.4822
2010-03-04,293.9172
2010-03-05,298.6442
2010-03-08,299.9267
2010-03-09,298.6442
2010-03-10,300.7329
2010-03-11,300.8428
2010-03-12,297.7647
2010-03-15,292.3782
2010-03-16,299.5603
2010-03-17,303.8842
2010-03-18,301.0627
2010-03-19,295.273
2010-03-22,297.7647
2010-03-23,299.3038
2010-03-24,294.2103
2010-03-25,294.0638
2010-03-26,292.2316
2010-03-29,300.1832
2010-03-30,300.9894
2010-03-31,305.7897
2010-04-01,309.7472
2010-04-05,316.4529
2010-04-06,317.1125
2010-04-07,313.8146
2010-04-08,312.0923
2010-04-09,310.0037
2010-04-12,308.0616
2010-04-13,307.0722
2010-04-14,313.7413
2010-04-15,312.3855
2010-04-16,304.0308
2010-04-19,298.7175
2010-04-20,304.0674
2010-04-21,303.3346
2010-04-22,303.7376
2010-04-23,309.0509
2010-04-26,308.5379
2010-04-27,302.052
2010-04-28,304.9469
2010-04-29,312.0923
2010-04-30,315.3903
2010-05-03,315.83
2010-05-04,303.1513
2010-05-05,293.1477
2010-05-06,282.8142
2010-05-07,275.1924
2010-05-10,281.7516
2010-05-11,279.8461
2010-05-12,277.2078
2010-05-13,272.554
2010-05-14,262.4038
2010-05-17,256.7974
2010-05-18,254.2323
2010-05-19,256.1744
2010-05-20,250.2015
2010-05-21,249.2854
2010-05-24,250.0183
2010-05-25,237.3763
2010-05-26,262.074
2010-05-27,273.2136
2010-05-28,271.1616
2010-06-01,266.3979
2010-06-02,267.0575
2010-06-03,273.4335
2010-06-04,261.7442
2010-06-07,262.184
2010-06-08,263.3932
2010-06-09,272.554
2010-06-10,276.5848
2010-06-11,270.7585
2010-06-14,274.7893
2010-06-15,281.5683
2010-06-16,284.6097
2010-06-17,281.4951
2010-06-18,282.8142
2010-06-21,285.2327
2010-06-22,282.7043
2010-06-23,278.1238
2010-06-24,278.3437
2010-06-25,287.4679
2010-06-28,286.7717
2010-06-29,278.2338
2010-06-30,276.9879
2010-07-01,267.314
2010-07-02,264.0528
2010-07-06,263.6863
2010-07-07,271.3448
2010-07-08,276.5115
2010-07-09,278.7834
2010-07-12,274.5694
2010-07-13,282.7409
2010-07-14,282.2279
2010-07-15,280.9454
2010-07-16,278.3437
2010-07-19,280.4324
2010-07-20,283.3272
2010-07-21,279.4797
2010-07-22,289.52
2010-07-23,288.3107
2010-07-26,289.2268
2010-07-27,283.8402
2010-07-28,282.3745
2010-07-29,286.9183
2010-07-30,288.9337
2010-08-02,297.7281
2010-08-03,302.3818
2010-08-04,302.2719
2010-08-05,300.4764
2010-08-06,295.6028
2010-08-09,298.4976
2010-08-10,294.0271
2010-08-11,286.1488
2010-08-12,277.3177
2010-08-13,276.255
2010-08-16,275.4489
2010-08-17,277.6108
2010-08-18,276.255
2010-08-19,272.8105
2010-08-20,269.1462
2010-08-23,266.4346
2010-08-24,261.048
2010-08-25,264.0894
2010-08-26,268.8164
2010-08-27,275.4489
2010-08-30,273.69
2010-08-31,263.5764
2010-09-01,271.0517
2010-09-02,274.7893
2010-09-03,273.067
2010-09-07,271.0883
2010-09-08,273.5434
2010-09-09,272.0777
2010-09-10,279.956
2010-09-13,282.7776
2010-09-14,281.3485
2010-09-15,278.1971
2010-09-16,273.2869
2010-09-17,269.8058
2010-09-20,274.1297
2010-09-21,267.3507
2010-09-22,267.424
2010-09-23,268.963
2010-09-24,273.4701
2010-09-27,280.3591
2010-09-28,279.0399
2010-09-29,285.2693
2010-09-30,292.9644
2010-10-01,298.9007
2010-10-04,298.3877
2010-10-05,303.5178
2010-10-06,304.9102
2010-10-07,298.0579
2010-10-08,302.8948
2010-10-11,301.136
2010-10-12,299.2671
2010-10-13,304.2506
2010-10-14,303.0781
2010-10-15,297.6548
2010-10-18,304.3606
2010-10-19,291.572
2010-10-20,300.2198
2010-10-21,293.2576
2010-10-22,297.3617
2010-10-25,300.4764
2010-10-26,302.675
2010-10-27,300.1099
2010-10-28,301.2092
2010-10-29,298.461
2010-11-01,303.9208
2010-11-02,307.4753
2010-11-03,309.454
2010-11-04,316.9293
2010-11-05,318.2484
2010-11-08,319.0546
2010-11-09,318.9447
2010-11-10,321.6196
2010-11-11,321.6196
2010-11-12,311.0663
2010-11-15,311.0297
2010-11-16,301.6856
2010-11-17,294.7233
2010-11-18,300.0367
2010-11-19,299.1938
2010-11-22,297.6915
2010-11-23,296.0425
2010-11-24,304.9102
2010-11-26,307.3287
2010-11-29,314.1444
2010-11-30,308.2448
2010-12-01,317.882
2010-12-02,322.3892
2010-12-03,326.7864
2010-12-06,327.336
2010-12-07,324.9908
2010-12-08,323.5617
2010-12-09,323.745
2010-12-10,321.7662
2010-12-13,324.7343
2010-12-14,323.6717
2010-12-15,324.8809
2010-12-16,321.3998
2010-12-17,322.5357
2010-12-20,324.9542
2010-12-21,327.2261
2010-12-22,329.1682
2010-12-23,332.8692
2010-12-27,333.4188
2010-12-28,335.2144
2010-12-29,333.9319
2010-12-30,329.2415
2010-12-31,334.8479
2011-01-03,335.6174
2011-01-04,327.5559
2011-01-05,330.8904
2011-01-06,323.8182
2011-01-07,322.7189
2011-01-10,327.0062
2011-01-11,333.8586
2011-01-12,336.5702
2011-01-13,334.8846
2011-01-14,335.3976
2011-01-18,334.8479
2011-01-19,332.9058
2011-01-20,324.5145
2011-01-21,323.2686
2011-01-24,317.8454
2011-01-25,311.7625
2011-01-26,315.6834
2011-01-27,309.454
2011-01-28,323.0121
2011-01-31,333.4188
2011-02-01,328.1055
2011-02-02,328.985
2011-02-03,327.6658
2011-02-04,321.9861
2011-02-07,316.2331
2011-02-08,314.5841
2011-02-09,313.6314
2011-02-10,313.0817
2011-02-11,309.2342
2011-02-14,306.5592
2011-02-15,304.6171
2011-02-16,307.0722
2011-02-17,311.6526
2011-02-18,311.5793
2011-02-22,339.5016
2011-02-23,351.9238
2011-02-24,351.1543
2011-02-25,353.6827
2011-02-28,355.808
2011-03-01,365.0788
2011-03-02,374.7527
2011-03-03,373.4701
2011-03-04,382.3379
2011-03-07,386.1121
2011-03-08,384.9762
2011-03-09,382.5211
2011-03-10,376.4383
2011-03-11,370.6119
2011-03-14,370.8318
2011-03-15,356.2844
2011-03-16,359.0692
2011-03-17,371.8212
2011-03-18,370.3188
2011-03-21,375.0825
2011-03-22,383.0341
2011-03-23,385.5258
2011-03-24,384.9029
2011-03-25,384.3532
2011-03-28,379.4064
2011-03-29,382.3379
2011-03-30,380.3591
2011-03-31,389.1169
2011-04-01,394.1004
2011-04-04,396.2624
2011-04-05,395.0898
2011-04-06,397.1418
2011-04-07,402.4185
2011-04-08,411.3961
2011-04-11,401.2459
2011-04-12,387.5046
2011-04-13,390.6193
2011-04-14,394.76
2011-04-15,400.0367
2011-04-18,390.9857
2011-04-19,392.7446
2011-04-20,406.1561
2011-04-21,409.3807
2011-04-25,409.2342
2011-04-26,409.3807
2011-04-27,411.5427
2011-04-28,411.7992
2011-04-29,415.5002
2011-05-02,414.181
2011-05-03,405.2767
2011-05-04,398.6442
2011-05-05,366.0315
2011-05-06,354.9652
2011-05-09,367.6072
2011-05-10,378.8567
2011-05-11,358.6662
2011-05-12,361.048
2011-05-13,363.5398
2011-05-16,355.1118
2011-05-17,353.243
2011-05-18,364.6757
2011-05-19,359.0692
2011-05-20,363.3199
2011-05-23,355.6614
2011-05-24,363.2466
2011-05-25,369.2928
2011-05-26,367.0942
2011-05-27,368.5599
2011-05-31,376.3283
2011-06-01,367.5339
2011-06-02,367.937
2011-06-03,367.4606
2011-06-06,363.0268
2011-06-07,363.4298
2011-06-08,369.2561
2011-06-09,373.5801
2011-06-10,363.8695
2011-06-13,356.1744
2011-06-14,364.1261
2011-06-15,347.4899
2011-06-16,347.9297
2011-06-17,340.8575
2011-06-20,341.627
2011-06-21,343.3492
2011-06-22,347.9663
2011-06-23,332.3562
2011-06-24,333.0524
2011-06-27,332.1729
2011-06-28,340.4177
2011-06-29,347.5632
2011-06-30,349.2122
2011-07-01,347.4166
2011-07-05,355.1484
2011-07-06,354.2323
2011-07-07,361.6709
2011-07-08,352.5101
2011-07-11,348.6992
2011-07-12,356.9439
2011-07-13,359.2525
2011-07-14,350.8611
2011-07-15,356.321
2011-07-18,351.5573
2011-07-19,357.2371
2011-07-20,359.509
2011-07-21,362.6237
2011-07-22,364.7123
2011-07-25,362.6603
2011-07-26,365.0055
2011-07-27,356.9073
2011-07-28,357.2004
2011-07-29,350.6046
2011-08-01,348.0396
2011-08-02,343.6424
2011-08-03,336.6435
2011-08-04,317.882
2011-08-05,318.395
2011-08-08,297.8014
2011-08-09,290.6559
2011-08-10,304.3239
2011-08-11,313.2283
2011-08-12,312.1656
2011-08-15,322.0227
2011-08-16,317.5156
2011-08-17,320.9234
2011-08-18,301.8688
2011-08-19,301.6856
2011-08-22,309.3441
2011-08-23,312.7519
2011-08-24,311.4328
2011-08-25,312.019
2011-08-26,312.8252
2011-08-29,319.7875
2011-08-30,325.7603
2011-08-31,325.4306
2011-09-01,325.8703
2011-09-02,316.7827
2011-09-06,315.0971
2011-09-07,327.3727
2011-09-08,326.31
2011-09-09,319.6776
2011-09-12,323.1587
2011-09-13,330.5606
2011-09-14,325.797
2011-09-15,327.5925
2011-09-16,322.3159
2011-09-19,314.0345
2011-09-20,318.5049
2011-09-21,314.291
2011-09-22,294.2103
2011-09-23,291.6086
2011-09-26,293.0378
2011-09-27,308.4646
2011-09-28,296.5922
2011-09-29,300
2011-09-30,289.2268
2011-10-03,283.4005
2011-10-04,276.2917
2011-10-05,290.9857
2011-10-06,301.649
2011-10-07,303.0414
2011-10-10,311.9824
2011-10-11,313.4482
2011-10-12,312.5687
2011-10-13,307.6585
2011-10-14,318.0652
2011-10-17,316.5262
2011-10-18,323.7083
2011-10-19,315.5368
2011-10-20,315.3903
2011-10-21,319.4943
2011-10-24,333.8952
2011-10-25,340.7109
2011-10-26,330.524
2011-10-27,344.3019
2011-10-28,341.9568
2011-10-31,341.4804
2011-11-01,337.816
2011-11-02,338.9886
2011-11-03,344.705
2011-11-04,345.4012
2011-11-07,350.0183
2011-11-08,354.7087
2011-11-09,350.8245
2011-11-10,358.2997
2011-11-11,362.7336
2011-11-14,359.6189
2011-11-15,364.1261
2011-11-16,375.9253
2011-11-17,362.1107
2011-11-18,357.8967
2011-11-21,354.4522
2011-11-22,358.2265
2011-11-23,352.3635
2011-11-25,355.1118
2011-11-28,359.8754
2011-11-29,365.6651
2011-11-30,367.7538
2011-12-01,367.1674
2011-12-02,369.989
2011-12-05,369.8791
2011-12-06,371.015
2011-12-07,368.0836
2011-12-08,360.3884
2011-12-09,364.236
2011-12-12,358.2631
2011-12-13,367.314
2011-12-14,347.8197
2011-12-15,343.8622
2011-12-16,342.7996
2011-12-19,343.9355
2011-12-20,356.0279
2011-12-21,361.0847
2011-12-22,364.3093
2011-12-23,365.4086
2011-12-27,371.1616
2011-12-28,364.3826
2011-12-29,365.262
2011-12-30,362.1473
2012-01-03,377.2811
2012-01-04,378.2338
2012-01-05,373.067
2012-01-06,372.151
2012-01-09,371.2349
2012-01-10,374.6427
2012-01-11,369.6959
2012-01-12,362.8802
2012-01-13,361.6343
2012-01-17,368.9996
2012-01-18,368.6698
2012-01-19,367.6072
2012-01-20,359.6555
2012-01-23,364.4925
2012-01-24,362.184
2012-01-25,363.613
2012-01-26,365.5551
2012-01-27,364.4925
2012-01-30,361.8542
2012-01-31,360.7915
2012-02-01,357.7501
2012-02-02,353.0964
2012-02-03,358.373
2012-02-06,355.0385
2012-02-07,361.1213
2012-02-08,362.0374
2012-02-09,365.9949
2012-02-10,361.5977
2012-02-13,367.8637
2012-02-14,369.4394
2012-02-15,373.1037
2012-02-16,374.9725
2012-02-17,378.417
2012-02-21,387.981
2012-02-22,388.384
2012-02-23,393.6973
2012-02-24,400.8428
2012-02-27,400.8428
2012-02-28,390.5826
2012-02-29,392.3782
2012-03-01,398.5343
2012-03-02,390.9124
2012-03-05,390.9857
2012-03-06,383.6937
2012-03-07,389.007
2012-03-08,390.8025
2012-03-09,393.5508
2012-03-12,389.6665
2012-03-13,390.9857
2012-03-14,386.5518
2012-03-15,385.4525
2012-03-16,392.1949
2012-03-19,396.0792
2012-03-20,387.2481
2012-03-21,391.6086
2012-03-22,384.683
2012-03-23,389.9963
2012-03-26,392.3415
2012-03-27,393.2576
2012-03-28,386.222
2012-03-29,376.6581
2012-03-30,377.5376
2012-04-02,385.6724
2012-04-03,381.1653
2012-04-04,372.041
2012-04-05,378.4903
2012-04-09,375.4122
2012-04-10,370.5387
2012-04-11,376.1818
2012-04-12,379.956
2012-04-13,376.8413
2012-04-16,377.1345
2012-04-17,381.9348
2012-04-18,376.1451
2012-04-19,375.1557
2012-04-20,379.5529
2012-04-23,376.255
2012-04-24,377.7941
2012-04-25,380.0659
2012-04-26,383.144
2012-04-27,384.2433
2012-04-30,384.3532
2012-05-01,389.0436
2012-05-02,385.6724
2012-05-03,375.8153
2012-05-04,360.9014
2012-05-07,358.5929
2012-05-08,355.9179
2012-05-09,354.7087
2012-05-10,355.808
2012-05-11,351.8871
2012-05-14,347.1968
2012-05-15,344.3386
2012-05-16,339.978
2012-05-17,339.0619
2012-05-18,335.3243
2012-05-21,339.2085
2012-05-22,335.0678
2012-05-23,327.5925
2012-05-24,331.1103
2012-05-25,332.1363
2012-05-29,332.5394
2012-05-30,321.6929
2012-05-31,317.0392
2012-06-01,304.7636
2012-06-04,307.6218
2012-06-05,308.941
2012-06-06,311.6526
2012-06-07,310.6632
2012-06-08,308.0982
2012-06-11,302.6017
2012-06-12,305.4232
2012-06-13,302.5284
2012-06-14,307.1821
2012-06-15,307.915
2012-06-18,305.0934
2012-06-19,307.7684
2012-06-20,297.0319
2012-06-21,285.4892
2012-06-22,290.6926
2012-06-25,288.6039
2012-06-26,290.7292
2012-06-27,294.1371
2012-06-28,284.793
2012-06-29,311.616
2012-07-02,306.7791
2012-07-03,321.5097
2012-07-05,319.2012
2012-07-06,309.1609
2012-07-09,314.8773
2012-07-10,307.5119
2012-07-11,314.694
2012-07-12,315.207
2012-07-13,319.3477
2012-07-16,323.9648
2012-07-17,326.3833
2012-07-18,329.3514
2012-07-19,339.978
2012-07-20,335.5075
2012-07-23,321.6196
2012-07-24,323.4885
2012-07-25,325.3939
2012-07-26,327.5925
2012-07-27,330.2675
2012-07-30,329.0583
2012-07-31,322.7556
2012-08-01,326.0901
2012-08-02,319.6042
2012-08-03,334.9212
2012-08-06,338.2191
2012-08-07,343.2759
2012-08-08,342.2133
2012-08-09,342.2133
2012-08-10,340.5643
2012-08-13,339.9047
2012-08-14,342.2499
2012-08-15,345.731
2012-08-16,350.5313
2012-08-17,351.7772
2012-08-20,351.8871
2012-08-21,353.7926
2012-08-22,355.0385
2012-08-23,351.3008
2012-08-24,350.971
2012-08-27,350.0916
2012-08-28,352.8765
2012-08-29,349.945
2012-08-30,346.6838
2012-08-31,353.4995
2012-09-04,349.3587
2012-09-05,349.4687
2012-09-06,350.2382
2012-09-07,353.2796
2012-09-10,353.6827
2012-09-11,355.5515
2012-09-12,355.5148
2012-09-13,360.2052
2012-09-14,362.5504
2012-09-17,353.646
2012-09-18,349.029
2012-09-19,337.0099
2012-09-20,337.6328
2012-09-21,339.465
2012-09-24,335.9472
2012-09-25,333.712
2012-09-26,329.498
2012-09-27,336.7167
2012-09-28,337.7794
2012-10-01,338.7321
2012-10-02,336.6801
2012-10-03,323.1587
2012-10-04,335.9839
2012-10-05,329.3148
2012-10-08,327.7025
2012-10-09,338.6588
2012-10-10,334.3349
2012-10-11,337.816
2012-10-12,336.4969
2012-10-15,336.5335
2012-10-16,337.3763
2012-10-17,337.2664
2012-10-18,337.1198
2012-10-19,329.7911
2012-10-22,323.5617
2012-10-23,317.5156
2012-10-24,312.8985
2012-10-25,313.6314
2012-10-26,314.5475
2012-10-31,315.9766
2012-11-01,318.9813
2012-11-02,311.103
2012-11-05,313.8146
2012-11-06,324.7343
2012-11-07,309.6372
2012-11-08,311.7259
2012-11-09,315.4269
2012-11-12,313.5214
2012-11-13,312.8618
2012-11-14,316.3063
2012-11-15,313.1183
2012-11-16,317.4056
2012-11-19,326.31
2012-11-20,316.8193
2012-11-21,319.0912
2012-11-23,318.8347
2012-11-26,319.8241
2012-11-27,318.1019
2012-11-28,315.5002
2012-11-29,321.1433
2012-11-30,324.4412
2012-12-03,324.9908
2012-12-04,322.609
2012-12-05,320.1172
2012-12-06,313.1917
2012-12-07,313.1183
2012-12-10,311.9824
2012-12-11,312.7886
2012-12-12,316.4163
2012-12-13,312.8985
2012-12-14,316.3063
2012-12-17,317.7354
2012-12-18,320.4837
2012-12-19,326.4566
2012-12-20,328.9117
2012-12-21,323.1953
2012-12-24,323.5251
2012-12-26,332.3928
2012-12-27,333.1257
2012-12-28,332.2096
2012-12-31,336.4969
2013-01-02,341.2972
2013-01-03,340.6742
2013-01-04,341.2239
2013-01-07,341.517
2013-01-08,341.5537
2013-01-09,341.0773
2013-01-10,343.7523
2013-01-11,342.9828
2013-01-14,345.4379
2013-01-15,341.7369
2013-01-16,345.4745
2013-01-17,349.9084
2013-01-18,350.3481
2013-01-22,352.107
2013-01-23,348.3327
2013-01-24,349.3954
2013-01-25,348.6625
2013-01-28,351.594
2013-01-29,357.7134
2013-01-30,359.0326
2013-01-31,357.8234
2013-02-01,357.1272
2013-02-04,352.5467
2013-02-05,354.269
2013-02-06,353.3895
2013-02-07,351.1909
2013-02-08,350.7145
2013-02-11,355.4782
2013-02-12,357.2004
2013-02-13,355.5515
2013-02-14,356.5409
2013-02-15,351.594
2013-02-19,354.3056
2013-02-20,347.8197
2013-02-21,340.0146
2013-02-22,341.2239
2013-02-25,339.8315
2013-02-26,339.4284
2013-02-27,340.1979
2013-02-28,337.2298
2013-03-01,332.3928
2013-03-04,330.2675
2013-03-05,333.0157
2013-03-06,331.5134
2013-03-07,335.3976
2013-03-08,337.1565
2013-03-11,337.3763
2013-03-12,338.7321
2013-03-13,338.8421
2013-03-14,340.8941
2013-03-15,342.5797
2013-03-18,343.3859
2013-03-19,338.7321
2013-03-20,341.5537
2013-03-21,338.8054
2013-03-22,342.2866
2013-03-25,346.4639
2013-03-26,351.7406
2013-03-27,353.7193
2013-03-28,356.321
2013-04-01,355.808
2013-04-02,356.2844
2013-04-03,348.1862
2013-04-04,341.7369
2013-04-05,339.9047
2013-04-08,342.1033
2013-04-09,345.1081
2013-04-10,346.6105
2013-04-11,342.3965
2013-04-12,334.2983
2013-04-15,325.2107
2013-04-16,325.1374
2013-04-17,317.5156
2013-04-18,321.8395
2013-04-19,322.609
2013-04-22,325.4306
2013-04-23,326.8963
2013-04-24,333.712
2013-04-25,341.7735
2013-04-26,339.4284
2013-04-29,344.7783
2013-04-30,341.5903
2013-05-01,332.5027
2013-05-02,343.3492
2013-05-03,349.029
2013-05-06,351.0443
2013-05-07,349.1389
2013-05-08,352.6566
2013-05-09,352.107
2013-05-10,351.081
2013-05-13,347.2334
2013-05-14,344.3019
2013-05-15,344.2653
2013-05-16,347.5632
2013-05-17,350.7512
2013-05-20,352.8399
2013-05-21,350.1283
2013-05-22,344.3752
2013-05-23,344.8882
2013-05-24,343.8622
2013-05-28,346.8304
2013-05-29,341.2605
2013-05-30,342.8728
2013-05-31,336.8633
2013-06-03,342.2866
2013-06-04,342.1033
2013-06-05,343.2026
2013-06-06,347.0502
2013-06-07,352.1803
2013-06-10,351.1176
2013-06-11,349.945
2013-06-12,351.7039
2013-06-13,354.1957
2013-06-14,358.483
2013-06-17,358.5929
2013-06-18,360.7915
2013-06-19,359.9854
2013-06-20,347.7098
2013-06-21,343.7523
2013-06-24,348.3694
2013-06-25,349.029
2013-06-26,349.8351
2013-06-27,355.4416
2013-06-28,353.0964
2013-07-01,358.886
2013-07-02,365.1521
2013-07-03,373.4701
2013-07-05,377.7574
2013-07-08,377.5376
2013-07-09,379.1132
2013-07-10,389.923
2013-07-11,383.9135
2013-07-12,387.871
2013-07-15,389.1535
2013-07-16,387.981
2013-07-17,389.8498
2013-07-18,395.5295
2013-07-19,395.7494
2013-07-22,390.6559
2013-07-23,392.5614
2013-07-24,386.2587
2013-07-25,386.4786
2013-07-26,383.8769
2013-07-29,383.3272
2013-07-30,377.9406
2013-07-31,385.1227
2013-08-01,395.4929
2013-08-02,391.8651
2013-08-05,390.6559
2013-08-06,385.9289
2013-08-07,382.5944
2013-08-08,379.0766
2013-08-09,388.5672
2013-08-12,389.1169
2013-08-13,391.2789
2013-08-14,391.6819
2013-08-15,393.6607
2013-08-16,394.2103
2013-08-19,392.598
2013-08-20,384.3899
2013-08-21,380.8355
2013-08-22,384.4998
2013-08-23,390.1796
2013-08-26,387.981
2013-08-27,399.8168
2013-08-28,403.701
2013-08-29,397.6182
2013-08-30,395.6761
2013-09-03,398.2045
2013-09-04,393.1477
2013-09-05,397.5815
2013-09-06,405.3499
2013-09-09,401.6856
2013-09-10,393.8439
2013-09-11,394.4668
2013-09-12,398.3877
2013-09-13,396.8853
2013-09-16,390.3994
2013-09-17,386.0755
2013-09-18,396.5922
2013-09-19,389.3734
2013-09-20,383.657
2013-09-23,379.6995
2013-09-24,378.2338
2013-09-25,376.255
2013-09-26,377.7941
2013-09-27,376.9146
2013-09-30,375.0825
2013-10-01,374.0931
2013-10-02,381.6416
2013-10-03,378.4903
2013-10-04,380.469
2013-10-07,377.6841
2013-10-08,379.4064
2013-10-09,372.4075
2013-10-10,377.7208
2013-10-11,374.3862
2013-10-14,375.4489
2013-10-15,370.6486
2013-10-16,375.0092
2013-10-17,369.0729
2013-10-18,369.6226
2013-10-21,363.7963
2013-10-22,357.7501
2013-10-23,355.0751
2013-10-24,354.159
2013-10-25,356.9073
2013-10-28,361.8175
2013-10-29,360.1685
2013-10-30,354.7453
2013-10-31,352.8399
2013-11-01,346.5005
2013-11-04,346.5738
2013-11-05,342.2499
2013-11-06,347.1601
2013-11-07,345.3646
2013-11-08,346.5005
2013-11-11,348.5892
2013-11-12,341.2239
2013-11-13,344.1187
2013-11-14,343.5691
2013-11-15,343.7156
2013-11-18,340.8941
2013-11-19,342.0667
2013-11-20,342.0301
2013-11-21,349.3954
2013-11-22,346.3906
2013-11-25,343.9355
2013-11-26,342.2866
2013-11-27,337.303
2013-11-29,339.1352
2013-12-02,343.0194
2013-12-03,351.1543
2013-12-04,355.3316
2013-12-05,355.9546
2013-12-06,357.2004
2013-12-09,355.808
2013-12-10,360.2785
2013-12-11,356.3576
2013-12-12,356.2111
2013-12-13,352.7666
2013-12-16,356.1011
2013-12-17,355.4049
2013-12-18,357.6035
2013-12-19,360.5716
2013-12-20,363.1733
2013-12-23,361.3778
2013-12-24,362.2939
2013-12-26,363.4298
2013-12-27,366.2147
2013-12-30,362.4038
2013-12-31,359.7289
2014-01-02,348.6259
2014-01-03,343.2026
2014-01-06,341.2239
2014-01-07,341.9201
2014-01-08,336.7534
2014-01-09,334.7746
2014-01-10,338.5489
2014-01-13,335.1044
2014-01-14,337.6695
2014-01-15,343.6424
2014-01-16,342.7629
2014-01-17,344.3019
2014-01-21,346.3173
2014-01-22,353.0597
2014-01-23,356.2844
2014-01-24,354.1957
2014-01-27,351.1176
2014-01-28,357.2371
2014-01-29,356.6874
2014-01-30,360.022
2014-01-31,357.4569
2014-02-03,353.3895
2014-02-04,356.321
2014-02-05,356.9073
2014-02-06,358.5196
2014-02-07,366.3613
2014-02-10,366.8743
2014-02-11,366.288
2014-02-12,367.8271
2014-02-13,367.424
2014-02-14,367.5705
2014-02-18,375.742
2014-02-19,379.1132
2014-02-20,378.1605
2014-02-21,375.7054
2014-02-24,378.0506
2014-02-25,374.4962
2014-02-26,377.1711
2014-02-27,376.255
2014-02-28,376.9879
2014-03-03,386.0022
2014-03-04,379.7728
2014-03-05,372.8472
2014-03-06,373.1037
2014-03-07,376.768
2014-03-10,371.528
2014-03-11,367.4973
2014-03-12,360.1685
2014-03-13,361.1946
2014-03-14,363.613
2014-03-17,360.6816
2014-03-18,366.7278
2014-03-19,369.0363
2014-03-20,365.262
2014-03-21,366.3246
2014-03-24,366.6178
2014-03-25,365.1887
2014-03-26,368.6698
2014-03-27,371.015
2014-03-28,372.7739
2014-03-31,372.1876
2014-04-01,365.2986
2014-04-02,364.9688
2014-04-03,367.4973
2014-04-04,370.6852
2014-04-07,368.0103
2014-04-08,375.852
2014-04-09,379.443
2014-04-10,378.7834
2014-04-11,379.9194
2014-04-14,381.2752
2014-04-15,379.9927
2014-04-16,380.0293
2014-04-17,382.3012
2014-04-21,382.3745
2014-04-22,372.6273
2014-04-23,371.8212
2014-04-24,374.4962
2014-04-25,369.5493
2014-04-28,370.5753
2014-04-29,372.151
2014-04-30,366.6911
2014-05-01,365.2986
2014-05-02,366.7644
2014-05-05,365.4819
2014-05-06,365.7384
2014-05-07,370.3188
2014-05-08,368.3401
2014-05-09,367.6072
2014-05-12,369.6959
2014-05-13,373.7999
2014-05-14,376.0718
2014-05-15,372.8105
2014-05-16,374.8992
2014-05-19,377.2444
2014-05-20,376.6948
2014-05-21,382.2279
2014-05-22,381.2019
2014-05-23,384.793
2014-05-27,383.9502
2014-05-28,378.7834
2014-05-29,382.0447
2014-05-30,378.8934
2014-06-02,377.6841
2014-06-03,378.6735
2014-06-04,378.417
2014-06-05,378.0506
2014-06-06,378.6002
2014-06-09,385.0861
2014-06-10,384.8296
2014-06-11,384.9029
2014-06-12,392.8179
2014-06-13,393.8806
2014-06-16,393.9905
2014-06-17,391.9018
2014-06-18,390.7658
2014-06-19,392.3782
2014-06-20,395.5661
2014-06-23,391.4621
2014-06-24,390.7658
2014-06-25,392.2316
2014-06-26,390.2162
2014-06-27,390.1063
2014-06-30,388.6772
2014-07-01,388.6405
2014-07-02,385.4159
2014-07-03,383.8769
2014-07-07,381.7882
2014-07-08,381.3118
2014-07-09,377.1711
2014-07-10,379.6629
2014-07-11,371.8578
2014-07-14,372.7739
2014-07-15,368.4866
2014-07-16,373.3235
2014-07-17,380.5057
2014-07-18,380.469
2014-07-21,386.0022
2014-07-22,383.2539
2014-07-23,380.3958
2014-07-24,376.5482
2014-07-25,385.5991
2014-07-28,387.2481
2014-07-29,384.4265
2014-07-30,382.1546
2014-07-31,359.9487
2014-08-01,358.5929
2014-08-04,360.0586
2014-08-05,356.6874
2014-08-06,355.1851
2014-08-07,356.6874
2014-08-08,357.6768
2014-08-11,359.4357
2014-08-12,356.7607
2014-08-13,357.5302
2014-08-14,350.0916
2014-08-15,356.5409
2014-08-18,353.3895
2014-08-19,345.731
2014-08-20,353.243
2014-08-21,344.3386
2014-08-22,343.0194
2014-08-25,349.542
2014-08-26,350.971
2014-08-27,351.1176
2014-08-28,353.3895
2014-08-29,358.5929
2014-09-02,340.491
2014-09-03,349.945
2014-09-04,346.3173
2014-09-05,341.9568
2014-09-08,339.465
2014-09-09,339.7948
2014-09-10,336.0572
2014-09-11,340.3811
2014-09-12,337.7794
2014-09-15,340.2711
2014-09-16,347.7831
2014-09-17,345.6577
2014-09-18,341.0407
2014-09-19,338.6955
2014-09-22,335.1411
2014-09-23,335.4709
2014-09-24,342.9828
2014-09-25,342.9461
2014-09-26,350.1283
2014-09-29,346.3906
2014-09-30,334.0784
2014-10-01,332.5027
2014-10-02,333.5288
2014-10-03,328.9117
2014-10-06,331.0004
2014-10-07,325.7237
2014-10-08,319.8607
2014-10-09,314.2543
2014-10-10,314.6574
2014-10-13,314.1444
2014-10-14,299.4503
2014-10-15,299.8168
2014-10-16,301.6856
2014-10-17,303.4078
2014-10-20,303.2613
2014-10-21,305.0568
2014-10-22,295.0531
2014-10-23,303.4445
2014-10-24,297.8014
2014-10-27,297.7647
2014-10-28,298.1312
2014-10-29,301.3925
2014-10-30,297.0319
2014-10-31,295.0898
2014-11-03,288.6405
2014-11-04,282.7043
2014-11-05,288.4207
2014-11-06,285.3426
2014-11-07,288.4207
2014-11-10,283.7303
2014-11-11,285.2693
2014-11-12,282.7409
2014-11-13,271.638
2014-11-14,278.1605
2014-11-17,277.1711
2014-11-18,273.177
2014-11-19,273.177
2014-11-20,277.1345
2014-11-21,280.3958
2014-11-24,277.5376
2014-11-25,271.3082
2014-11-26,270.0623
2014-11-28,241.627
2014-12-01,252.7666
2014-12-02,245.4745
2014-12-03,246.6105
2014-12-04,244.5218
2014-12-05,241.4438
2014-12-08,231.3302
2014-12-09,233.5654
2014-12-10,223.4885
2014-12-11,219.8974
2014-12-12,211.8358
2014-12-15,205.0568
2014-12-16,205.0934
2014-12-17,206.779
2014-12-18,198.5343
2014-12-19,208.5379
2014-12-22,202.4551
2014-12-23,208.0616
2014-12-24,204.1041
2014-12-26,200.0366
2014-12-29,195.8959
2014-12-30,198.3877
2014-12-31,195.8593
2015-01-02,193.1843
2015-01-05,183.4005
2015-01-06,175.8153
2015-01-07,178.417
2015-01-08,178.8201
2015-01-09,177.1711
2015-01-12,168.7798
2015-01-13,168.2668
2015-01-14,177.6841
2015-01-15,169.9157
2015-01-16,177.6841
2015-01-20,171.4547
2015-01-21,175.339
2015-01-22,168.3034
2015-01-23,165.8483
2015-01-26,164.1627
2015-01-27,167.9736
2015-01-28,161.5244
2015-01-29,161.6709
2015-01-30,175.1191
2015-02-02,180.469
2015-02-03,194.3569
2015-02-04,177.5376
2015-02-05,184.9762
2015-02-06,189.3001
2015-02-09,194.1737
2015-02-10,183.4371
2015-02-11,178.8201
2015-02-12,187.5046
2015-02-13,192.9645
2015-02-17,196.2624
2015-02-18,191.0224
2015-02-19,187.3214
2015-02-20,183.0341
2015-02-23,181.605
2015-02-24,177.6475
2015-02-25,184.1334
2015-02-26,174.6061
2015-02-27,182.631
2015-03-02,181.7149
2015-03-03,184.793
2015-03-04,188.8237
2015-03-05,186.0022
2015-03-06,181.7882
2015-03-09,183.0341
2015-03-10,177.4276
2015-03-11,176.1085
2015-03-12,172.664
2015-03-13,164.4558
2015-03-16,160.9747
2015-03-17,158.996
2015-03-18,163.5398
2015-03-19,161.3045
2015-03-20,168.5599
2015-03-23,173.69
2015-03-24,172.3342
2015-03-25,178.6369
2015-03-26,188.384
2015-03-27,178.93
2015-03-30,178.3071
2015-03-31,174.8626
2015-04-01,183.657
2015-04-02,180.0293
2015-04-06,190.8391
2015-04-07,197.6915
2015-04-08,184.8296
2015-04-09,186.1121
2015-04-10,189.1902
2015-04-13,190.3628
2015-04-14,195.3096
2015-04-15,206.1195
2015-04-16,207.7318
2015-04-17,204.1407
2015-04-20,206.5592
2015-04-21,203.6644
2015-04-22,205.8263
2015-04-23,207.3653
2015-04-24,205.1301
2015-04-27,203.5911
2015-04-28,209.0509
2015-04-29,214.5475
2015-04-30,218.4683
2015-05-01,216.5629
2015-05-04,215.9033
2015-05-05,221.2532
2015-05-06,223.2686
2015-05-07,216.1598
2015-05-08,217.6988
2015-05-11,217.0392
2015-05-12,222.4991
2015-05-13,221.6929
2015-05-14,219.4577
2015-05-15,218.8714
2015-05-18,217.8087
2015-05-19,209.967
2015-05-20,216.0498
2015-05-21,220.5203
2015-05-22,215.7567
2015-05-26,209.9304
2015-05-27,210.7365
2015-05-28,211.3961
2015-05-29,220.7768
2015-06-01,220.7402
2015-06-02,224.6244
2015-06-03,218.6515
2015-06-04,212.5321
2015-06-05,216.5995
2015-06-08,213.0817
2015-06-09,220.4104
2015-06-10,224.8443
2015-06-11,222.5724
2015-06-12,219.7142
2015-06-15,218.1385
2015-06-16,219.8974
2015-06-17,219.4577
2015-06-18,221.3631
2015-06-19,218.4683
2015-06-22,219.8974
2015-06-23,223.7083
2015-06-24,219.8974
2015-06-25,218.3584
2015-06-26,217.6988
2015-06-29,213.7779
2015-06-30,217.9553
2015-07-01,208.6479
2015-07-02,208.6112
2015-07-06,192.3049
2015-07-07,191.7552
2015-07-08,189.1169
2015-07-09,193.3309
2015-07-10,193.2576
2015-07-13,191.2422
2015-07-14,194.3936
2015-07-15,188.3474
2015-07-16,186.5152
2015-07-17,186.4419
2015-07-20,183.6204
2015-07-21,185.3793
2015-07-22,180.5423
2015-07-23,176.2917
2015-07-24,175.8153
2015-07-27,172.8472
2015-07-28,175.7787
2015-07-29,178.7101
2015-07-30,177.8307
2015-07-31,172.6273
2015-08-03,165.8116
2015-08-04,167.6438
2015-08-05,165.3719
2015-08-06,163.7596
2015-08-07,160.7549
2015-08-10,164.6757
2015-08-11,157.97
2015-08-12,158.373
2015-08-13,154.8919
2015-08-14,155.5515
2015-08-17,153.646
2015-08-18,156.0278
2015-08-19,149.3221
2015-08-20,150.2382
2015-08-21,148.2228
2015-08-24,140.0513
2015-08-25,143.4591
2015-08-26,141.0773
2015-08-27,155.6248
2015-08-28,165.9582
2015-08-31,180.2858
2015-09-01,166.288
2015-09-02,169.6592
2015-09-03,171.3082
2015-09-04,168.6332
2015-09-08,168.2668
2015-09-09,161.7076
2015-09-10,168.0103
2015-09-11,163.9795
2015-09-14,161.4877
2015-09-15,163.3565
2015-09-16,172.664
2015-09-17,171.9678
2015-09-18,163.8329
2015-09-21,171.015
2015-09-22,169.1828
2015-09-23,163.1733
2015-09-24,164.6757
2015-09-25,166.9109
2015-09-28,162.697
2015-09-29,165.775
2015-09-30,165.1154
2015-10-01,163.9795
2015-10-02,166.8743
2015-10-05,169.5859
2015-10-06,177.8307
2015-10-07,175.3756
2015-10-08,181.2386
2015-10-09,182.0081
2015-10-12,172.554
2015-10-13,171.125
2015-10-14,170.8685
2015-10-15,169.9524
2015-10-16,173.3236
2015-10-19,168.2301
2015-10-20,167.9736
2015-10-21,165.7017
2015-10-22,164.5291
2015-10-23,160.9014
2015-10-26,158.2631
2015-10-27,158.3364
2015-10-28,168.3034
2015-10-29,168.6332
2015-10-30,170.7585
2015-11-02,168.9996
2015-11-03,175.4489
2015-11-04,169.7325
2015-11-05,165.8849
2015-11-06,162.4038
2015-11-09,160.7549
2015-11-10,162.074
2015-11-11,157.3837
2015-11-12,152.9498
2015-11-13,149.1022
2015-11-16,152.7299
2015-11-17,149.2488
2015-11-18,149.3221
2015-11-19,148.5892
2015-11-20,144.3386
2015-11-23,143.8989
2015-11-24,149.8351
2015-11-25,151.0443
2015-11-27,148.6625
2015-11-30,148.1495
2015-12-01,148.6992
2015-12-02,146.3173
2015-12-03,150.5313
2015-12-04,146.5738
2015-12-07,137.926
2015-12-08,137.2664
2015-12-09,136.1671
2015-12-10,134.7014
2015-12-11,130.6339
2015-12-14,133.0524
2015-12-15,136.7534
2015-12-16,130.2675
2015-12-17,128.1788
2015-12-18,127.2261
2015-12-21,126.6031
2015-12-22,132.3562
2015-12-23,134.7014
2015-12-24,137.8527
2015-12-28,133.2356
2015-12-29,138.8054
2015-12-30,134.0784
2015-12-31,136.0572
