date,retew,csadew
2000-01-03,-0.0039140595,0.0399880986
2000-01-04,-0.0276445119,0.029133441
2000-01-05,0.0149525357,0.0266765502
2000-01-06,0.0200349286,0.0380618197
2000-01-07,0.0432544643,0.064105017
2000-01-10,0.0277934405,0.0478799158
2000-01-11,-0.0095813095,0.0306018333
2000-01-12,0.0000763,0.0299025145
2000-01-13,0.0179370833,0.0345468333
2000-01-14,0.014831869,0.0364631806
2000-01-18,0.0247269405,0.0457250692
2000-01-19,0.0289972857,0.0504025306
2000-01-20,0.0241639524,0.045616466
2000-01-21,0.0370381905,0.0609801145
2000-01-24,0.0213077857,0.0679101463
2000-01-25,-0.00486975,0.0545874524
2000-01-26,0.0115996786,0.0587961599
2000-01-27,-0.0176595238,0.0324076338
2000-01-28,-0.0216932024,0.0414707406
2000-01-31,0.0035093929,0.0373715782
2000-02-01,0.0173196429,0.0387770051
2000-02-02,0.0048057024,0.0338910524
2000-02-03,0.0256280357,0.0377765136
2000-02-04,0.0038105,0.0365991548
2000-02-07,0.0139327262,0.0345298407
2000-02-08,0.0136054048,0.0342636485
2000-02-09,-0.0088760595,0.0347779096
2000-02-10,0.0047295238,0.0316419785
2000-02-11,0.0003426786,0.0240730629
2000-02-14,0.0196259048,0.0396927222
2000-02-15,0.0072975765,0.0306572429
2000-02-16,0.0101540706,0.0376048426
2000-02-17,0.0277889059,0.0490664083
2000-02-18,-0.0145202824,0.0324639092
2000-02-22,0.0054739529,0.0374515671
2000-02-23,0.0078080706,0.0401262846
2000-02-24,-0.0034655176,0.0379568507
2000-02-25,0.0036157765,0.0360447643
2000-02-28,0.0101136118,0.0438864426
2000-02-29,0.0399279176,0.0582662973
2000-03-01,0.0165809529,0.0559173498
2000-03-02,0.0059805529,0.0378104468
2000-03-03,0.022017,0.0413332706
2000-03-06,0.0057678118,0.0394943521
2000-03-07,-0.0117371176,0.038672346
2000-03-08,0.0091702,0.0352294259
2000-03-09,0.0070692824,0.0266086212
2000-03-10,0.0134396235,0.0407294776
2000-03-13,-0.0018135059,0.0405714992
2000-03-14,-0.0314861059,0.0381131203
2000-03-15,-0.0024607529,0.0435290561
2000-03-16,0.0184756588,0.0409687997
2000-03-17,0.0079513765,0.0354386284
2000-03-20,-0.0097469176,0.0362021304
2000-03-21,-0.0069803412,0.039292173
2000-03-22,0.0171015765,0.0383238818
2000-03-23,0.0092183294,0.0303906937
2000-03-24,-0.0087872,0.0307099906
2000-03-27,-0.0059732588,0.0299725617
2000-03-28,-0.0208665412,0.0385651809
2000-03-29,-0.0187281765,0.0483569329
2000-03-30,-0.0155949294,0.0410997791
2000-03-31,0.0197786824,0.0508535815
2000-04-03,-0.0348868235,0.0530019723
2000-04-04,-0.0242171294,0.048180493
2000-04-05,0.0241616353,0.0456555795
2000-04-06,0.0161718605,0.0363173364
2000-04-07,0.0227781628,0.0399083867
2000-04-10,-0.0239238721,0.0440205782
2000-04-11,-0.007147907,0.0374835116
2000-04-12,-0.0395236628,0.0474311739
2000-04-13,-0.0185042209,0.0407621225
2000-04-14,-0.0785808256,0.0646674443
2000-04-17,0.0042439419,0.0514310814
2000-04-18,0.0769168372,0.0877328924
2000-04-19,0.0082483605,0.041501768
2000-04-20,0.0141356279,0.0389222564
2000-04-24,-0.0235118023,0.038380798
2000-04-25,0.0428436047,0.0494205635
2000-04-26,0.0002148721,0.0300716336
2000-04-27,0.0169658721,0.0411147523
2000-04-28,0.0167868023,0.0346409792
2000-05-01,0.0253033908,0.03974483
2000-05-02,-0.0133701494,0.0305733236
2000-05-03,-0.0177376552,0.0268598494
2000-05-04,0.0037521494,0.03538328
2000-05-05,0.009410046,0.029737499
2000-05-08,-0.0044001494,0.036730019
2000-05-09,-0.016503908,0.0340925924
2000-05-10,-0.0243666207,0.04972878
2000-05-11,0.037280977,0.0396020624
2000-05-12,0.0115719195,0.0340898827
2000-05-15,0.0121814483,0.0347079326
2000-05-16,0.0119745057,0.0349756274
2000-05-17,-0.0068334598,0.0306051851
2000-05-18,-0.0023585287,0.0296368675
2000-05-19,-0.0158102989,0.0270659115
2000-05-22,-0.0242281379,0.0286194784
2000-05-23,-0.0265099195,0.035592519
2000-05-24,-0.0127779885,0.0375089983
2000-05-25,-0.0032542989,0.0319073965
2000-05-26,-0.0023636552,0.0265363004
2000-05-30,0.034947069,0.0441213912
2000-05-31,0.0073398391,0.03166632
2000-06-01,0.0346452955,0.0410615418
2000-06-02,0.0278697045,0.0376549597
2000-06-05,-0.0029836477,0.0335481436
2000-06-06,0.0136998295,0.0327821433
2000-06-07,0.0003721461,0.024966556
2000-06-08,0.0059934719,0.0340648342
2000-06-09,0.0168572697,0.0288740515
2000-06-12,-0.0015875056,0.027449489
2000-06-13,0.0088990674,0.026640332
2000-06-14,-0.0045116067,0.0288598808
2000-06-15,0.0021902022,0.0227398
2000-06-16,0.0061242247,0.0297478031
2000-06-19,0.0046561461,0.0257273781
2000-06-20,0.0139736404,0.0414864302
2000-06-21,0.0080058652,0.0330839232
2000-06-22,-0.0036441461,0.0372288022
2000-06-23,-0.0056705955,0.0257219639
2000-06-26,0.0119026966,0.0329102788
2000-06-27,-0.0071828876,0.0289618563
2000-06-28,0.0084954382,0.0304056298
2000-06-29,-0.002316236,0.0305495551
2000-06-30,0.0094758333,0.0362507
2000-07-03,0.0089950667,0.027346
2000-07-05,-0.0131738667,0.0352463689
2000-07-06,0.0106423889,0.0267704358
2000-07-07,0.0173995,0.0371136778
2000-07-10,0.0043432,0.0314704444
2000-07-11,0.0023358333,0.0262501889
2000-07-12,0.0212422667,0.0314205541
2000-07-13,0.0025553556,0.0252397235
2000-07-14,0.0023211667,0.0280088074
2000-07-17,0.0004264778,0.0294643753
2000-07-18,-0.0101366667,0.0252964296
2000-07-19,-0.0113287556,0.0272113605
2000-07-20,0.0020128,0.0245036711
2000-07-21,-0.0174391444,0.0298808684
2000-07-24,-0.0154882778,0.0267661062
2000-07-25,0.0072535778,0.0284626854
2000-07-26,-0.0043223556,0.0256390351
2000-07-27,-0.0245110444,0.0391057605
2000-07-28,-0.0311485556,0.0428629506
2000-07-31,0.0186966778,0.0425828341
2000-08-01,-0.0153375667,0.0319741244
2000-08-02,-0.0028659444,0.0386405444
2000-08-03,-0.0123591778,0.0345334968
2000-08-04,0.0080618333,0.0281911185
2000-08-07,0.0219192333,0.0355459178
2000-08-08,0.0018550778,0.0286053326
2000-08-09,-0.0039664066,0.0269760203
2000-08-10,-0.006611033,0.0307997894
2000-08-11,0.0079852637,0.0242635426
2000-08-14,0.0189708132,0.0273597508
2000-08-15,0.0134559451,0.0308051791
2000-08-16,0.0214647253,0.0453522229
2000-08-17,0.0171631209,0.0318434834
2000-08-18,0.003470978,0.02269237
2000-08-21,0.0016988132,0.0234405159
2000-08-22,0.0039535495,0.0216651334
2000-08-23,0.0090040879,0.0318596467
2000-08-24,0.0058561538,0.033532705
2000-08-25,0.0099798681,0.0281054774
2000-08-28,0.009348022,0.026508683
2000-08-29,0.0109792747,0.0288947117
2000-08-30,-0.0014561319,0.022059729
2000-08-31,0.0234564286,0.0320428446
2000-09-01,0.0046341319,0.0213885683
2000-09-05,-0.0028124615,0.0242813356
2000-09-06,-0.0140112527,0.0290889426
2000-09-07,0.0173252527,0.0343902287
2000-09-08,-0.0207542418,0.02562859
2000-09-11,0.0069837912,0.0298732651
2000-09-12,0.0207265495,0.0415384565
2000-09-13,0.0038616593,0.0279909509
2000-09-14,-0.001320033,0.0309028076
2000-09-15,-0.0010793187,0.0351269016
2000-09-18,-0.0236427473,0.0300101891
2000-09-19,0.0053841648,0.0354731445
2000-09-20,-0.0049094615,0.0262221133
2000-09-21,-0.0193430879,0.0313430139
2000-09-22,-0.0120998022,0.0279182043
2000-09-25,-0.0010348901,0.0311286852
2000-09-26,0.0002090769,0.0414213001
2000-09-27,-0.0080886813,0.031651481
2000-09-28,0.0184017033,0.0347125775
2000-09-29,-0.0060335385,0.0355347337
2000-10-02,-0.0153438478,0.0326401843
2000-10-03,-0.0149131304,0.0360269461
2000-10-04,0.0070601739,0.0377255189
2000-10-05,-0.0115780652,0.0299327335
2000-10-06,-0.0348897391,0.0356558885
2000-10-09,-0.000078,0.0367407798
2000-10-10,-0.0204002174,0.0411851153
2000-10-11,-0.0077976196,0.0310258143
2000-10-12,-0.0214145217,0.0431918384
2000-10-13,0.0423019891,0.0600211827
2000-10-16,0.0070401196,0.0329195699
2000-10-17,-0.0286879891,0.037579074
2000-10-18,-0.0219322826,0.0353911333
2000-10-19,0.0457535978,0.0508743495
2000-10-20,0.0136546087,0.037032189
2000-10-23,0.010875913,0.0392394357
2000-10-24,0.0019176413,0.0375454747
2000-10-25,-0.0431169239,0.0479446983
2000-10-26,0.0141583043,0.0363802486
2000-10-27,-0.001799663,0.0390413294
2000-10-30,0.0017514086,0.0351917112
2000-10-31,0.0257683978,0.0394517179
2000-11-01,0.004166,0.0342037849
2000-11-02,0.0188547849,0.0302867779
2000-11-03,0.0047294787,0.0344772938
2000-11-06,-0.0092929894,0.0284436682
2000-11-07,-0.0117060851,0.0297920783
2000-11-08,-0.0144242128,0.0301941593
2000-11-09,-0.0118027128,0.0316757187
2000-11-10,-0.033799117,0.0348404511
2000-11-13,-0.0127189255,0.0322996102
2000-11-14,0.0211364894,0.0375888493
2000-11-15,0.0131632979,0.0288549507
2000-11-16,-0.0295645532,0.0360533354
2000-11-17,-0.0083521064,0.024448148
2000-11-20,-0.0279834737,0.0305900632
2000-11-21,-0.0118436842,0.0303650659
2000-11-22,-0.018125,0.0349208842
2000-11-24,0.0349467474,0.0441220337
2000-11-27,-0.0160308211,0.0314048319
2000-11-28,-0.0409139474,0.045260933
2000-11-29,-0.0301214632,0.0408260731
2000-11-30,-0.0430157895,0.0481318825
2000-12-01,0.0258023474,0.0457155894
2000-12-04,-0.0082081368,0.0343356656
2000-12-05,0.0613646842,0.0647091568
2000-12-06,0.0002084,0.0433791116
2000-12-07,-0.0121833263,0.0350380904
2000-12-08,0.0469195684,0.0523051122
2000-12-11,0.0266695684,0.0482849079
2000-12-12,-0.0213469368,0.0396806704
2000-12-13,-0.0259184737,0.0401130837
2000-12-14,-0.0292958632,0.0342261124
2000-12-15,-0.0162903368,0.0370662353
2000-12-18,-0.0072123053,0.0346401108
2000-12-19,-0.0212735368,0.0364588173
2000-12-20,-0.0494652,0.0534845642
2000-12-21,-0.0116572947,0.0515006136
2000-12-22,0.0513866105,0.0557190367
2000-12-26,0.0063708526,0.0460153341
2000-12-27,0.0200658316,0.0427515805
2000-12-28,0.0381668632,0.0516296884
2000-12-29,0.0094695263,0.0513988432
2001-01-02,-0.0344973895,0.0553395012
2001-01-03,0.0512495684,0.0675819147
2001-01-04,0.0073983263,0.0543636277
2001-01-05,-0.0191166842,0.0446786271
2001-01-08,0.0072861684,0.0278423984
2001-01-09,0.0088200947,0.0425534611
2001-01-10,0.0260546842,0.0390393828
2001-01-11,0.0458545368,0.0580016855
2001-01-12,0.0263557789,0.0439133629
2001-01-16,0.0273470632,0.0537445456
2001-01-17,0.0092381474,0.0426525855
2001-01-18,0.0239576211,0.0431635982
2001-01-19,-0.0037006042,0.0381517921
2001-01-22,0.0019805208,0.0296356159
2001-01-23,0.0115978542,0.0369764436
2001-01-24,0.003092375,0.0354566484
2001-01-25,-0.0113122083,0.0331223516
2001-01-26,0.0003535729,0.0278514184
2001-01-29,0.007553,0.0277277083
2001-01-30,0.0148347604,0.0339065905
2001-01-31,-0.0014814063,0.0299852813
2001-02-01,-0.006540875,0.0331039714
2001-02-02,-0.0116046771,0.0313813652
2001-02-05,-0.0125294167,0.0284435399
2001-02-06,0.0145171979,0.0292585184
2001-02-07,-0.0056881979,0.0300280809
2001-02-08,-0.0049504792,0.0385926558
2001-02-09,-0.0188159375,0.0369079505
2001-02-12,0.0070595521,0.0307471233
2001-02-13,-0.0008884896,0.0294246877
2001-02-14,0.0184709167,0.0330721649
2001-02-15,0.0198930625,0.0338111992
2001-02-16,-0.0272216563,0.0327793633
2001-02-20,-0.0239559479,0.0448922758
2001-02-21,-0.0147105833,0.0324069601
2001-02-22,-0.0123920417,0.0240350026
2001-02-23,-0.0073329896,0.0267123429
2001-02-26,0.0105229063,0.0285463118
2001-02-27,-0.016187375,0.0350077865
2001-02-28,-0.0135282292,0.0366477917
2001-03-01,0.0032736771,0.0315740124
2001-03-02,0.0109625313,0.0256865436
2001-03-05,0.0101916146,0.0316763021
2001-03-06,0.0181847708,0.0319773832
2001-03-07,0.0116535521,0.0299519638
2001-03-08,-0.0042808542,0.0267986367
2001-03-09,-0.0273060104,0.0336429701
2001-03-12,-0.0349080521,0.0381323273
2001-03-13,0.0174490729,0.0416239143
2001-03-14,-0.01906875,0.0249145469
2001-03-15,0.0051928854,0.0297998776
2001-03-16,-0.0224070104,0.0309053435
2001-03-19,0.0225045833,0.034425276
2001-03-20,-0.0076001146,0.0322299295
2001-03-21,-0.0170552292,0.0323811554
2001-03-22,-0.0008308646,0.0467165662
2001-03-23,0.0289062917,0.032184888
2001-03-26,0.0132087917,0.0310455703
2001-03-27,0.0189376771,0.036202964
2001-03-28,-0.0275458333,0.0405633681
2001-03-29,-0.0073592188,0.029578957
2001-03-30,0.0317156667,0.0410827431
2001-04-02,-0.03930325,0.0436610313
2001-04-03,-0.0445894688,0.037053765
2001-04-04,-0.0105218854,0.0344559961
2001-04-05,0.0588228021,0.0621558025
2001-04-06,-0.0244576458,0.0318696641
2001-04-09,0.011671,0.038532625
2001-04-10,0.0421268542,0.0424849965
2001-04-11,0.0177142917,0.0358329774
2001-04-12,0.0193651771,0.0289771491
2001-04-16,-0.0096284479,0.0376572561
2001-04-17,0.0100646146,0.0256781914
2001-04-18,0.0500281979,0.0639317057
2001-04-19,0.0193556458,0.0354524397
2001-04-20,-0.0115190313,0.0245927624
2001-04-23,-0.0153537396,0.0373135503
2001-04-24,0.002050375,0.0296645234
2001-04-25,0.0130413333,0.0241295278
2001-04-26,0.0018190521,0.0328008186
2001-04-27,0.0154754063,0.0275297695
2001-04-30,0.0182106042,0.0388929761
2001-05-01,0.0121811979,0.0287182893
2001-05-02,0.0101592188,0.0367762552
2001-05-03,-0.0127465208,0.0242224249
2001-05-04,0.0160371354,0.0249393162
2001-05-07,-0.0036591771,0.0260903327
2001-05-08,0.010998375,0.0206138281
2001-05-09,0.0018578646,0.0258198759
2001-05-10,-0.0030423125,0.0200516654
2001-05-11,-0.0045998333,0.0217727326
2001-05-14,0.0005570417,0.0295889002
2001-05-15,0.0080105729,0.027191594
2001-05-16,0.0187086875,0.0301196328
2001-05-17,0.0344212917,0.0428314271
2001-05-18,0.0359890938,0.053252612
2001-05-21,0.0260854271,0.0378880397
2001-05-22,0.00049075,0.0266786354
2001-05-23,-0.0237028021,0.0270921107
2001-05-24,0.0051744167,0.0276322813
2001-05-25,0.0032891146,0.02306602
2001-05-29,-0.0210644375,0.0309556354
2001-05-30,-0.0347455,0.0386386458
2001-05-31,0.0208895,0.0271226146
2001-06-01,0.0093306146,0.023626217
2001-06-04,0.0001796146,0.0305780152
2001-06-05,0.0151454896,0.0322482263
2001-06-06,-0.00613775,0.0233891354
2001-06-07,0.004317875,0.0291165573
2001-06-08,-0.0079789792,0.020472707
2001-06-11,-0.0061645625,0.0314423594
2001-06-12,-0.0066249479,0.0319535675
2001-06-13,-0.0174972188,0.0233948014
2001-06-14,-0.0304839375,0.0253018203
2001-06-15,-0.0125876354,0.0322974648
2001-06-18,-0.0285422396,0.0364339145
2001-06-19,-0.0163950104,0.0341736797
2001-06-20,0.0005656979,0.0348300371
2001-06-21,0.0064041042,0.037527378
2001-06-22,-0.00294525,0.0278913385
2001-06-25,-0.0027856771,0.027522622
2001-06-26,0.0125208854,0.0333980651
2001-06-27,0.0096144479,0.0240782611
2001-06-28,0.0003748542,0.0282149136
2001-06-29,0.0324343958,0.0478460321
2001-07-02,-0.016334,0.02962825
2001-07-03,-0.0017687396,0.021100197
2001-07-05,-0.0060394792,0.0292269557
2001-07-06,-0.0209189583,0.0285302439
2001-07-09,0.0039179167,0.0219283056
2001-07-10,-0.0224489583,0.0306645773
2001-07-11,-0.0047936458,0.0219525417
2001-07-12,0.0274039792,0.0419943711
2001-07-13,0.0067500833,0.0267195417
2001-07-16,-0.0206043125,0.0308028841
2001-07-17,0.0101337917,0.025259987
2001-07-18,-0.0214336563,0.0280042806
2001-07-19,0.0063916979,0.0304012561
2001-07-20,-0.0125521667,0.0285374167
2001-07-23,-0.0017398333,0.0384835243
2001-07-24,-0.032637375,0.0334349714
2001-07-25,0.0104288021,0.0388384731
2001-07-26,0.0187364583,0.0347541424
2001-07-27,0.0110143958,0.0315810282
2001-07-30,0.000022,0.0257320731
2001-07-31,0.0040584688,0.0267439512
2001-08-01,0.0157124063,0.0327431328
2001-08-02,0.0017278542,0.024365378
2001-08-03,-0.0041871458,0.0218038663
2001-08-06,-0.0165475313,0.0249405534
2001-08-07,0.00000925,0.0228369688
2001-08-08,-0.0221589063,0.0290959531
2001-08-09,-0.0086658229,0.023220742
2001-08-10,0.0006793854,0.0306923262
2001-08-13,-0.0079212604,0.0296838989
2001-08-14,0.0009943542,0.0249538333
2001-08-15,-0.0154907292,0.0320498377
2001-08-16,-0.0082870313,0.0262858099
2001-08-17,-0.0186769792,0.0285045586
2001-08-20,-0.0031991354,0.0232515605
2001-08-21,-0.0179903021,0.0279094299
2001-08-22,0.0086817396,0.0336360612
2001-08-23,-0.0088586042,0.0283301628
2001-08-24,0.0198399792,0.0283828086
2001-08-27,0.0018379271,0.0257322619
2001-08-28,-0.0231799896,0.0243070293
2001-08-29,-0.0087404583,0.021839125
2001-08-30,-0.0199918438,0.0257522969
2001-08-31,0.0094965833,0.0229155538
2001-09-04,-0.0091233438,0.0292740807
2001-09-05,-0.0150361667,0.0267892153
2001-09-06,-0.0235900208,0.022250855
2001-09-07,-0.0135454896,0.0214167086
2001-09-10,-0.0145268854,0.0371581508
2001-09-17,-0.0464929792,0.047382625
2001-09-18,-0.0290052188,0.0416552813
2001-09-19,-0.0320445938,0.042453097
2001-09-20,-0.0332224583,0.0416307326
2001-09-21,-0.0055186771,0.0445029742
2001-09-24,0.059106625,0.0589368255
2001-09-25,0.0001658125,0.0358300911
2001-09-26,-0.0327087292,0.0415423568
2001-09-27,0.0013953229,0.0414809056
2001-09-28,0.0177105417,0.0466406441
2001-10-01,-0.0029015625,0.0580140534
2001-10-02,0.0152916979,0.0342467101
2001-10-03,0.0373128021,0.0425631775
2001-10-04,0.0215237813,0.0370074974
2001-10-05,0.0016828646,0.0300154102
2001-10-08,-0.0019843125,0.0313863815
2001-10-09,-0.0093576875,0.0314926328
2001-10-10,0.0331190729,0.0383666547
2001-10-11,0.0292518229,0.0434515655
2001-10-12,0.0050115625,0.032416776
2001-10-15,-0.0133078125,0.0272565352
2001-10-16,0.0213960208,0.036573171
2001-10-17,-0.0147153542,0.0382611788
2001-10-18,-0.0163237917,0.0309171536
2001-10-19,0.0141491771,0.0254378487
2001-10-22,0.0133175313,0.0280033854
2001-10-23,-0.0008905521,0.0290550477
2001-10-24,0.0095575938,0.0409128288
2001-10-25,0.0225516458,0.0341358038
2001-10-26,0.0140930526,0.0389889452
2001-10-29,-0.0233224737,0.0410413429
2001-10-30,-0.0238102737,0.0304717197
2001-10-31,0.0196317053,0.0235891362
2001-11-01,0.0143671684,0.028419065
2001-11-02,-0.0025833895,0.0253753374
2001-11-05,0.0085686842,0.0277047745
2001-11-06,0.0107805053,0.027739543
2001-11-07,-0.0035395895,0.0233220753
2001-11-08,0.0037111789,0.02589895
2001-11-09,0.0015076,0.0242019705
2001-11-12,0.0038027895,0.0196983723
2001-11-13,0.0194909368,0.0258881651
2001-11-14,0.0116659053,0.0429098914
2001-11-15,-0.0107825104,0.0351611155
2001-11-16,-0.0018904688,0.0222657884
2001-11-19,0.0059667917,0.0233073828
2001-11-20,-0.0071727604,0.030110928
2001-11-21,-0.0063009688,0.0203774551
2001-11-23,0.0143185313,0.0183933294
2001-11-26,-0.0003985729,0.0241969627
2001-11-27,0.0024422083,0.0233349844
2001-11-28,-0.0251069688,0.027902737
2001-11-29,0.0140637604,0.0243709596
2001-11-30,-0.0028295313,0.0224196576
2001-12-03,-0.0122535625,0.0243494909
2001-12-04,0.0202933333,0.0321679167
2001-12-05,0.0290821458,0.0355968845
2001-12-06,0.0056374896,0.0224521749
2001-12-07,-0.0060801771,0.0221570521
2001-12-10,-0.0198376354,0.0231620842
2001-12-11,-0.0052687917,0.0291908906
2001-12-12,0.0074694375,0.0293236146
2001-12-13,-0.0215590104,0.0294428231
2001-12-14,-0.0010567292,0.0232532144
2001-12-17,0.0088134063,0.029518903
2001-12-18,0.0072083646,0.0273264915
2001-12-19,-0.0060413854,0.0348013869
2001-12-20,-0.0121746354,0.0219654857
2001-12-21,0.0150460625,0.0269198607
2001-12-24,0.0081177188,0.0195007012
2001-12-26,0.0104292292,0.0234998459
2001-12-27,0.0205723958,0.0330651871
2001-12-28,0.0092161667,0.022874941
2001-12-31,-0.0007033646,0.0280047962
2002-01-02,0.0009816875,0.026594931
2002-01-03,0.029084,0.0428647083
2002-01-04,0.0145128021,0.0284780152
2002-01-07,-0.0081803646,0.0223392511
2002-01-08,0.0314929271,0.0537792463
2002-01-09,-0.0133638125,0.034113957
2002-01-10,-0.0089407396,0.0212726771
2002-01-11,-0.0187709479,0.0274752517
2002-01-14,-0.0231221354,0.0340431163
2002-01-15,-0.0058281146,0.0203723021
2002-01-16,-0.0171850938,0.0261334993
2002-01-17,0.0112554896,0.0277086035
2002-01-18,-0.0071191667,0.0328245
2002-01-22,-0.01613475,0.0273437813
2002-01-23,0.0146481771,0.0226491649
2002-01-24,0.0094889063,0.0237378034
2002-01-25,0.0005084375,0.0226961758
2002-01-28,0.0003194896,0.0241432808
2002-01-29,-0.0228226563,0.0247215299
2002-01-30,0.0134219583,0.0294714766
2002-01-31,0.0020190521,0.0276470126
2002-02-01,0.0081389583,0.0371584844
2002-02-04,-0.0332377292,0.0329532808
2002-02-05,-0.00896175,0.0285506042
2002-02-06,-0.0188112396,0.0312018203
2002-02-07,-0.0109404167,0.028884441
2002-02-08,0.0169628229,0.0271980753
2002-02-11,0.0113826042,0.0232898542
2002-02-12,-0.0003610417,0.0196791649
2002-02-13,0.0111380625,0.0295443398
2002-02-14,-0.0067486979,0.0230175623
2002-02-15,-0.0085901042,0.0264082817
2002-02-19,-0.0243758854,0.029144202
2002-02-20,0.0080412083,0.0237999583
2002-02-21,-0.0180530104,0.0294663854
2002-02-22,0.0039870104,0.0219858008
2002-02-25,0.0144785,0.0359512083
2002-02-26,0.0049383125,0.0220511992
2002-02-27,0.0061940938,0.0232030723
2002-02-28,-0.0044674896,0.031772428
2002-03-01,0.0245089896,0.0320047791
2002-03-04,0.0317562396,0.0328123845
2002-03-05,0.0124546146,0.0302652971
2002-03-06,0.0228835104,0.0306533149
2002-03-07,0.0136088958,0.027569872
2002-03-08,0.0190992188,0.029362373
2002-03-11,-0.0021588854,0.0263321836
2002-03-12,-0.0076044375,0.0192157565
2002-03-13,-0.006878375,0.0301837109
2002-03-14,0.0011209167,0.0205765434
2002-03-15,0.0065540625,0.02063825
2002-03-18,0.0079214583,0.0216649609
2002-03-19,0.0103367604,0.0194090221
2002-03-20,-0.0102245208,0.0219393359
2002-03-21,0.0191894479,0.0237672726
2002-03-22,-0.0012387708,0.0226992912
2002-03-25,-0.0192286458,0.0198546836
2002-03-26,0.0046872604,0.0240207658
2002-03-27,0.014898,0.0247334583
2002-03-28,0.0077089167,0.0246344184
2002-04-01,0.0028749583,0.0234993116
2002-04-02,0.0072260313,0.0290019355
2002-04-03,-0.0175809583,0.0245735382
2002-04-04,0.0074508958,0.0185137018
2002-04-05,-0.0068321458,0.0173541814
2002-04-08,0.0097611667,0.0180774271
2002-04-09,-0.0083067292,0.0170198845
2002-04-10,0.018815375,0.027417901
2002-04-11,-0.0173982604,0.023922765
2002-04-12,0.0160546875,0.0301360664
2002-04-15,-0.0089228958,0.0235120516
2002-04-16,0.0309895625,0.028766513
2002-04-17,0.0058645833,0.0240407135
2002-04-18,-0.0081156771,0.0237377813
2002-04-19,-0.0001938542,0.0171226753
2002-04-22,-0.0131012708,0.022049625
2002-04-23,-0.0030575521,0.0242853783
2002-04-24,-0.013902,0.0239259792
2002-04-25,-0.0026850417,0.025206276
2002-04-26,-0.0192024688,0.0284554648
2002-04-29,-0.014978875,0.0250600781
2002-04-30,0.0166645208,0.0313773333
2002-05-01,0.0039572604,0.0211957867
2002-05-02,-0.0014993333,0.0261063611
2002-05-03,-0.0083912813,0.024950263
2002-05-06,-0.0158828438,0.0256394622
2002-05-07,-0.0128273229,0.0299738835
2002-05-08,0.0379452708,0.0417871471
2002-05-09,-0.022258625,0.0250069245
2002-05-10,-0.0173504792,0.026137365
2002-05-13,0.0201197917,0.0275933325
2002-05-14,0.0253943021,0.0311271417
2002-05-15,-0.0031720521,0.0238231124
2002-05-16,-0.0086246667,0.0213222986
2002-05-17,-0.001170625,0.0213677448
2002-05-20,-0.0067133542,0.0258209301
2002-05-21,-0.0162829792,0.0260535191
2002-05-22,-0.0053112083,0.0184773967
2002-05-23,0.0139322917,0.0276276354
2002-05-24,-0.0199934375,0.0244915898
2002-05-28,-0.0010557396,0.016992255
2002-05-29,-0.0159378333,0.0259340833
2002-05-30,-0.0108838854,0.0242194288
2002-05-31,0.0033029688,0.0229407585
2002-06-03,-0.0357204583,0.0321360556
2002-06-04,-0.0022200105,0.0265124319
2002-06-05,-0.0050549263,0.0340500113
2002-06-06,-0.0228709579,0.0278961013
2002-06-07,0.0028026211,0.0331356853
2002-06-10,-0.0081905368,0.0292534298
2002-06-11,-0.0161768842,0.0252321307
2002-06-12,-0.0061220842,0.0294518799
2002-06-13,-0.0109568316,0.025705756
2002-06-14,-0.0019600316,0.0317560346
2002-06-17,0.0290781579,0.026648769
2002-06-18,-0.0021506842,0.0243226615
2002-06-19,-0.0272915789,0.031146697
2002-06-20,-0.0142412842,0.0352849396
2002-06-21,-0.0123479053,0.0346072798
2002-06-24,-0.0146753158,0.0346856476
2002-06-25,-0.0104012316,0.0341035249
2002-06-26,-0.0067526316,0.0281532066
2002-06-27,0.023994,0.0409423579
2002-06-28,0.0141134947,0.0473644685
2002-07-01,-0.0304977158,0.0382080109
2002-07-02,-0.0374615579,0.0327221172
2002-07-03,-0.0037629368,0.0300800454
2002-07-05,0.0377803263,0.0328548689
2002-07-08,-0.0165790421,0.0292070996
2002-07-09,-0.0140960737,0.0338041478
2002-07-10,-0.0235516,0.0248603621
2002-07-11,-0.0033459789,0.033502002
2002-07-12,-0.0033545579,0.0311916747
2002-07-15,-0.0107730211,0.0307848612
2002-07-16,-0.0140825895,0.0287117919
2002-07-17,0.0093692105,0.0302495557
2002-07-18,-0.0249567684,0.036579319
2002-07-19,-0.0270013474,0.0334075721
2002-07-22,-0.0239042947,0.0430215586
2002-07-23,-0.0537903474,0.050747799
2002-07-24,0.0418324792,0.0531446992
2002-07-25,-0.0203782396,0.0500527954
2002-07-26,0.00548325,0.0393200469
2002-07-29,0.0549276771,0.0529086024
2002-07-30,0.0164893438,0.0440675684
2002-07-31,-0.0196396979,0.0366287125
2002-08-01,-0.0032273854,0.0362928566
2002-08-02,-0.0351913125,0.0325560586
2002-08-05,-0.0400163854,0.0398243663
2002-08-06,0.0348592604,0.0367087813
2002-08-07,0.0084160208,0.0300022925
2002-08-08,0.0261467292,0.0288839093
2002-08-09,-0.0004597188,0.0275864596
2002-08-12,0.0030243021,0.0295531669
2002-08-13,-0.0232269688,0.0275425749
2002-08-14,0.02335225,0.0406389583
2002-08-15,0.0042334375,0.0378212956
2002-08-16,0.0148695208,0.0378941484
2002-08-19,0.0241708438,0.0335419362
2002-08-20,-0.0156835104,0.0302226664
2002-08-21,0.0279628021,0.042201686
2002-08-22,0.0105016667,0.0321720278
2002-08-23,-0.0205982396,0.0297298637
2002-08-26,0.0179354896,0.0290584373
2002-08-27,-0.0309126667,0.0310235625
2002-08-28,-0.0227932396,0.0229786604
2002-08-29,0.0026943438,0.0244486569
2002-08-30,0.0017769583,0.0261996606
2002-09-03,-0.0437841146,0.03100902
2002-09-04,0.0126802917,0.0278151068
2002-09-05,-0.0175776146,0.0329490714
2002-09-06,0.0173853021,0.0322090395
2002-09-09,-0.0032775104,0.029136928
2002-09-10,0.0030285417,0.0362786571
2002-09-11,0.0068718438,0.0270449655
2002-09-12,-0.0242711146,0.0267408622
2002-09-13,0.0097038542,0.0310774223
2002-09-16,-0.0117070521,0.0281668887
2002-09-17,-0.0217383542,0.0319330417
2002-09-18,-0.0060441146,0.031477814
2002-09-19,-0.0281634896,0.0351083743
2002-09-20,0.0050241458,0.0367644822
2002-09-23,-0.0303719271,0.032553199
2002-09-24,-0.0234020313,0.0397137839
2002-09-25,0.0314958542,0.0421041337
2002-09-26,0.0267139896,0.044992342
2002-09-27,-0.0243565625,0.0284266536
2002-09-30,-0.0023209583,0.0304014123
2002-10-01,0.0190327396,0.0434269733
2002-10-02,-0.0248496563,0.037753237
2002-10-03,-0.0104321771,0.0348012409
2002-10-04,-0.0325523021,0.0345671669
2002-10-07,-0.0336139896,0.0453773429
2002-10-08,-0.0088809688,0.0435133203
2002-10-09,-0.0211033125,0.0392017083
2002-10-10,0.03049225,0.0526535938
2002-10-11,0.0475660104,0.0574926604
2002-10-14,0.0084300208,0.0382707543
2002-10-15,0.0473444842,0.0438822876
2002-10-16,-0.0349158421,0.0452977285
2002-10-17,0.0326519789,0.0502183546
2002-10-18,0.0082007895,0.042255887
2002-10-21,0.0181876105,0.0314813467
2002-10-22,-0.0061734105,0.0366653325
2002-10-23,0.0289792842,0.0344938418
2002-10-24,0.0058872316,0.0327519136
2002-10-25,0.0097854211,0.0346067867
2002-10-28,0.0032496842,0.0366016986
2002-10-29,-0.0120108105,0.0396801044
2002-10-30,0.0261464526,0.0355963807
2002-10-31,0.0153905053,0.0435281961
2002-11-01,0.0310136211,0.0356280614
2002-11-04,0.0121537368,0.0318435601
2002-11-05,-0.0077768211,0.0261929064
2002-11-06,0.0297191684,0.0411901319
2002-11-07,-0.0227812947,0.0375043535
2002-11-08,-0.0091151895,0.030498868
2002-11-11,-0.0306525789,0.035399897
2002-11-12,0.0184612632,0.0334778249
2002-11-13,-0.0048683579,0.0275622925
2002-11-14,0.0332255579,0.033425467
2002-11-15,0.0016184316,0.026099895
2002-11-18,0.0004135579,0.0308170249
2002-11-19,-0.0076407895,0.0271196388
2002-11-20,0.0301065895,0.0434293141
2002-11-21,0.0358224,0.0416787032
2002-11-22,0.0101792947,0.0348062967
2002-11-25,0.0282842526,0.0405265243
2002-11-26,0.0002980316,0.0453535386
2002-11-27,0.0319915158,0.0339523929
2002-11-29,0.0025873158,0.0254722249
2002-12-02,0.0050328842,0.0363579315
2002-12-03,-0.0170937579,0.0390226447
2002-12-04,-0.0261038526,0.038013342
2002-12-05,-0.0081121895,0.0221061283
2002-12-06,-0.0000261,0.0255468926
2002-12-09,-0.0294823474,0.0336224636
2002-12-10,0.0287837263,0.0302645445
2002-12-11,-0.0010891474,0.0210833068
2002-12-12,0.0003034,0.0275948632
2002-12-13,-0.0120747684,0.0257169791
2002-12-16,0.0155223368,0.0335217791
2002-12-17,-0.0077489158,0.0263928833
2002-12-18,-0.0236930421,0.0280072461
2002-12-19,-0.0071306842,0.0230940543
2002-12-20,0.0016832737,0.0261022843
2002-12-23,0.0016819684,0.0270262424
2002-12-24,-0.0035482,0.0180716968
2002-12-26,-0.0076671053,0.0244002404
2002-12-27,-0.0077671789,0.0221888951
2002-12-30,-0.0098544105,0.0217648111
2002-12-31,0.0046051053,0.0257435878
2003-01-02,0.0289468211,0.0344850786
2003-01-03,0.0030448105,0.0223656924
2003-01-06,0.0206670632,0.0289463428
2003-01-07,0.0011249474,0.0284474094
2003-01-08,-0.0043647684,0.0281393257
2003-01-09,0.0165832526,0.0280525396
2003-01-10,0.0124885789,0.0280657385
2003-01-13,-0.0040958211,0.028685335
2003-01-14,0.0051422632,0.022019723
2003-01-15,-0.0093247158,0.0239220889
2003-01-16,0.0001722316,0.0266346535
2003-01-17,-0.0157890947,0.0254851293
2003-01-21,-0.0028787368,0.041565692
2003-01-22,-0.0021771684,0.0329385593
2003-01-23,0.0146974421,0.0225688702
2003-01-24,-0.0224870316,0.0253113549
2003-01-27,-0.0234828526,0.029354687
2003-01-28,0.0403725158,0.0484888104
2003-01-29,0.0049653263,0.0282943504
2003-01-30,-0.0224614211,0.0274056875
2003-01-31,-0.0004945474,0.027017514
2003-02-03,-0.0082171474,0.0328502462
2003-02-04,-0.0126015579,0.0318008917
2003-02-05,-0.0073836842,0.024235015
2003-02-06,0.0014738105,0.0336493066
2003-02-07,-0.0210622105,0.025690677
2003-02-10,-0.0003906211,0.0248881877
2003-02-11,0.00000566,0.0243921573
2003-02-12,-0.0179666737,0.0249892016
2003-02-13,0.0086798421,0.0275271978
2003-02-14,0.009624,0.0280370737
2003-02-18,0.0209691368,0.0295312953
2003-02-19,-0.0053503789,0.0261027612
2003-02-20,0.0053168842,0.0234022724
2003-02-21,0.0158301368,0.0256828973
2003-02-24,-0.0157416316,0.0245733307
2003-02-25,0.0062733789,0.0221383415
2003-02-26,-0.0116052947,0.0205578347
2003-02-27,0.0134792211,0.0286671331
2003-02-28,0.0018184316,0.0230534648
2003-03-03,-0.0021653789,0.024285469
2003-03-04,-0.0144942842,0.0201238238
2003-03-05,0.0006891789,0.0229075304
2003-03-06,-0.009039,0.0190330526
2003-03-07,-0.0047729684,0.0205041542
2003-03-10,-0.009579,0.0250971789
2003-03-11,-0.0028591684,0.0239757596
2003-03-12,-0.0046356526,0.0217580636
2003-03-13,0.0310817579,0.0358929777
2003-03-14,-0.0005515263,0.0235878061
2003-03-17,0.0285608211,0.0330414921
2003-03-18,0.0189473263,0.0253533394
2003-03-19,-0.0003400632,0.0251531362
2003-03-20,0.0038330105,0.021666474
2003-03-21,0.0196163684,0.0287318327
2003-03-24,-0.0261029158,0.0239793833
2003-03-25,0.0086613368,0.0207265722
2003-03-26,-0.0066512947,0.0247910161
2003-03-27,0.0023819053,0.0229220337
2003-03-28,-0.0008391789,0.0219037582
2003-03-31,-0.0179121474,0.0250174034
2003-04-01,0.0056901158,0.0281609283
2003-04-02,0.0289555684,0.0339903965
2003-04-03,-0.0042921053,0.0244773186
2003-04-04,0.0023305789,0.0249214515
2003-04-07,0.0169193368,0.0256153587
2003-04-08,-0.0128296105,0.0219360064
2003-04-09,-0.0070171368,0.0212845077
2003-04-10,0.0064371474,0.0202903936
2003-04-11,-0.0047329263,0.0177987856
2003-04-14,0.0187562947,0.0249007586
2003-04-15,0.0020128,0.0218082695
2003-04-16,0.0009708105,0.0244851741
2003-04-17,0.0229581263,0.0256986331
2003-04-21,0.0091025158,0.0272870624
2003-04-22,0.0189786947,0.0227614699
2003-04-23,0.0045198211,0.0236874462
2003-04-24,-0.0032719474,0.0232575878
2003-04-25,-0.0065171474,0.0216652709
2003-04-28,0.0230990737,0.0261131816
2003-04-29,-0.0023809158,0.0226862639
2003-04-30,0.0054169579,0.0214034223
2003-05-01,0.0047436526,0.025050384
2003-05-02,0.0196258842,0.0263740627
2003-05-05,0.0073922947,0.0226474695
2003-05-06,0.0129780632,0.0308740377
2003-05-07,-0.0033691684,0.0248335947
2003-05-08,-0.0017550211,0.0240056397
2003-05-09,0.0157861474,0.0236763867
2003-05-12,0.0125026,0.0212071747
2003-05-13,0.0104975263,0.0264543003
2003-05-14,0.0099324316,0.0388310987
2003-05-15,0.0055352842,0.0260396075
2003-05-16,-0.0120159053,0.0288083896
2003-05-19,-0.0250161579,0.0252205596
2003-05-20,-0.0015715368,0.0159098509
2003-05-21,0.0024937263,0.0178126994
2003-05-22,0.0125338632,0.0238309383
2003-05-23,0.0015259368,0.0194316401
2003-05-27,0.0232814316,0.0280260543
2003-05-28,0.0031236947,0.020463729
2003-05-29,0.0186533579,0.0304681483
2003-05-30,0.0155896526,0.0246698522
2003-06-02,0.0079341368,0.0294527422
2003-06-03,0.0150935684,0.0272268386
2003-06-04,0.0264209263,0.0298510976
2003-06-05,0.0013778947,0.0225122471
2003-06-06,-0.0053939053,0.0254406852
2003-06-09,-0.0170113263,0.0229188694
2003-06-10,0.0125464526,0.0240997737
2003-06-11,0.0108380842,0.0268494116
2003-06-12,0.0000663,0.0210680217
2003-06-13,-0.0200170105,0.0214876539
2003-06-16,0.0106472,0.0212096547
2003-06-17,0.0015461053,0.022699528
2003-06-18,-0.0008951579,0.0251143247
2003-06-19,-0.0036103053,0.0228299716
2003-06-20,-0.0050465263,0.0207486615
2003-06-23,-0.0263106947,0.0257123934
2003-06-24,-0.0055754211,0.0215097008
2003-06-25,0.0091948737,0.0196753432
2003-06-26,0.0199708737,0.0280916878
2003-06-27,-0.0031667158,0.0206142451
2003-06-30,-0.0128404632,0.0241126919
2003-07-01,0.0055703789,0.0303438391
2003-07-02,0.0179033474,0.0253252499
2003-07-03,-0.0052442526,0.0170750185
2003-07-07,0.0272683895,0.0288211504
2003-07-08,0.0072021053,0.0194590183
2003-07-09,0.0122096211,0.0265270712
2003-07-10,-0.00925,0.0186716
2003-07-11,0.0076173684,0.0236938981
2003-07-14,0.0110023895,0.0240143153
2003-07-15,-0.0003759789,0.0219512906
2003-07-16,-0.0002282842,0.0239279506
2003-07-17,-0.0266305368,0.0254279382
2003-07-18,0.0069290211,0.0182616835
2003-07-21,-0.0104746211,0.0203486515
2003-07-22,0.0199532211,0.0248384337
2003-07-23,-0.0023912632,0.018376667
2003-07-24,-0.0013013053,0.0228320091
2003-07-25,0.0105522737,0.0180272106
2003-07-28,0.0074872211,0.0195617742
2003-07-29,-0.0047805053,0.0207926161
2003-07-30,-0.0094387263,0.03007055
2003-07-31,0.0065424947,0.0261008782
2003-08-01,-0.0049473158,0.022762031
2003-08-04,-0.0056094632,0.0226725358
2003-08-05,-0.0121611789,0.0207768372
2003-08-06,-0.0090443895,0.0282050673
2003-08-07,-0.0071029263,0.0270270998
2003-08-08,0.0038322947,0.025173571
2003-08-11,0.0143222105,0.0201102305
2003-08-12,0.0155292211,0.0246174373
2003-08-13,0.0126199053,0.0237083034
2003-08-14,0.0087940526,0.0195415601
2003-08-15,0.0389773226,0.0573799403
2003-08-18,0.0344826632,0.0515971741
2003-08-19,0.0179117368,0.037041241
2003-08-20,-0.0079785368,0.0265243798
2003-08-21,0.0183509158,0.0296614287
2003-08-22,-0.0101855158,0.0187981505
2003-08-25,-0.0068514526,0.0225685356
2003-08-26,0.0044643053,0.0192895581
2003-08-27,0.0122501158,0.0239270207
2003-08-28,0.0149181895,0.0253695896
2003-08-29,0.0112523368,0.0212189802
2003-09-02,0.0076209579,0.0207035417
2003-09-03,-0.0038724316,0.0198597538
2003-09-04,0.0108485789,0.0221432909
2003-09-05,-0.0029569263,0.0185724627
2003-09-08,0.0120235474,0.0225748288
2003-09-09,-0.0001174632,0.0242997729
2003-09-10,-0.0160828211,0.0275262057
2003-09-11,0.0174340947,0.0243803552
2003-09-12,0.0016651158,0.0185723907
2003-09-15,0.00000788,0.0167570351
2003-09-16,0.0173316842,0.020764462
2003-09-17,0.0005897579,0.0224496151
2003-09-18,0.0139817789,0.0235552833
2003-09-19,0.0009680105,0.017064222
2003-09-22,0.0003664,0.0264599832
2003-09-23,0.0167101789,0.0245980922
2003-09-24,-0.0153621789,0.0312252335
2003-09-25,-0.0183278,0.0286046484
2003-09-26,-0.0257352842,0.0237345425
2003-09-29,0.0102189684,0.0234372536
2003-09-30,-0.0123063579,0.0218766008
2003-10-01,0.0184564421,0.0208134411
2003-10-02,0.0154549474,0.0267667114
2003-10-03,0.0143092316,0.0246868381
2003-10-06,0.0166283895,0.0262657376
2003-10-07,0.0111739895,0.0209747887
2003-10-08,-0.0023944737,0.0210425972
2003-10-09,0.0111904,0.0221122905
2003-10-10,0.0055042,0.0246780758
2003-10-13,0.0142037368,0.0238956144
2003-10-14,0.0086921579,0.0241033928
2003-10-15,-0.0071862105,0.0212148332
2003-10-16,0.0024666737,0.0165626112
2003-10-17,-0.0113838526,0.0189375922
2003-10-20,-0.0005772421,0.0171584443
2003-10-21,0.0060148316,0.0223182296
2003-10-22,-0.0243537895,0.0215034116
2003-10-23,-0.0066496632,0.0213862209
2003-10-24,-0.0072955053,0.0146201744
2003-10-27,0.0093983789,0.0206130203
2003-10-28,0.0210559263,0.026568462
2003-10-29,0.0093630842,0.0192748782
2003-10-30,0.0017807789,0.0233896645
2003-10-31,0.0024398526,0.0182538207
2003-11-03,0.0139293684,0.0243914249
2003-11-04,-0.0003836211,0.0178364295
2003-11-05,0.0078177895,0.0228023911
2003-11-06,0.0079038526,0.0256439408
2003-11-07,-0.0028915263,0.0242379723
2003-11-10,-0.0138973263,0.0247798881
2003-11-11,-0.0026988105,0.0229110325
2003-11-12,0.0099619579,0.0239279601
2003-11-13,-0.0032017474,0.0212846657
2003-11-14,-0.0031288947,0.0276366925
2003-11-17,-0.0087727158,0.0258399894
2003-11-18,-0.0061667684,0.0199691847
2003-11-19,0.0042544,0.0251872253
2003-11-20,-0.0085307474,0.0195705445
2003-11-21,0.0019624105,0.0194223295
2003-11-24,0.0162226316,0.0227155479
2003-11-25,0.0049794105,0.0199461498
2003-11-26,0.0068628421,0.017366
2003-11-28,0.0064107789,0.0164202378
2003-12-01,0.0138344421,0.0259815156
2003-12-02,0.0074872105,0.0268250072
2003-12-03,0.000013,0.0277035577
2003-12-04,-0.0073397684,0.0219858939
2003-12-05,-0.0048251368,0.0192448129
2003-12-08,0.0047470105,0.0197812736
2003-12-09,-0.0165135474,0.0202584403
2003-12-10,-0.0089838,0.0208877979
2003-12-11,0.0259380316,0.0257968148
2003-12-12,0.0042842105,0.0175636155
2003-12-15,-0.0165410947,0.0210424576
2003-12-16,0.0019388125,0.0222458958
2003-12-17,0.0007891563,0.0202207975
2003-12-18,0.0168891458,0.0207370152
2003-12-19,0.0006984583,0.0165537752
2003-12-22,0.0038931042,0.0190215208
2003-12-23,0.0072485,0.0188835313
2003-12-24,-0.0048690938,0.0153945469
2003-12-26,0.007805875,0.0176347708
2003-12-29,0.0132121771,0.0233858364
2003-12-30,0.0035012292,0.0181774067
2003-12-31,-0.0049464375,0.0193604128
2004-01-02,0.0008728438,0.0162066191
2004-01-05,0.0226247604,0.0202652554
2004-01-06,0.0061915,0.0173648333
2004-01-07,0.0115585313,0.020782224
2004-01-08,0.0085292083,0.0219018333
2004-01-09,-0.0029222188,0.0202982656
2004-01-12,0.0198341042,0.024532855
2004-01-13,0.007254125,0.0320079609
2004-01-14,0.0097786771,0.0188546031
2004-01-15,-0.0036845417,0.0177487405
2004-01-16,0.0199354063,0.029573679
2004-01-20,0.0278547604,0.0322351013
2004-01-21,-0.0063796563,0.0217216426
2004-01-22,-0.015264375,0.0255439141
2004-01-23,0.0052539167,0.0215467813
2004-01-26,0.0098779271,0.0219682229
2004-01-27,-0.0087657083,0.0218854201
2004-01-28,-0.0203520417,0.0251161042
2004-01-29,-0.0142256563,0.0215694199
2004-01-30,0.0043439479,0.0176886465
2004-02-02,-0.00000671,0.017671349
2004-02-03,0.0035618646,0.0192266753
2004-02-04,-0.0259353958,0.0242072869
2004-02-05,0.0017425833,0.0230456858
2004-02-06,0.0223842604,0.0241588175
2004-02-09,0.0057070729,0.0195482578
2004-02-10,0.0178325938,0.0222657135
2004-02-11,0.0074772917,0.0178984939
2004-02-12,-0.0074551667,0.0147899167
2004-02-13,-0.0091615729,0.0167760966
2004-02-17,0.01199525,0.0180999115
2004-02-18,-0.0035984375,0.017230026
2004-02-19,-0.006895875,0.0228865651
2004-02-20,-0.0121869167,0.0162882622
2004-02-23,-0.0195732396,0.0257679796
2004-02-24,-0.001267875,0.0208482526
2004-02-25,0.0114544896,0.0172973008
2004-02-26,0.0110700521,0.0211255421
2004-02-27,0.0055949896,0.0175914468
2004-03-01,0.0184090938,0.021131416
2004-03-02,-0.0039503021,0.0219234998
2004-03-03,0.002222625,0.0159488125
2004-03-04,0.0138164583,0.0250291085
2004-03-05,0.0015771771,0.0205114492
2004-03-08,-0.0161951354,0.0209220701
2004-03-09,-0.0126610833,0.0191442795
2004-03-10,-0.0269501458,0.0238450213
2004-03-11,-0.0104089375,0.0170831536
2004-03-12,0.0208539688,0.0202236165
2004-03-15,-0.020363,0.0223163958
2004-03-16,-0.0039595938,0.0180791595
2004-03-17,0.0210235417,0.0194570339
2004-03-18,-0.0009377083,0.0190962951
2004-03-19,-0.0102307604,0.0164648863
2004-03-22,-0.0244201771,0.0192520473
2004-03-23,-0.0009689583,0.0217470035
2004-03-24,-0.0011869688,0.0204382441
2004-03-25,0.0230847813,0.0206275384
2004-03-26,0.0027839691,0.0167833889
2004-03-29,0.019877,0.0202852371
2004-03-30,0.0092500825,0.0182656004
2004-03-31,-0.0037548247,0.0205591245
2004-04-01,0.011513268,0.0201327797
2004-04-02,0.0181249278,0.019103899
2004-04-05,0.007775134,0.0164146825
2004-04-06,-0.0100811134,0.0156169098
2004-04-07,0.0004936392,0.0164353336
2004-04-08,0.0047312474,0.0178749608
2004-04-12,0.0139664948,0.0220327875
2004-04-13,-0.017999299,0.0153296465
2004-04-14,-0.0052159485,0.0147833304
2004-04-15,-0.0040362887,0.0235746866
2004-04-16,0.0138577732,0.032729218
2004-04-19,0.015635866,0.0293398561
2004-04-20,-0.0191524227,0.0232008417
2004-04-21,0.009996134,0.0216024929
2004-04-22,0.0098700722,0.0210989138
2004-04-23,0.0051399175,0.0148139477
2004-04-26,-0.0095862474,0.0170694456
2004-04-27,-0.0054319175,0.0222723567
2004-04-28,-0.0210983814,0.023430674
2004-04-29,-0.0266805567,0.0192973185
2004-04-30,-0.0171116701,0.0247974612
2004-05-03,0.0082185464,0.0234937872
2004-05-04,0.013230268,0.0180319615
2004-05-05,0.0054577835,0.0154640253
2004-05-06,-0.0077669072,0.0210630781
2004-05-07,-0.0160031753,0.016525658
2004-05-10,-0.0213438144,0.0276144929
2004-05-11,0.0217061959,0.0228015498
2004-05-12,-0.0104657732,0.0200181964
2004-05-13,-0.0027696495,0.0187002098
2004-05-14,-0.0093433093,0.0188043886
2004-05-17,-0.0106373299,0.0206067875
2004-05-18,0.0090715052,0.0188768099
2004-05-19,0.0008018969,0.0179140772
2004-05-20,-0.0015189691,0.018010934
2004-05-21,0.0043198144,0.0146883203
2004-05-24,0.0166311753,0.0225894818
2004-05-25,0.024605433,0.0222977921
2004-05-26,0.0043374536,0.019031086
2004-05-27,0.0027080928,0.0164152091
2004-05-28,0.0018275876,0.014880488
2004-06-01,0.0121994021,0.020117062
2004-06-02,-0.0046988763,0.0194534705
2004-06-03,-0.0157083918,0.0220194724
2004-06-04,0.0073665567,0.0195528213
2004-06-07,0.0141119794,0.0199200646
2004-06-08,-0.0024479278,0.0168184823
2004-06-09,-0.0147404536,0.0171470692
2004-06-10,-0.0006394021,0.0192740106
2004-06-14,-0.0132886907,0.0161736193
2004-06-15,0.0130305464,0.0185188707
2004-06-16,0.0043653814,0.0196952937
2004-06-17,0.0006394433,0.0201161569
2004-06-18,-0.001193866,0.0180399911
2004-06-21,-0.0001104845,0.0155777804
2004-06-22,0.0092214742,0.0164972486
2004-06-23,0.016385303,0.0191388962
2004-06-24,0.0016118182,0.0173605895
2004-06-25,0.0025038788,0.0176985571
2004-06-28,-0.0072202323,0.0167029215
2004-06-29,0.0081894747,0.0187843224
2004-06-30,0.0072233333,0.0181877643
2004-07-01,-0.0118729596,0.0208201014
2004-07-02,-0.0048172323,0.0158533288
2004-07-06,-0.0190455758,0.0251709428
2004-07-07,-0.0014933838,0.015791188
2004-07-08,-0.0133509697,0.0192601481
2004-07-09,0.0045339192,0.0167386773
2004-07-12,-0.0085945859,0.0197420212
2004-07-13,0.0051128485,0.0150708791
2004-07-14,-0.0063687778,0.0189396409
2004-07-15,0.0038689091,0.0187550854
2004-07-16,-0.0097325051,0.0186370462
2004-07-19,-0.0078187677,0.0230113501
2004-07-20,0.0094060404,0.0189200561
2004-07-21,-0.025349798,0.024781105
2004-07-22,-0.0073914848,0.0226605289
2004-07-23,-0.0158773737,0.0205668422
2004-07-26,-0.017676404,0.0203932978
2004-07-27,0.017935404,0.0233894552
2004-07-28,-0.0006158788,0.0216052562
2004-07-29,0.0155997475,0.0238052801
2004-07-30,0.0176771212,0.026726374
2004-08-02,-0.00826015,0.021270737
2004-08-03,-0.01740776,0.0247602408
2004-08-04,-0.00435149,0.0213932578
2004-08-05,-0.01540954,0.0227733248
2004-08-06,-0.02358409,0.0272717228
2004-08-09,-0.00863958,0.0219468244
2004-08-10,0.02137018,0.0238321724
2004-08-11,-0.01072853,0.0236672418
2004-08-12,-0.0189052,0.02029852
2004-08-13,-0.00025754,0.0185341908
2004-08-16,0.01253288,0.021044632
2004-08-17,0.00295645,0.024145853
2004-08-18,0.02302455,0.021205345
2004-08-19,-0.00172846,0.0203104264
2004-08-20,0.01769174,0.021006048
2004-08-23,-0.00168994,0.0206693884
2004-08-24,-0.00109255,0.017856939
2004-08-25,0.01128063,0.0147976256
2004-08-26,-0.01127249,0.0192260974
2004-08-27,0.01083337,0.0142926388
2004-08-30,-0.00086747,0.0203316548
2004-08-31,0.01226503,0.0200942778
2004-09-01,0.00873619,0.0199190642
2004-09-02,0.01308764,0.0158946584
2004-09-03,-0.01299624,0.0192393688
2004-09-07,0.00862866,0.0188958528
2004-09-08,-0.00926934,0.0164374544
2004-09-09,0.02282604,0.0221965632
2004-09-10,0.01169062,0.0228139612
2004-09-13,0.00524804,0.0208500208
2004-09-14,-0.00162509,0.013048039
2004-09-15,-0.00764063,0.0196861826
2004-09-16,0.00462049,0.0139134006
2004-09-17,0.00105437,0.0137866552
2004-09-20,-0.00387694,0.0159388036
2004-09-21,0.01253529,0.0177312474
2004-09-22,-0.01597366,0.018089646
2004-09-23,0.00181724,0.0192596824
2004-09-24,-0.00768005,0.018593419
2004-09-27,-0.01220342,0.0197931536
2004-09-28,0.0211281,0.027416184
2004-09-29,0.00666066,0.018192366
2004-09-30,0.00148299,0.0160714106
2004-10-01,0.02169839,0.0216505168
2004-10-04,0.0134511,0.021448478
2004-10-05,0.00926425,0.0223499
2004-10-06,0.00940025,0.01752144
2004-10-07,-0.00295437,0.0220701486
2004-10-08,-0.01398038,0.021879158
2004-10-11,0.00797544,0.020151968
2004-10-12,-0.00635398,0.0158428376
2004-10-13,-0.00698869,0.0232210734
2004-10-14,-0.00180486,0.0209699544
2004-10-15,0.0021025941,0.0183561965
2004-10-18,0.0003994851,0.0177448866
2004-10-19,-0.0062283861,0.0168217563
2004-10-20,0.0079071683,0.0176388499
2004-10-21,0.0066991188,0.0187575155
2004-10-22,-0.0127925347,0.0192749968
2004-10-25,0.0033433168,0.0159775477
2004-10-26,0.007564396,0.0179742651
2004-10-27,0.0080134455,0.0217220188
2004-10-28,-0.007391396,0.0172521265
2004-10-29,0.0020049208,0.0174410409
2004-11-01,0.0025637228,0.0168542172
2004-11-02,0.0045522277,0.0205303345
2004-11-03,0.0029801584,0.0227863027
2004-11-04,0.0149447624,0.0230984758
2004-11-05,0.0065581584,0.0197805415
2004-11-08,0.0012016139,0.0197261596
2004-11-09,0.0034610099,0.0147120518
2004-11-10,0.004772505,0.020965382
2004-11-11,0.0099808119,0.0190662543
2004-11-12,0.0076187745,0.0185933716
2004-11-15,0.0055563627,0.0199563591
2004-11-16,-0.0078986569,0.0154164871
2004-11-17,0.015903951,0.0149287668
2004-11-18,0.0015994608,0.0179985331
2004-11-19,-0.0129542451,0.0204583875
2004-11-22,0.0155018725,0.0244397595
2004-11-23,0.0035530686,0.019752291
2004-11-24,0.0098308922,0.0207779685
2004-11-26,0.0114979216,0.0173031426
2004-11-29,0.0068444902,0.0204406644
2004-11-30,-0.0079317451,0.0176128481
2004-12-01,0.0111069608,0.0223325286
2004-12-02,-0.011990049,0.0188652116
2004-12-03,0.0054963824,0.015038207
2004-12-06,0.0006392647,0.0219033662
2004-12-07,-0.0235323039,0.0220045725
2004-12-08,-0.0012279118,0.0168702682
2004-12-09,0.0022930882,0.0159508633
2004-12-10,0.0024756961,0.018521801
2004-12-13,0.0115633235,0.020757139
2004-12-14,0.0289703627,0.0416451555
2004-12-15,0.0062511863,0.0148620955
2004-12-16,-0.0050886569,0.01983609
2004-12-17,0.0051359223,0.0199228789
2004-12-20,-0.0050452913,0.0154495594
2004-12-21,0.0085494078,0.0176911611
2004-12-22,0.0000133,0.0167304106
2004-12-23,0.0071333981,0.0144689023
2004-12-27,-0.0049982427,0.0171076201
2004-12-28,0.0151244078,0.017584063
2004-12-29,-0.0001992233,0.0120574165
2004-12-30,0.0104027961,0.0184421073
2004-12-31,-0.0004895825,0.0121654556
2005-01-03,-0.0187142621,0.0179570936
2005-01-04,-0.0277149612,0.0217323454
2005-01-05,-0.0170150583,0.0198667612
2005-01-06,0.0065784563,0.0180137283
2005-01-07,-0.0034105631,0.0168192118
2005-01-10,0.0064613495,0.0167506704
2005-01-11,-0.0137887184,0.0174222764
2005-01-12,0.0087832816,0.0165605525
2005-01-13,-0.0042787476,0.0155829098
2005-01-14,0.0100907476,0.0188752452
2005-01-18,0.0096213495,0.0159020567
2005-01-19,-0.0125658155,0.019650686
2005-01-20,-0.0116827961,0.0143593511
2005-01-21,-0.0019722039,0.0164685165
2005-01-24,-0.0093878932,0.0160890419
2005-01-25,0.0067515243,0.0180969196
2005-01-26,0.013579534,0.0191083982
2005-01-27,0.0020853592,0.0162698982
2005-01-28,-0.0049612913,0.0161631929
2005-01-31,0.021479,0.0174556117
2005-02-01,0.0081891553,0.0207821555
2005-02-02,0.0105899126,0.0204845322
2005-02-03,-0.0052483786,0.0184815059
2005-02-04,0.0133395825,0.022633326
2005-02-07,-0.0014503107,0.0179847944
2005-02-08,0.0032638738,0.0192283603
2005-02-09,-0.0154785922,0.0185711258
2005-02-10,0.0044148155,0.0209859476
2005-02-11,0.0093632524,0.0204670944
2005-02-14,-0.0001998835,0.0184055053
2005-02-15,0.0043520485,0.0199835555
2005-02-16,0.0143923786,0.0249123031
2005-02-17,-0.0118250874,0.0192632853
2005-02-18,0.0035973301,0.0165923974
2005-02-22,-0.0073195146,0.025331547
2005-02-23,0.0044320485,0.0149311355
2005-02-24,0.0146787184,0.0203791671
2005-02-25,0.014398767,0.020032667
2005-02-28,-0.0052901456,0.0181835483
2005-03-01,0.0135467379,0.0287072563
2005-03-02,-0.0036175437,0.0185823548
2005-03-03,0.006627,0.0236635534
2005-03-04,0.0069419612,0.0201513387
2005-03-07,0.0031132233,0.0167592849
2005-03-08,-0.0060771456,0.0146739391
2005-03-09,-0.0045629417,0.0169699845
2005-03-10,-0.0106830194,0.0183372444
2005-03-11,-0.004063301,0.014908801
2005-03-14,0.0043219029,0.0143649562
2005-03-15,-0.0064661748,0.016452558
2005-03-16,-0.008510835,0.0156590599
2005-03-17,0.007591068,0.0195979883
2005-03-18,-0.003371233,0.018119832
2005-03-21,-0.0053588155,0.0167070069
2005-03-22,-0.004991699,0.0175604049
2005-03-23,-0.0150617157,0.0229879988
2005-03-24,0.0026040392,0.0160820415
2005-03-28,-0.000663902,0.0168876078
2005-03-29,-0.0198350098,0.0200595206
2005-03-30,0.0174183235,0.0166001794
2005-03-31,0.0095065784,0.0210542099
2005-04-01,-0.0018512255,0.0193221667
2005-04-04,0.0009780784,0.01438592
2005-04-05,0.0016353333,0.0186750261
2005-04-06,0.0073649412,0.020962872
2005-04-07,0.0064823725,0.0129010246
2005-04-08,-0.0142875392,0.0145081336
2005-04-11,-0.0138460098,0.0181172274
2005-04-12,-0.000344049,0.0203255048
2005-04-13,-0.0202452353,0.0213027151
2005-04-14,-0.0196978725,0.0186337645
2005-04-15,-0.0245600588,0.0253834683
2005-04-18,0.0066520588,0.0243840542
2005-04-19,0.0253342451,0.020536416
2005-04-20,-0.0186401078,0.0221099902
2005-04-21,0.027260902,0.0243449512
2005-04-22,-0.015969,0.0255469216
2005-04-25,0.0110264118,0.0213338685
2005-04-26,-0.0136214412,0.0219422324
2005-04-27,-0.0085670588,0.0207986367
2005-04-28,-0.0185321569,0.0218259246
2005-04-29,0.0054762255,0.0215126942
2005-05-02,0.0128676275,0.0233786255
2005-05-03,0.0061068922,0.0249430438
2005-05-04,0.0062185196,0.0263255463
2005-05-05,-0.0001903627,0.0207781809
2005-05-06,0.005071451,0.0187256609
2005-05-09,0.0083162157,0.0172652607
2005-05-10,-0.007735902,0.0216280488
2005-05-11,0.0033053333,0.0158934575
2005-05-12,-0.014467,0.0209345098
2005-05-13,-0.0053308824,0.0222229712
2005-05-16,0.0029657843,0.0209768308
2005-05-17,0.0066050784,0.0198318462
2005-05-18,0.0195178824,0.0244995917
2005-05-19,0.0042637843,0.0197754802
2005-05-20,0.0007053824,0.0135084366
2005-05-23,0.0036897647,0.0199014798
2005-05-24,0.0059686275,0.0180856228
2005-05-25,-0.0027228333,0.020860134
2005-05-26,0.0178888039,0.0202757067
2005-05-27,0.0026970196,0.015937727
2005-05-31,-0.0003432745,0.0175735775
2005-06-01,0.0076388137,0.0178018849
2005-06-02,0.0056478824,0.0197357463
2005-06-03,-0.0027033039,0.0177885759
2005-06-06,0.0016131471,0.0150389123
2005-06-07,-0.0026043627,0.0192423414
2005-06-08,0.0012157255,0.0154577643
2005-06-09,0.0145707255,0.0200844598
2005-06-10,0.0069491471,0.019864271
2005-06-13,0.007725,0.0209577843
2005-06-14,0.0142446176,0.026901605
2005-06-15,0.0058332059,0.0185737866
2005-06-16,0.0102116471,0.0158972065
2005-06-17,0.0102399314,0.019663158
2005-06-20,0.0055102647,0.0257219112
2005-06-21,-0.0068088333,0.0175166307
2005-06-22,0.0026794706,0.0150179631
2005-06-23,-0.0143122843,0.0232199229
2005-06-24,-0.0062071471,0.0236688189
2005-06-27,-0.0031568725,0.0202440711
2005-06-28,0.012733049,0.0183441638
2005-06-29,0.0025008039,0.0233454833
2005-06-30,-0.004293902,0.0142422434
2005-07-01,0.0057333824,0.0173776869
2005-07-05,0.0112077451,0.0202827105
2005-07-06,-0.0069958824,0.0164563749
2005-07-07,0.0012307255,0.0141904152
2005-07-08,0.0147271765,0.0172944118
2005-07-11,0.0171088235,0.0175890058
2005-07-12,0.0002588333,0.0209079967
2005-07-13,0.0019124608,0.0200586869
2005-07-14,-0.0092849706,0.0180306378
2005-07-15,0.0035333627,0.014159703
2005-07-18,-0.0002051176,0.0173410115
2005-07-19,0.0255160784,0.028011115
2005-07-20,0.0120116961,0.0185489502
2005-07-21,-0.0125827941,0.015428124
2005-07-22,0.0127481961,0.0173900158
2005-07-25,-0.0004758627,0.0217495456
2005-07-26,0.0155524706,0.0268677762
2005-07-27,0.0052347282,0.0209915615
2005-07-28,0.0083117282,0.0197439321
2005-07-29,-0.0050368932,0.0192455947
2005-08-01,0.0076714369,0.0199218113
2005-08-02,0.0122590097,0.0229100888
2005-08-03,-0.0037868447,0.0194366647
2005-08-04,-0.011220466,0.0226546868
2005-08-05,-0.0078056214,0.0214093752
2005-08-08,0.0013899903,0.0253780266
2005-08-09,0.000577699,0.0171985854
2005-08-10,-0.005563767,0.022065188
2005-08-11,0.0128901635,0.0192742557
2005-08-12,-0.0085355096,0.0163735862
2005-08-15,0.0020395192,0.0202459922
2005-08-16,-0.0117700962,0.021353466
2005-08-17,-0.0014801346,0.0199520821
2005-08-18,-0.004263625,0.0142771947
2005-08-19,0.0005475,0.0160008365
2005-08-22,0.0091590673,0.015987179
2005-08-23,0.0095666923,0.0240603047
2005-08-24,0.0084681154,0.0207494283
2005-08-25,0.0014179519,0.0169003347
2005-08-26,-0.0078878654,0.0168690962
2005-08-29,0.0133775577,0.0159475947
2005-08-30,0.0216727981,0.0342887589
2005-08-31,0.0143551923,0.0236267004
2005-09-01,0.0072416731,0.0215860074
2005-09-02,-0.0085881058,0.0180779175
2005-09-06,0.0085958462,0.0175843861
2005-09-07,0.0030013077,0.015771429
2005-09-08,0.0034009808,0.0183139379
2005-09-09,0.0150135673,0.0192905475
2005-09-12,0.0039511346,0.0166735925
2005-09-13,-0.009347875,0.0154793005
2005-09-14,-0.0017817019,0.0227976979
2005-09-15,-0.0111608654,0.0181410074
2005-09-16,0.0018751442,0.0186674464
2005-09-19,0.0000966,0.0250006394
2005-09-20,-0.0039715769,0.0217645325
2005-09-21,-0.0095508173,0.0224641916
2005-09-22,-0.0024815192,0.0165905484
2005-09-23,0.0049567019,0.0175388693
2005-09-26,0.0121189423,0.0210922049
2005-09-27,-0.002175,0.0201891923
2005-09-28,0.0012545769,0.0185445525
2005-09-29,0.01791325,0.026889351
2005-09-30,0.0068092596,0.0232025211
2005-10-03,0.0080386923,0.0210054068
2005-10-04,-0.0097903942,0.0223943709
2005-10-05,-0.0325499135,0.0197973332
2005-10-06,-0.0302324231,0.0258612574
2005-10-07,0.0120899712,0.0192505849
2005-10-10,-0.0170874135,0.0221796773
2005-10-11,-0.0148595,0.02435325
2005-10-12,-0.0178742115,0.0236405618
2005-10-13,-0.0017337596,0.0206040089
2005-10-14,0.0139315288,0.0188701657
2005-10-17,0.0049639423,0.0192474763
2005-10-18,-0.0177914038,0.0199679234
2005-10-19,0.0134110865,0.0237371283
2005-10-20,-0.0191038077,0.0215976805
2005-10-21,0.006876875,0.0184128774
2005-10-24,0.0188311731,0.0210525418
2005-10-25,-0.0041841731,0.0198885159
2005-10-26,-0.0063727115,0.0160507115
2005-10-27,-0.0288200192,0.0175656553
2005-10-28,0.0156002404,0.0224619811
2005-10-31,0.0194085385,0.0232180799
2005-11-01,-0.0020627212,0.0235256777
2005-11-02,0.0185473654,0.0240331838
2005-11-03,0.0033127115,0.0192626483
2005-11-04,-0.000249375,0.0221011923
2005-11-07,0.0020877596,0.0222792258
2005-11-08,-0.0051277404,0.0197814904
2005-11-09,0.0049994519,0.0194117298
2005-11-10,-0.0056474519,0.0230790388
2005-11-11,0.00637275,0.0207473894
2005-11-14,0.0004948173,0.0174307648
2005-11-15,-0.0023784135,0.0246523034
2005-11-16,-0.0027630962,0.0206854945
2005-11-17,0.0200403462,0.0249036627
2005-11-18,0.0086260857,0.0184016566
2005-11-21,0.0205333238,0.0291297068
2005-11-22,0.0020485429,0.0200054264
2005-11-23,-0.0011605238,0.0168862531
2005-11-25,0.0064388952,0.0129482112
2005-11-28,-0.015148219,0.0192137027
2005-11-29,-0.0089253429,0.0242628256
2005-11-30,0.0050319619,0.0165271249
2005-12-01,0.024004019,0.0229685705
2005-12-02,-0.0035595238,0.0178551982
2005-12-05,-0.0014559333,0.0188771695
2005-12-06,0.0037555096,0.0180581363
2005-12-07,-0.0043167212,0.0122181048
2005-12-08,0.0053347404,0.0174749562
2005-12-09,0.0051635385,0.0164733565
2005-12-12,0.0072068269,0.0159808262
2005-12-13,-0.0028360288,0.0161535871
2005-12-14,-0.0002400192,0.0147508857
2005-12-15,-0.0061392885,0.0192935303
2005-12-16,-0.0057643462,0.0190756975
2005-12-19,-0.0136669327,0.0171799712
2005-12-20,-0.0008262308,0.0149523683
2005-12-21,0.0057123846,0.0175688314
2005-12-22,0.009988625,0.0178743389
2005-12-23,0.000673875,0.0114903894
2005-12-27,-0.0134690192,0.0170870592
2005-12-28,0.0112583462,0.0175263306
2005-12-29,-0.0039970865,0.0200034553
2005-12-30,-0.0027237596,0.0168002289
2006-01-03,0.0168841731,0.0228473462
2006-01-04,0.0138050769,0.0198203462
2006-01-05,0.0063212212,0.0251621461
2006-01-06,0.0149499808,0.0145622286
2006-01-09,0.0090504712,0.0177614769
2006-01-10,0.0125060577,0.0192696468
2006-01-11,0.0045440769,0.0198211672
2006-01-12,0.0028865577,0.023416287
2006-01-13,0.0016949327,0.0145234199
2006-01-17,0.000996375,0.023536125
2006-01-18,0.0014507596,0.0156264765
2006-01-19,0.017506875,0.0203001298
2006-01-20,-0.0107424231,0.0198000333
2006-01-23,0.0157027788,0.0264025355
2006-01-24,0.0116146731,0.0200387825
2006-01-25,-0.0065601154,0.0205101176
2006-01-26,0.0206295385,0.0264667012
2006-01-27,0.0034970769,0.0165177633
2006-01-30,0.0205702885,0.0333388443
2006-01-31,0.008837125,0.0243963438
2006-02-01,-0.0095113077,0.0300086479
2006-02-02,-0.0091724904,0.0215253674
2006-02-03,-0.0020584519,0.0207095028
2006-02-06,0.0092277308,0.0175361036
2006-02-07,-0.0199031058,0.0214802445
2006-02-08,0.0090252885,0.0195230688
2006-02-09,-0.0067862212,0.019670892
2006-02-10,-0.0004491827,0.0191074834
2006-02-13,-0.0116125385,0.0179562337
2006-02-14,0.005246625,0.0187322332
2006-02-15,0.0105339712,0.0183642733
2006-02-16,0.0098092115,0.0209189919
2006-02-17,0.0023786635,0.0165433495
2006-02-21,0.0030041538,0.0220377411
2006-02-22,0.0010646635,0.0185228434
2006-02-23,-0.001825375,0.016590024
2006-02-24,0.0157433462,0.0194572537
2006-02-27,0.0073142981,0.0218049614
2006-02-28,-0.0142845962,0.0172609035
2006-03-01,0.0237517212,0.0242772221
2006-03-02,0.0040447404,0.0190347032
2006-03-03,-0.0055454904,0.0153786446
2006-03-06,-0.0165019231,0.0170897944
2006-03-07,-0.0204094135,0.0161069419
2006-03-08,-0.0069962788,0.0204890418
2006-03-09,-0.0012042857,0.0165700626
2006-03-10,0.0042045429,0.0167147755
2006-03-13,0.0069639429,0.0163906046
2006-03-14,0.0088096,0.017890739
2006-03-15,0.0115836476,0.0165310999
2006-03-16,0.003381717,0.0227447818
2006-03-17,-0.0023621038,0.0165341552
2006-03-20,-0.0028693491,0.0202199103
2006-03-21,-0.0105913679,0.0173271276
2006-03-22,0.0117786226,0.0161691271
2006-03-23,0.0076715377,0.019892854
2006-03-24,0.0141648962,0.0172663464
2006-03-27,0.0058423868,0.0177370069
2006-03-28,0.0014702925,0.0200982878
2006-03-29,0.0177684717,0.0289941598
2006-03-30,-0.0004390943,0.0182487405
2006-03-31,0.0021219717,0.0133047243
2006-04-03,0.0029491132,0.0166601994
2006-04-04,-0.0013623868,0.0140609357
2006-04-05,0.0133138491,0.0192788131
2006-04-06,0.0028117547,0.018021859
2006-04-07,-0.0079295094,0.0176604699
2006-04-10,-0.0023517642,0.0214304413
2006-04-11,-0.0066626075,0.0233987686
2006-04-12,0.0085392523,0.0185406427
2006-04-13,0.0082786542,0.0177578092
2006-04-17,0.0094904486,0.0221153591
2006-04-18,0.0306426075,0.0240594543
2006-04-19,0.0176249439,0.0211421375
2006-04-20,-0.0031111215,0.0216874384
2006-04-21,-0.0008102243,0.0196681932
2006-04-24,0.0028781682,0.0234106656
2006-04-25,-0.001937729,0.020780853
2006-04-26,-0.004507215,0.0228206055
2006-04-27,-0.0112673084,0.0189853566
2006-04-28,-0.0016129159,0.0183085599
2006-05-01,-0.0003830467,0.0186121584
2006-05-02,0.0186936075,0.0231660091
2006-05-03,0.0058848411,0.01940199
2006-05-04,0.0069214299,0.0228578812
2006-05-05,0.0082335607,0.0182814759
2006-05-08,0.0093036542,0.0214766619
2006-05-09,-0.0011713271,0.0167135275
2006-05-10,-0.0043400463,0.0200620446
2006-05-11,-0.0250065741,0.0247962699
2006-05-12,-0.0285155833,0.0253829198
2006-05-15,-0.025183463,0.0267854403
2006-05-16,-0.0036245463,0.0188439419
2006-05-17,-0.0231866759,0.019126726
2006-05-18,-0.0110541852,0.0223564444
2006-05-19,-0.001243,0.0210580185
2006-05-22,-0.0243220741,0.0251905521
2006-05-23,0.0069581759,0.0278006257
2006-05-24,-0.0068852593,0.0223325274
2006-05-25,0.0295288426,0.0234556955
2006-05-26,0.0099673611,0.0168277495
2006-05-30,-0.01651425,0.0196857176
2006-05-31,0.0162747222,0.0187992922
2006-06-01,0.0140701574,0.0209027529
2006-06-02,0.0080833148,0.0191866715
2006-06-05,-0.0250250185,0.0176942394
2006-06-06,-0.0106618241,0.018814749
2006-06-07,-0.0141663981,0.0172966795
2006-06-08,-0.0112071667,0.0189447377
2006-06-09,-0.0035304259,0.0145284606
2006-06-12,-0.0379326204,0.0240097123
2006-06-13,-0.0288523981,0.0273130422
2006-06-14,0.0119339074,0.0240860724
2006-06-15,0.0414815046,0.0329486284
2006-06-16,-0.0129607615,0.0172768506
2006-06-19,-0.0261002294,0.0219421707
2006-06-20,-0.0000352,0.0180290437
2006-06-21,0.0222784312,0.018947358
2006-06-22,-0.0033582661,0.0181136288
2006-06-23,0.011014945,0.0219693575
2006-06-26,0.0066676422,0.0143656258
2006-06-27,-0.016036,0.0168192844
2006-06-28,0.0030267064,0.023919884
2006-06-29,0.0267479725,0.0270926715
2006-06-30,0.0175776147,0.0315520922
2006-07-03,0.007979578,0.0167121429
2006-07-05,-0.0091357431,0.0190781035
2006-07-06,0.0014680275,0.0162843545
2006-07-07,-0.0212214128,0.0169055435
2006-07-10,-0.0062405872,0.0200860884
2006-07-11,0.008608055,0.0163452125
2006-07-12,-0.0176953211,0.0157288562
2006-07-13,-0.0283264037,0.0190680227
2006-07-14,-0.0057564954,0.0178099216
2006-07-17,-0.011953422,0.0159562897
2006-07-18,0.0028611193,0.0208564389
2006-07-19,0.0360496972,0.0207670573
2006-07-20,-0.0251893761,0.024514281
2006-07-21,-0.0195452569,0.0216688972
2006-07-24,0.0254790826,0.0242017729
2006-07-25,0.0131432294,0.0248336061
2006-07-26,-0.0009009725,0.0230558815
2006-07-27,-0.0086736422,0.0196606377
2006-07-28,0.0138583303,0.0194807614
2006-07-31,0.0063985596,0.0194768422
2006-08-01,-0.0108985138,0.0197014548
2006-08-02,0.0130876759,0.0192012996
2006-08-03,0.0047966574,0.0200361759
2006-08-04,-0.0082872222,0.0179468951
2006-08-07,-0.0031245,0.0148534537
2006-08-08,-0.0084781574,0.0177610638
2006-08-09,-0.0064138426,0.0167653651
2006-08-10,-0.0022697778,0.0207542058
2006-08-11,-0.0140131818,0.0174513752
2006-08-14,-0.0073567273,0.0237741521
2006-08-15,0.0214573182,0.0193776446
2006-08-16,0.0199190636,0.0218510694
2006-08-17,0.0050359455,0.0184742942
2006-08-18,0.0035895636,0.0136448853
2006-08-21,-0.0091863273,0.0166302301
2006-08-22,0.0062105909,0.015834943
2006-08-23,-0.0129805818,0.0141658879
2006-08-24,0.0038377273,0.0147857504
2006-08-25,0.0072594727,0.0142715233
2006-08-28,0.0009932909,0.0158138926
2006-08-29,0.0069390364,0.0147152585
2006-08-30,0.0055597091,0.0205489864
2006-08-31,0.0005950818,0.0143159423
2006-09-01,0.0054529273,0.0170307934
2006-09-05,0.0115530091,0.0208811749
2006-09-06,-0.0254753455,0.0196507273
2006-09-07,-0.0075962364,0.0159387359
2006-09-08,-0.0054156182,0.0143394969
2006-09-11,-0.0182089818,0.0247993431
2006-09-12,0.0136146364,0.0209852694
2006-09-13,0.0091256182,0.0159388562
2006-09-14,-0.0059932273,0.015519543
2006-09-15,-0.0079755455,0.016016557
2006-09-18,-0.0007602818,0.0185136898
2006-09-19,-0.0136117818,0.0172729233
2006-09-20,-0.0008180636,0.0196411023
2006-09-21,-0.0121742182,0.0171092767
2006-09-22,-0.0143147909,0.0176864446
2006-09-25,-0.0010652909,0.0221098893
2006-09-26,0.0063418182,0.0168114926
2006-09-27,0.0100584273,0.0261583074
2006-09-28,0.0051445818,0.0214837468
2006-09-29,0.0040103273,0.0284496516
2006-10-02,-0.0060053727,0.0221653228
2006-10-03,-0.0132578091,0.0219139484
2006-10-04,0.0188613,0.0191710127
2006-10-05,0.0136792636,0.0173976828
2006-10-06,-0.0058579,0.01639124
2006-10-09,0.0062547455,0.015791554
2006-10-10,0.0100698182,0.0171899405
2006-10-11,0.0018728909,0.0192306106
2006-10-12,0.0163633364,0.0198671851
2006-10-13,0.0109889273,0.0148534737
2006-10-16,0.0203549818,0.0208161236
2006-10-17,-0.0105137909,0.0138880083
2006-10-18,-0.0075175636,0.0189342671
2006-10-19,0.0097778364,0.0194163398
2006-10-20,-0.0116516364,0.0151906463
2006-10-23,-0.0003082455,0.0129551683
2006-10-24,-0.0012713182,0.0172127926
2006-10-25,0.0148480636,0.0186830764
2006-10-26,0.0073576,0.0165493127
2006-10-27,-0.0124527091,0.0175147583
2006-10-30,0.0024721455,0.0173363613
2006-10-31,-0.0013474955,0.0155518062
2006-11-01,-0.0144354955,0.0200523284
2006-11-02,-0.0094375766,0.0166563586
2006-11-03,0.0053604414,0.0189670559
2006-11-06,0.0150282072,0.0231991405
2006-11-07,0.0080575495,0.0217334481
2006-11-08,0.0140953243,0.0218851234
2006-11-09,-0.0058003514,0.0171183915
2006-11-10,0.0010878829,0.0232687954
2006-11-13,0.0032582946,0.0165262841
2006-11-14,0.0103912411,0.0160612805
2006-11-15,0.0122954196,0.0202369664
2006-11-16,0.0003160893,0.0188279936
2006-11-17,-0.0077303125,0.0163459007
2006-11-20,0.0001053009,0.0134290275
2006-11-21,0.0037646991,0.0162843601
2006-11-22,0.0059228584,0.0164481533
2006-11-24,0.0031548319,0.0123679007
2006-11-27,-0.0197415398,0.0204091163
2006-11-28,0.002349646,0.018446054
2006-11-29,0.022888115,0.0232062725
2006-11-30,0.0039743805,0.0193823568
2006-12-01,-0.0047669027,0.0152719337
2006-12-04,0.0057499469,0.0197499251
2006-12-05,0.0051086637,0.0183708519
2006-12-06,-0.0022908938,0.0156844099
2006-12-07,-0.0079153009,0.0141031143
2006-12-08,-0.0014266637,0.0104338203
2006-12-11,0.0017178496,0.0143762473
2006-12-12,-0.0077747434,0.0149968607
2006-12-13,0.0006910619,0.0140324652
2006-12-14,0.0058731239,0.0148746914
2006-12-15,-0.0058130088,0.0154430726
2006-12-18,-0.014277177,0.0169696747
2006-12-19,-0.0031184018,0.0146900091
2006-12-20,0.0049214071,0.0170088532
2006-12-21,-0.0073404825,0.0144203706
2006-12-22,0.0002663772,0.0131426671
2006-12-26,0.002184693,0.0149958319
2006-12-27,0.0104837456,0.0191813852
2006-12-28,0.0018362193,0.0151863039
2006-12-29,-0.0025825965,0.0186682955
2007-01-03,-0.0075982368,0.0248375032
2007-01-04,0.0014693217,0.0175117724
2007-01-05,-0.0175516,0.0137100765
2007-01-08,0.0036866,0.0167368104
2007-01-09,-0.0022067565,0.0205280064
2007-01-10,-0.0042142174,0.0171784257
2007-01-11,0.0087853913,0.0152229013
2007-01-12,0.012253687,0.0181025918
2007-01-16,-0.0014203913,0.0161126382
2007-01-17,-0.0022786783,0.0141937786
2007-01-18,-0.0149148087,0.0167431162
2007-01-19,0.0086997739,0.0165462258
2007-01-22,0.0043760174,0.0212336563
2007-01-23,0.0149839304,0.0177828617
2007-01-24,0.0039835172,0.0181781474
2007-01-25,-0.0141618879,0.0175127864
2007-01-26,0.0112915431,0.0181049515
2007-01-29,0.0063969397,0.0195036006
2007-01-30,0.0097035517,0.0168706908
2007-01-31,0.0018260172,0.0131014138
2007-02-01,0.0122019569,0.0176736578
2007-02-02,0.0025471034,0.0142385933
2007-02-05,0.0086480259,0.0192150493
2007-02-06,0.0037420776,0.0182251825
2007-02-07,0.0038654138,0.01750883
2007-02-08,0.0030274188,0.0147040308
2007-02-09,-0.0098007179,0.0174551199
2007-02-12,-0.0081556496,0.0179183859
2007-02-13,0.0065959829,0.0140744976
2007-02-14,0.0130042906,0.0209696204
2007-02-15,-0.0038351466,0.0144183682
2007-02-16,0.0050448362,0.0135040751
2007-02-20,0.0113200259,0.018340411
2007-02-21,0.0143629483,0.0194404141
2007-02-22,0.0118474914,0.0200020337
2007-02-23,0.0052249828,0.0194520639
2007-02-26,0.0130013448,0.0234106474
2007-02-27,-0.0522429224,0.0253283374
2007-02-28,0.0039545517,0.0199489417
2007-03-01,-0.0062639741,0.0188968176
2007-03-02,-0.0213595345,0.0150976332
2007-03-05,-0.0297764052,0.0226447481
2007-03-06,0.0300871552,0.0232830428
2007-03-07,0.0023846121,0.0176601955
2007-03-08,0.0052048879,0.0205479933
2007-03-09,0.0035075517,0.0173063526
2007-03-12,0.0108999224,0.0210621477
2007-03-13,-0.0296953793,0.0201158698
2007-03-14,0.0131026034,0.0268781668
2007-03-15,0.0005944914,0.0175334499
2007-03-16,-0.0053506724,0.0156407354
2007-03-19,0.004192,0.0189843793
2007-03-20,0.010515681,0.0152904921
2007-03-21,0.0143309741,0.0137025427
2007-03-22,0.0115400172,0.0206039007
2007-03-23,0.0041423707,0.0165667686
2007-03-26,0.001897069,0.0155204108
2007-03-27,-0.0007612586,0.0148233264
2007-03-28,-0.0069255345,0.0180043885
2007-03-29,0.0024887759,0.0211966992
2007-03-30,-0.0022591724,0.0169462669
2007-04-02,0.00121775,0.0162224655
2007-04-03,0.0094240259,0.0195560485
2007-04-04,0.0074361724,0.0191114007
2007-04-05,0.0021501638,0.0130859707
2007-04-09,0.006118931,0.0177154685
2007-04-10,0.0080048448,0.0198165039
2007-04-11,-0.0057223879,0.0150797933
2007-04-12,0.0125150603,0.0183431266
2007-04-13,0.0064389138,0.0186423787
2007-04-16,0.0224083162,0.0278397136
2007-04-17,-0.0078980513,0.0197872211
2007-04-18,-0.0021162308,0.0192335792
2007-04-19,-0.0119521966,0.0171502319
2007-04-20,0.0116321966,0.018099661
2007-04-23,0.0045578547,0.0172857873
2007-04-24,0.0002430256,0.0151675792
2007-04-25,0.00682,0.0176878462
2007-04-26,-0.0019377797,0.0181988923
2007-04-27,-0.0079649237,0.018034521
2007-04-30,-0.021279339,0.0210181307
2007-05-01,-0.008703839,0.01985995
2007-05-02,0.017819822,0.0185274698
2007-05-03,0.0035519831,0.0172462347
2007-05-04,0.0077003051,0.0167042212
2007-05-07,0.0019108814,0.0172703289
2007-05-08,-0.0049728136,0.0156361261
2007-05-09,0.0040200085,0.0167676704
2007-05-10,-0.0181843644,0.0171649484
2007-05-11,0.0099060254,0.0184175326
2007-05-14,-0.0053006017,0.0159003101
2007-05-15,-0.0126734706,0.0187546822
2007-05-16,0.0008748739,0.0172738562
2007-05-17,0.0002507479,0.0171765101
2007-05-18,0.0095427395,0.0194433106
2007-05-21,0.0153270083,0.0200856271
2007-05-22,0.0104081417,0.019323939
2007-05-23,-0.0031040167,0.0172426811
2007-05-24,-0.0236147833,0.0150033667
2007-05-25,0.01263445,0.01883046
2007-05-29,0.0046400909,0.0151395192
2007-05-30,0.0044008017,0.0190358761
2007-05-31,0.0066050413,0.020863158
2007-06-01,0.0116146612,0.0197839439
2007-06-04,0.0031338595,0.0144421892
2007-06-05,0.0028927273,0.0218262915
2007-06-06,-0.0108009669,0.0159712768
2007-06-07,-0.0232665537,0.0158482717
2007-06-08,0.0082910083,0.0142623389
2007-06-11,0.0015913361,0.01783338
2007-06-12,-0.0130478361,0.0148420054
2007-06-13,0.0169322541,0.0162825656
2007-06-14,0.0123882623,0.016592623
2007-06-15,0.0144846557,0.0208728729
2007-06-18,0.0026117705,0.0166851717
2007-06-19,0.0080772787,0.0199414402
2007-06-20,-0.0065708361,0.019728341
2007-06-21,0.0078032459,0.0201735778
2007-06-22,-0.0040127459,0.0228525703
2007-06-25,-0.0099177377,0.0180552771
2007-06-26,-0.0022604016,0.0214178474
2007-06-27,0.0185397213,0.0215205034
2007-06-28,0.0060071148,0.0229064544
2007-06-29,-0.0003380163,0.0179707636
2007-07-02,0.0193058293,0.0188003312
2007-07-03,0.0069856667,0.0146256314
2007-07-05,0.0025398699,0.017830004
2007-07-06,0.0085189675,0.0174403805
2007-07-09,0.0214536585,0.0273150077
2007-07-10,-0.0139439919,0.0204469686
2007-07-11,0.0060361463,0.0186828265
2007-07-12,0.0186983089,0.0213913772
2007-07-13,0.0024932927,0.01592353
2007-07-16,-0.0039428211,0.021626613
2007-07-17,-0.0055285041,0.0189278831
2007-07-18,-0.002546748,0.0187299613
2007-07-19,0.0154205935,0.0204663727
2007-07-20,-0.013337748,0.0134508923
2007-07-23,-0.0013006423,0.018340298
2007-07-24,-0.0280236911,0.020311162
2007-07-25,-0.0054969593,0.0202928006
2007-07-26,-0.0301931707,0.0208953563
2007-07-27,-0.0137691463,0.0215233781
2007-07-30,0.0216668211,0.0236655513
2007-07-31,0.0022171545,0.0301114781
2007-08-01,-0.0021777398,0.0261007488
2007-08-02,0.0022960244,0.020719051
2007-08-03,-0.0334046829,0.0222244616
2007-08-06,0.0022214959,0.0325234594
2007-08-07,0.0296236748,0.0372020689
2007-08-08,0.0388053659,0.0420399627
2007-08-09,-0.0080894797,0.0339287028
2007-08-10,-0.0139540732,0.0394833896
2007-08-13,-0.0084873008,0.0301585146
2007-08-14,-0.0283951048,0.0206438264
2007-08-15,-0.0231089355,0.0205217336
2007-08-16,-0.0089738629,0.0364846833
2007-08-17,0.01582428,0.0219537997
