date,"Constructed Equally-Weighted Renewable Market Index, 2001:01=100"
2001-01-02,100
2001-01-03,105.12495684
2001-01-04,105.902705573
2001-01-05,103.8781969946
2001-01-08,104.635071031
2001-01-09,105.5579622664
2001-01-10,108.3082416381
2001-01-11,113.27466589
2001-01-12,116.2601079392
2001-01-16,119.4394804586
2001-01-17,120.5428799845
2001-01-18,123.4308006295
2001-01-19,122.9740320903
2001-01-22,123.2175847187
2001-01-23,124.6466443011
2001-01-24,125.0320984678
2001-01-25,123.6177093257
2001-01-26,123.6614171977
2001-01-29,124.5954318818
2001-01-30,126.4437752607
2001-01-31,126.2564606554
2001-02-01,125.4306329283
2001-02-02,123.9750509348
2001-02-05,122.4217158612
2001-02-06,124.1989361376
2001-02-07,123.4924680099
2001-02-08,122.8811211157
2001-02-09,120.5689976208
2001-02-12,121.4201607412
2001-02-13,121.3122801911
2001-02-14,123.5530292132
2001-02-15,126.0108773454
2001-02-16,122.5806525522
2001-02-20,119.6441168262
2001-02-21,117.8840820792
2001-02-22,116.4232576183
2001-02-23,115.569527081
2001-02-26,116.7856543856
2001-02-27,114.8952012035
2001-02-28,113.3408725876
2001-03-01,113.7119140067
2001-03-02,114.9584844232
2001-03-05,116.1300969914
2001-03-06,118.2418961882
2001-03-07,119.6198342858
2001-03-08,119.1077592158
2001-03-09,115.855401504
2001-03-12,111.8111151122
2001-03-13,113.7621154108
2001-03-14,111.5928140726
2001-03-15,112.1723027675
2001-03-16,109.6588568128
2001-03-19,112.1266836905
2001-03-20,111.2745080448
2001-03-21,109.3766958059
2001-03-22,109.2858185813
2001-03-23,112.4448663319
2001-03-26,113.930127149
2001-03-27,116.0876991089
2001-03-28,112.8899667011
2001-03-29,112.0591847358
2001-03-30,115.6132164896
2001-04-02,111.0692413386
2001-04-03,106.1167228673
2001-04-04,105.0001748703
2001-04-05,111.1765793771
2001-04-06,108.4574619774
2001-04-09,109.7232690162
2001-04-10,114.3455651724
2001-04-11,116.3711158684
2001-04-12,118.6246631366
2001-04-16,117.4824917479
2001-04-17,118.6649077496
2001-04-18,124.6014992383
2001-04-19,127.0132417237
2001-04-20,125.5501722167
2001-04-23,123.6225075658
2001-04-24,123.8759800647
2001-04-25,125.4914880086
2001-04-26,125.7197635634
2001-04-27,127.6653279845
2001-04-30,129.9901907425
2001-05-01,131.573626981
2001-05-02,132.9103122458
2001-05-03,131.2161681862
2001-05-04,133.3204996421
2001-05-07,132.8326563228
2001-05-08,134.2935996893
2001-05-09,134.5430990142
2001-05-10,134.1337768623
2001-05-11,133.5167838488
2001-05-14,133.5911582651
2001-05-15,134.6612999771
2001-05-16,137.1806361568
2001-05-17,141.9025708495
2001-05-18,147.0095157823
2001-05-21,150.8443217892
2001-05-22,150.9183486401
2001-05-23,147.3411608891
2001-05-24,148.1035654526
2001-05-25,148.590695052
2001-05-29,145.460715643
2001-05-30,140.4066103476
2001-05-31,143.3396342345
2001-06-01,144.6770811184
2001-06-04,144.7030672345
2001-06-05,146.8946660344
2001-06-06,145.9930632979
2001-06-07,146.6234430961
2001-06-08,145.4535376934
2001-06-11,144.5568802695
2001-06-12,143.5991984691
2001-06-13,141.086611874
2001-06-14,136.7857364155
2001-06-15,135.0639274376
2001-06-18,131.2089004593
2001-06-19,129.0577291717
2001-06-20,129.1307368581
2001-06-21,129.9577035524
2001-06-22,129.574945626
2001-06-25,129.2139916672
2001-06-26,130.831865249
2001-06-27,132.0897414011
2001-06-28,132.1392557954
2001-06-29,136.4251127186
2001-07-02,134.1967449274
2001-07-03,133.9593858305
2001-07-05,133.1503409061
2001-07-06,130.3649744771
2001-07-09,130.8757335877
2001-07-10,127.9377097019
2001-07-11,127.3244216371
2001-07-12,130.8136174393
2001-07-13,131.6966202538
2001-07-16,128.9831019349
2001-07-17,130.2901898227
2001-07-18,127.4975946748
2001-07-19,128.3125207829
2001-07-20,126.7019206324
2001-07-23,126.4814804117
2001-07-24,122.3534569049
2001-07-25,123.6294568933
2001-07-26,125.945835057
2001-07-27,127.3330523337
2001-07-30,127.3358536608
2001-07-31,127.85264225
2001-08-01,129.8615149116
2001-08-02,130.0858966755
2001-08-03,129.5412080596
2001-08-06,127.3976208646
2001-08-07,127.3987992926
2001-08-08,124.5757812364
2001-08-09,123.4962295785
2001-08-10,123.5801311139
2001-08-13,122.6012207151
2001-08-14,122.7231297538
2001-08-15,120.8220589842
2001-08-16,119.8208027997
2001-08-17,117.5829121581
2001-08-20,117.2067485013
2001-08-21,115.0981636876
2001-08-22,116.0974159732
2001-08-23,115.0689549165
2001-08-24,117.3519205886
2001-08-27,117.5676048637
2001-08-28,114.8423890056
2001-08-29,113.8386138934
2001-08-30,111.5627701061
2001-08-31,112.6222352456
2001-09-04,111.5947438739
2001-09-05,109.9167867022
2001-09-06,107.3238474176
2001-09-07,105.8700933586
2001-09-10,104.3321306451
2001-09-17,99.4814190651
2001-09-18,96.5959387386
2001-09-19,93.500561119
2001-09-20,90.3942426262
2001-09-21,89.8953859894
2001-09-24,95.2087988583
2001-09-25,95.2245856673
2001-09-26,92.1099104815
2001-09-27,92.2384335489
2001-09-28,93.8720261726
2001-10-01,93.5996506217
2001-10-02,95.0309482025
2001-10-03,98.5768191662
2001-10-04,100.6985650632
2001-10-05,100.8680271136
2001-10-08,100.6678734265
2001-10-09,99.7258549257
2001-10-10,103.028682785
2001-10-11,106.0424595675
2001-10-12,106.5738979812
2001-10-15,105.1556325295
2001-10-16,107.4055446304
2001-10-17,105.8250339981
2001-10-18,104.0975681864
2001-10-19,105.5704631144
2001-10-22,106.9764010613
2001-10-23,106.8811330027
2001-10-24,107.9026594568
2001-10-25,110.3360420137
2001-10-26,111.8910136575
2001-10-29,109.2814384342
2001-10-30,106.6794174748
2001-10-31,108.7737163602
2001-11-01,110.3364866606
2001-11-02,110.0514445395
2001-11-05,110.9944406136
2001-11-06,112.1910167689
2001-11-07,111.7939066239
2001-11-08,112.2087938113
2001-11-09,112.3779597889
2001-11-12,112.8053095144
2001-11-13,115.0039906728
2001-11-14,116.3456163371
2001-11-15,115.091118519
2001-11-16,114.8735423503
2001-11-19,115.5589688493
2001-11-20,114.7300920537
2001-11-21,114.0071813232
2001-11-23,115.6395967174
2001-11-26,115.593505908
2001-11-27,115.8758093276
2001-11-28,112.9665189981
2001-11-29,114.5552530545
2001-11-30,114.2311153804
2001-12-03,112.8313772687
2001-12-04,115.1211020143
2001-12-05,118.4690706877
2001-12-06,119.1369388417
2001-12-07,118.4125651543
2001-12-10,116.06353986
2001-12-11,115.4520252445
2001-12-12,116.3143869314
2001-12-13,113.8067638538
2001-12-14,113.6865009233
2001-12-17,114.6884662468
2001-12-18,115.5151825269
2001-12-19,114.8173107897
2001-12-20,113.4194518932
2001-12-21,115.1259680551
2001-12-24,116.0605282904
2001-12-26,117.270950141
2001-12-27,119.6834945431
2001-12-28,120.7865175801
2001-12-31,120.7015606195
2002-01-02,120.8200518327
2002-01-03,124.3339822203
2002-01-04,126.1384166985
2002-01-07,125.1065584599
2002-01-08,129.0465301852
2002-01-09,127.321976552
2002-01-10,126.1836239143
2002-01-11,123.815037684
2002-01-14,120.9521696181
2002-01-15,120.2472465124
2002-01-16,118.1807863019
2002-01-17,119.5109689131
2002-01-18,118.6601504029
2002-01-22,116.7455985412
2002-01-23,118.4557087442
2002-01-24,119.5797238652
2002-01-25,119.6405226811
2002-01-28,119.6787465838
2002-01-29,116.9473596841
2002-01-30,118.5170222691
2002-01-31,118.7563143118
2002-02-01,119.7228670018
2002-02-04,115.7435507694
2002-02-05,114.7062860033
2002-02-06,112.5485185736
2002-02-07,111.3171908815
2002-02-08,113.2054446761
2002-02-11,114.4940174462
2002-02-12,114.4526803315
2002-02-13,115.7274614383
2002-02-14,114.9464517623
2002-02-15,113.9590497642
2002-02-19,111.1811970269
2002-02-20,112.0752281912
2002-02-21,110.0519329311
2002-02-22,110.4907111322
2002-02-25,112.0904508934
2002-02-26,112.6439885682
2002-02-27,113.3417159994
2002-02-28,112.8353630619
2002-03-01,115.6008438017
2002-03-04,119.2718918954
2002-03-05,120.7573773416
2002-03-06,123.5207300418
2002-03-07,125.2017107861
2002-03-08,127.5929656546
2002-03-11,127.3175070639
2002-03-12,126.3493290387
2002-03-13,125.4802509726
2002-03-14,125.6209038815
2002-03-15,126.4442311368
2002-03-18,127.445853841
2002-03-19,128.7632310962
2002-03-20,127.4466887615
2002-03-21,129.8923203556
2002-03-22,129.731413542
2002-03-25,127.2368541418
2002-03-26,127.8332464097
2002-03-27,129.7377061147
2002-03-28,130.737843284
2002-04-01,131.1137091316
2002-04-02,132.0611408977
2002-04-03,129.7393794865
2002-04-04,130.7060540842
2002-04-05,129.8130512658
2002-04-08,131.080178099
2002-04-09,129.9913305561
2002-04-10,132.4371661872
2002-04-11,130.1329898833
2002-04-12,132.2222343693
2002-04-15,131.0424291495
2002-04-16,135.1033766978
2002-04-17,135.8957017046
2002-04-18,134.7928160703
2002-04-19,134.7666859167
2002-04-22,133.0010710697
2002-04-23,132.5944133656
2002-04-24,130.751085831
2002-04-25,130.4000137132
2002-04-26,127.8960115184
2002-04-29,125.9802731488
2002-04-30,128.0796740311
2002-05-01,128.5865186532
2002-05-02,128.3937246038
2002-05-03,127.3163367435
2002-05-06,125.2941912538
2002-05-07,123.6870022051
2002-05-08,128.3803389983
2002-05-09,125.5227691751
2002-05-10,123.3448889794
2002-05-13,125.8265624529
2002-05-14,129.0218401921
2002-05-15,128.612576193
2002-05-16,127.5033355899
2002-05-17,127.3540769976
2002-05-20,126.4991039699
2002-05-21,124.4393216912
2002-05-22,123.778398533
2002-05-23,125.5029152875
2002-05-24,122.9936805946
2002-05-28,122.8638312955
2002-05-29,120.9056480337
2002-05-30,119.5897248163
2002-05-31,119.9847259461
2002-06-03,115.6988165463
2002-06-04,115.4419639588
2002-06-05,114.858413339
2002-06-06,112.2314914031
2002-06-07,112.546033749
2002-06-10,111.6242213179
2002-06-11,109.8184892157
2002-06-12,109.146171178
2002-06-13,107.9502749606
2002-06-14,107.7386890105
2002-06-17,110.8715316214
2002-06-18,110.6330819702
2002-06-19,107.6137304846
2002-06-20,106.081172765
2002-06-21,104.7712924896
2002-06-24,103.2337406855
2002-06-25,102.1599826397
2002-06-26,101.4701339127
2002-06-27,103.9048083058
2002-06-28,105.3712682671
2002-07-01,102.157685274
2002-07-02,98.3306992322
2002-07-03,97.9606870255
2002-07-05,101.6616737459
2002-07-08,99.9762205769
2002-07-09,98.5669484034
2002-07-10,96.2455390613
2002-07-11,95.9235035184
2002-07-12,95.6017225719
2002-07-15,94.5718031974
2002-07-16,93.2399873147
2002-07-17,94.1135723829
2002-07-18,91.7648017537
2002-07-19,89.2870284624
2002-07-22,87.1526850212
2002-07-23,82.464711817
2002-07-24,85.9144151588
2002-07-25,84.1636306216
2002-07-26,84.6251208493
2002-07-29,89.2733821618
2002-07-30,90.7454416525
2002-07-31,88.9632285926
2002-08-01,88.6761099675
2002-08-02,85.5554812704
2002-08-05,82.1318601588
2002-08-06,84.9949160592
2002-08-07,85.7102350406
2002-08-08,87.9512773459
2002-08-09,87.9108444902
2002-08-12,88.1767134418
2002-08-13,86.1286356698
2002-08-14,88.1399331021
2002-08-15,88.5130680002
2002-08-16,89.8292149059
2002-08-19,92.0004628281
2002-08-20,90.5575726125
2002-08-21,93.0898160941
2002-08-22,94.0674143159
2002-08-23,92.1297911773
2002-08-26,93.7821840888
2002-08-27,90.8831266896
2002-08-28,88.8116058074
2002-08-29,89.0508948069
2002-08-30,89.2091345335
2002-09-03,85.3031915637
2002-09-04,86.3848609157
2002-09-05,84.8664211233
2002-09-06,86.3418494926
2002-09-09,86.058863183
2002-09-10,86.3194960388
2002-09-11,86.9126701324
2002-09-12,84.8032027555
2002-09-13,85.6261206707
2002-09-16,84.6236912149
2002-09-17,82.7841114415
2002-09-18,82.2837547849
2002-09-19,79.9663571128
2002-09-20,80.36811975
2002-09-23,77.9271850758
2002-09-24,76.1035306515
2002-09-25,78.5004763571
2002-09-26,80.5975372661
2002-09-27,78.6344583123
2002-09-30,78.4519510136
2002-10-01,79.9451065684
2002-10-02,77.9584981473
2002-10-03,77.1452212881
2002-10-04,74.6339667392
2002-10-07,72.1252213574
2002-10-08,71.4846795169
2002-10-09,69.976115986
2002-10-10,72.1098452087
2002-10-11,75.5398228559
2002-10-14,76.1766251338
2002-10-15,79.7831681588
2002-10-16,76.9974716571
2002-10-17,79.5115914771
2002-10-18,80.1636493016
2002-10-21,81.6216345313
2002-10-22,81.1177506757
2002-10-23,83.4684850262
2002-10-24,83.9598833288
2002-10-25,84.7814661427
2002-10-28,85.0569791337
2002-10-29,84.0353758756
2002-10-30,86.2326028477
2002-10-31,87.5597661788
2002-11-01,90.2753115907
2002-11-04,91.3724939673
2002-11-05,90.6619064283
2002-11-06,93.3563028929
2002-11-07,91.2295254446
2002-11-08,90.3979510321
2002-11-11,87.6270207057
2002-11-12,89.2447261984
2002-11-13,88.8102509306
2002-11-14,91.761021065
2002-11-15,91.9095300011
2002-11-18,91.9475399133
2002-11-19,91.2449881158
2002-11-20,93.992063517
2002-11-21,97.3590848131
2002-11-22,98.3501316291
2002-11-25,101.1318915954
2002-11-26,101.1620320948
2002-11-27,104.398358843
2002-11-29,104.6684703663
2002-12-02,105.195254657
2002-12-03,103.3970724417
2002-12-04,100.6980105034
2002-12-05,99.8811291599
2002-12-06,99.8785222625
2002-12-09,96.9338689713
2002-12-10,99.723986925
2002-12-11,99.6153728039
2002-12-12,99.645596108
2002-12-13,98.4423986129
2002-12-16,99.9704546796
2002-12-17,99.1957920438
2002-12-18,96.8455419668
2002-12-19,96.1549669908
2002-12-20,96.3168221179
2002-12-23,96.4788239691
2002-12-24,96.1364978059
2002-12-26,95.399409154
2002-12-27,94.6584248762
2002-12-30,93.7256219001
2002-12-31,94.1572382583
2003-01-02,96.8827909894
2003-01-03,97.1777807287
2003-01-06,99.1861600647
2003-01-07,99.2977392776
2003-01-08,98.864327643
2003-01-09,100.5038197614
2003-01-10,101.7589696442
2003-01-13,101.3421831093
2003-01-14,101.8633112881
2003-01-15,100.9134648599
2003-01-16,100.9308453474
2003-01-17,99.337238672
2003-01-21,99.0512729075
2003-01-22,98.8356216061
2003-01-23,100.2882524321
2003-01-24,98.0330673305
2003-01-27,95.7309712605
2003-01-28,99.5958714102
2003-01-29,100.0903974099
2003-01-30,97.8422248456
2003-01-31,97.7938372277
2003-02-03,96.9902508524
2003-02-04,95.7680225906
2003-02-05,95.0609017553
2003-02-06,95.2010035104
2003-02-07,93.1958599347
2003-02-10,93.1594556654
2003-02-11,93.1599829479
2003-02-12,91.4862079324
2003-02-13,92.2802937715
2003-02-14,93.1683993188
2003-02-18,95.1220602296
2003-02-19,94.6131211656
2003-02-20,95.1161681746
2003-02-21,96.6218701287
2003-02-24,95.1008842446
2003-02-25,95.6974881252
2003-02-26,94.5868905735
2003-02-27,95.8618481847
2003-02-28,96.0361663987
2003-03-03,95.8282117103
2003-03-04,94.4392503754
2003-03-05,94.5043359141
2003-03-06,93.6501112218
2003-03-07,93.2031222002
2003-03-10,92.3103294927
2003-03-11,92.0463987156
2003-03-12,91.6197035881
2003-03-13,94.4674050339
2003-03-14,94.4153037755
2003-03-17,97.1118823757
2003-03-18,98.9518928987
2003-03-19,98.9182430014
2003-03-20,99.2973976654
2003-03-21,101.2452519992
2003-03-24,98.6024557111
2003-03-25,99.4564847894
2003-03-26,98.7949703992
2003-03-27,99.0302906628
2003-03-28,98.9471865324
2003-03-31,97.1748299424
2003-04-01,97.7277659776
2003-04-02,100.55752899
2003-04-03,100.1259254869
2003-04-04,100.3592768561
2003-04-07,102.0572892623
2003-04-08,100.7479339924
2003-04-09,100.0409719572
2003-04-10,100.6849504397
2003-04-11,100.2084159898
2003-04-14,102.0879545715
2003-04-15,102.2934372065
2003-04-16,102.3927447494
2003-04-17,104.7434903156
2003-04-21,105.6969195911
2003-04-22,107.7029091588
2003-04-23,108.1897070401
2003-04-24,107.8357160094
2003-04-25,107.1329347532
2003-04-28,109.6076063088
2003-04-29,109.3466398271
2003-04-30,109.9389659716
2003-05-01,110.4604782333
2003-05-02,112.6283627878
2003-05-05,113.4609448371
2003-05-06,114.93344815
2003-05-07,114.5462180084
2003-05-08,114.3451869788
2003-05-09,116.150256955
2003-05-12,117.6024371576
2003-05-13,118.8369718346
2003-05-14,120.0173119289
2003-05-15,120.6816418593
2003-05-16,119.2315426793
2003-05-19,116.248827581
2003-05-20,116.0661382705
2003-05-21,116.355575452
2003-05-22,117.8139603173
2003-05-23,117.9937369749
2003-05-27,120.7408000915
2003-05-28,121.1179574888
2003-05-29,123.377214098
2003-05-30,125.3006220045
2003-06-02,126.2947742806
2003-06-03,128.2010130948
2003-06-04,131.5882026133
2003-06-05,131.7695173003
2003-06-06,131.0587650026
2003-06-09,128.8292815866
2003-06-10,130.4456320615
2003-06-11,131.8594128053
2003-06-12,131.8681550844
2003-06-13,129.2285488395
2003-06-16,130.6044710447
2003-06-17,130.8063993096
2003-06-18,130.6893069279
2003-06-19,130.2174786304
2003-06-20,129.5603326998
2003-06-23,126.1515103409
2003-06-24,125.4481625483
2003-06-25,126.6016425589
2003-06-26,129.1299879726
2003-06-27,128.7210699994
2003-06-30,127.0682318371
2003-07-01,127.7760500345
2003-07-02,130.0636690477
2003-07-03,129.3815823131
2003-07-07,132.9096096938
2003-07-08,133.8668386982
2003-07-09,135.5013020765
2003-07-10,134.2479150323
2003-07-11,135.2705308581
2003-07-14,136.7588299264
2003-07-15,136.707411492
2003-07-16,136.6762033499
2003-07-17,133.0364426869
2003-07-18,133.9582550054
2003-07-21,132.555093041
2003-07-22,135.1999941204
2003-07-23,134.8766953498
2003-07-24,134.7011795913
2003-07-25,136.122583306
2003-07-28,137.1417631839
2003-07-29,136.4861562582
2003-07-30,135.1979007855
2003-07-31,136.0824323349
2003-08-01,135.4091895673
2003-08-04,134.6496167015
2003-08-05,133.0121186239
2003-08-06,131.8091052149
2003-08-07,130.8728748549
2003-08-08,131.3744182796
2003-08-11,133.2559903525
2003-08-12,135.3253520895
2003-08-13,137.0331452176
2003-08-14,138.2382219046
2003-08-15,143.6263776754
2003-08-18,148.5789976834
2003-08-19,151.240305584
2003-08-20,150.0336292402
2003-08-21,152.7868837376
2003-08-22,151.2306705192
2003-08-25,150.1945207485
2003-08-26,150.8650349435
2003-08-27,152.7131490917
2003-08-28,154.991352789
2003-08-29,156.7353676917
2003-09-02,157.9298413303
2003-09-03,157.3182688222
2003-09-04,159.0249484739
2003-09-05,158.5547234214
2003-09-08,160.4611136539
2003-09-09,160.4422653781
2003-09-10,157.8619011271
2003-09-11,160.6140804609
2003-09-12,160.881521504
2003-09-15,160.8827892503
2003-09-16,163.6711589468
2003-09-17,163.7676853058
2003-09-18,166.0574488727
2003-09-19,166.2181942269
2003-09-22,166.2790965732
2003-09-23,169.0576500243
2003-09-24,166.4605561602
2003-09-25,163.409700379
2003-09-26,159.2043052987
2003-09-29,160.8312090637
2003-09-30,158.8519626435
2003-10-01,161.7838046945
2003-10-02,164.2841648862
2003-10-03,166.6349450498
2003-10-06,169.4058158204
2003-10-07,171.2987546276
2003-10-08,170.8885842648
2003-10-09,172.8008958782
2003-10-10,173.7520265692
2003-10-13,176.2199546231
2003-10-14,177.7516862938
2003-10-15,176.4743252594
2003-10-16,176.9096298362
2003-10-17,174.8957166866
2003-10-20,174.7947595159
2003-10-21,175.8461205589
2003-10-22,171.5636011544
2003-10-23,170.4227609894
2003-10-24,169.1794408333
2003-10-27,170.7694533204
2003-10-28,174.3651623438
2003-10-29,175.9977580404
2003-10-30,176.3111711343
2003-10-31,176.7413444036
2003-11-03,179.2032397013
2003-11-04,179.1344935574
2003-11-05,180.5349293202
2003-11-06,181.9618507907
2003-11-07,181.4357033136
2003-11-10,178.9142321421
2003-11-11,178.4313765338
2003-11-12,180.2089023949
2003-11-13,179.6319190102
2003-11-14,179.0698696509
2003-11-17,177.4989405761
2003-11-18,176.4043457183
2003-11-19,177.1548403667
2003-11-20,175.6435771729
2003-11-21,175.988261973
2003-11-24,178.8432547129
2003-11-25,179.7337886932
2003-11-26,180.9672733051
2003-11-28,182.1274144824
2003-12-01,184.6470456529
2003-12-02,186.0295369519
2003-12-03,186.0319553358
2003-12-04,184.6665238687
2003-12-05,183.7754826286
2003-12-08,184.6478667743
2003-12-09,181.598675474
2003-12-10,179.9672292933
2003-12-11,184.6352249737
2003-12-12,185.4262411432
2003-12-15,182.3590881286
2003-12-16,182.7126482081
2003-12-17,182.8568370455
2003-12-18,185.9451328269
2003-12-19,186.0750077483
2003-12-22,186.7994171425
2003-12-23,188.1534327176
2003-12-24,187.2372960049
2003-12-26,188.6988469329
2003-12-29,191.1919695171
2003-12-30,191.8613764236
2003-12-31,190.9123461165
2004-01-02,191.0789827741
2004-01-05,195.4020989769
2004-01-06,196.6119310727
2004-01-07,198.8844762319
2004-01-08,200.5808033573
2004-01-09,199.9946623629
2004-01-12,203.9613773356
2004-01-13,205.440938662
2004-01-14,207.4498792643
2004-01-15,206.6855215335
2004-01-16,210.8058813816
2004-01-20,216.6778286984
2004-01-21,215.2954986234
2004-01-22,212.0091473966
2004-01-23,213.1230257967
2004-01-26,215.2282395088
2004-01-27,213.3416115434
2004-01-28,208.9996741689
2004-01-29,206.0265166374
2004-01-30,206.9214850917
2004-02-02,206.9200966485
2004-02-03,207.6571180158
2004-02-04,202.2714484693
2004-02-05,202.6239233175
2004-02-06,207.1595099803
2004-02-09,208.3417844057
2004-02-10,212.0570588186
2004-02-11,213.6426713044
2004-02-12,212.0499295756
2004-02-13,210.1072186874
2004-02-17,212.6275073023
2004-02-18,211.8623805065
2004-02-19,210.4014040133
2004-02-20,207.8372596291
2004-02-23,203.7692111485
2004-02-24,203.51085726
2004-02-25,205.8419702579
2004-02-26,208.120651593
2004-02-27,209.2850844743
2004-03-01,213.1378332253
2004-03-02,212.2958743951
2004-03-03,212.7677285129
2004-03-04,215.7074249615
2004-03-05,216.0476337725
2004-03-08,212.5487130907
2004-03-09,209.8576161289
2004-03-10,204.201922777
2004-03-11,202.0763977254
2004-03-12,206.2904926188
2004-03-15,202.0897993176
2004-03-16,201.2896058012
2004-03-17,205.5214262225
2004-03-18,205.3287070753
2004-03-19,203.22803827
2004-03-22,198.2651735838
2004-03-23,198.0730628982
2004-03-24,197.8379563524
2004-03-25,202.4050023077
2004-03-26,202.9684915798
2004-03-29,207.0028962869
2004-03-30,208.9176901553
2004-03-31,208.1332408521
2004-04-01,210.5295346337
2004-04-02,214.3453672487
2004-04-05,216.0119312013
2004-04-06,213.8342904271
2004-04-07,213.9398474152
2004-04-08,214.952049762
2004-04-12,217.9541764473
2004-04-13,214.0311540571
2004-04-14,212.9147785802
2004-04-15,212.0553930653
2004-04-16,214.9940086083
2004-04-19,218.3556261177
2004-04-20,214.1735868673
2004-04-21,216.3144947409
2004-04-22,218.4495344219
2004-04-23,219.5723470068
2004-04-26,217.4674721661
2004-04-27,216.2862067984
2004-04-28,211.7229179158
2004-04-29,206.0740325997
2004-04-30,202.5477617376
2004-05-03,204.2124099157
2004-05-04,206.9141948278
2004-05-05,208.0434877063
2004-05-06,206.4276332437
2004-05-07,203.1241356421
2004-05-10,198.7886917908
2004-05-11,203.1036380775
2004-05-12,200.9780014653
2004-05-13,200.421362844
2004-05-14,198.5487640607
2004-05-17,196.4367353561
2004-05-18,198.2187122224
2004-05-19,198.3776631932
2004-05-20,198.0763336527
2004-05-21,198.9319866511
2004-05-24,202.2404593939
2004-05-25,207.2166734674
2004-05-26,208.1154661737
2004-05-27,208.6790621692
2004-05-28,209.0604414356
2004-06-01,211.6108538239
2004-06-02,210.616520598
2004-06-03,207.3080737729
2004-06-04,208.8352204527
2004-06-07,211.7822987818
2004-06-08,211.263871005
2004-06-09,208.1497457171
2004-06-10,208.0166543326
2004-06-14,205.2523853527
2004-06-15,207.9269360838
2004-06-16,208.8346164631
2004-06-17,208.9681543594
2004-06-18,208.7186743849
2004-06-21,208.6956142065
2004-06-22,210.6200954285
2004-06-23,214.07116951
2004-06-24,214.4162133171
2004-06-25,214.953085528
2004-06-28,213.4010743169
2004-06-29,215.148717016
2004-06-30,216.7028079081
2004-07-01,214.1299042246
2004-07-02,213.0983907335
2004-07-06,209.03980918
2004-07-07,208.7276325154
2004-07-08,205.9409162181
2004-07-09,206.8746356922
2004-07-12,205.0966338652
2004-07-13,206.145261882
2004-07-14,204.8323685146
2004-07-15,205.6248463291
2004-07-16,203.6236014635
2004-07-19,202.0315158254
2004-07-20,203.9318324254
2004-07-21,198.7622016676
2004-07-22,197.2930538752
2004-07-23,194.1605583304
2004-07-26,190.7284978605
2004-07-27,194.1492905239
2004-07-28,194.0297180918
2004-07-29,197.0565327016
2004-07-30,200.5399249134
2004-08-02,198.8834350526
2004-08-03,195.4213199473
2004-08-04,194.5709460277
2004-08-05,191.5726972521
2004-08-06,187.0546295185
2004-08-09,185.4385560824
2004-08-10,189.4014114049
2004-08-11,187.3694126806
2004-08-12,183.8271564599
2004-08-13,183.7798136141
2004-08-16,186.0831039645
2004-08-17,186.6332493572
2004-08-18,190.9303959387
2004-08-19,190.6003803866
2004-08-20,193.9724327603
2004-08-23,193.6446309872
2004-08-24,193.4330645457
2004-08-25,195.6151113766
2004-08-26,193.4100419897
2004-08-27,195.5053245363
2004-08-30,195.3357295324
2004-08-31,197.7315281152
2004-09-01,199.4589483138
2004-09-02,202.0693952241
2004-09-03,199.4432528671
2004-09-07,201.1641808854
2004-09-08,199.299521697
2004-09-09,203.8487405512
2004-09-10,206.2318587145
2004-09-13,207.3141717583
2004-09-14,206.9772675709
2004-09-15,205.395830851
2004-09-16,206.3448602335
2004-09-17,206.5624240638
2004-09-20,205.7615939394
2004-09-21,208.3408751903
2004-09-22,205.0129088859
2004-09-23,205.3854665445
2004-09-24,203.8080958921
2004-09-27,201.3209400985
2004-09-28,205.574469053
2004-09-29,206.9437306961
2004-09-30,207.2506261793
2004-10-01,211.7476310939
2004-10-04,214.5958696545
2004-10-05,216.5839394399
2004-10-06,218.6198826166
2004-10-07,217.973998594
2004-10-08,214.9266392636
2004-10-11,216.6407737794
2004-10-12,215.2642426356
2004-10-13,213.7598275758
2004-10-14,213.3740210134
2004-10-15,213.822659971
2004-10-18,213.9080789377
2004-10-19,212.5757768322
2004-10-20,214.2566492761
2004-10-21,215.6919800233
2004-10-22,212.9327328844
2004-10-25,213.6446344675
2004-10-26,215.2607270859
2004-10-27,216.9857071907
2004-10-28,215.3818799025
2004-10-29,215.8137035134
2004-11-01,216.3669900257
2004-11-02,217.351941831
2004-11-03,217.9996850462
2004-11-04,221.2576385425
2004-11-05,222.7086811833
2004-11-08,222.9762910303
2004-11-09,223.748014181
2004-11-10,224.8158526974
2004-11-11,227.0596974353
2004-11-12,228.7896140681
2004-11-15,230.0608521459
2004-11-16,228.2436804086
2004-11-17,231.8736567179
2004-11-18,232.2445295424
2004-11-19,229.2359769836
2004-11-22,232.7895638712
2004-11-23,233.616681161
2004-11-24,235.9133415696
2004-11-26,238.6258546754
2004-11-29,240.2591269992
2004-11-30,238.3534528458
2004-12-01,241.0008353031
2004-12-02,238.1112234788
2004-12-03,239.4199738168
2004-12-06,239.5730265545
2004-12-07,233.9353212874
2004-12-08,233.648069346
2004-12-09,234.1838449767
2004-12-10,234.7636130084
2004-12-13,237.4782606117
2004-12-14,244.358091955
2004-12-15,245.8856199117
2004-12-16,244.6343923553
2004-12-17,245.8908155863
2004-12-20,244.6502247937
2004-12-21,246.7418393338
2004-12-22,246.7451210003
2004-12-23,248.5052521776
2004-12-27,247.263162615
2004-12-28,251.0028715203
2004-12-29,250.9528659
2004-12-30,253.5634773946
2004-12-31,253.4393371535
2005-01-03,248.6964069715
2005-01-04,241.8037957017
2005-01-05,237.6894900207
2005-01-06,239.2531199438
2005-01-07,238.4371320813
2005-01-10,239.9777577255
2005-01-11,236.6687720019
2005-01-12,238.7475004724
2005-01-13,237.7259601777
2005-01-14,240.1247928398
2005-01-18,242.4351173954
2005-01-19,239.3887224394
2005-01-20,236.5919928065
2005-01-21,236.1253851556
2005-01-24,233.908665258
2005-01-25,235.4879052954
2005-01-26,238.685721312
2005-01-27,239.1834667768
2005-01-28,237.996807924
2005-01-31,243.1087413614
2005-02-01,245.0995965992
2005-02-02,247.6951799055
2005-02-03,246.395181824
2005-02-04,249.6819906795
2005-02-07,249.3198742168
2005-02-08,250.1336228221
2005-02-09,246.2619064789
2005-02-10,247.3491073607
2005-02-11,249.6650994838
2005-02-14,249.6151955499
2005-02-15,250.7015329873
2005-02-16,254.3097243656
2005-02-17,251.3024896484
2005-02-18,252.2065076586
2005-02-22,250.3604784435
2005-02-23,251.4700882265
2005-02-24,255.1613468376
2005-02-25,258.8353556181
2005-02-28,257.4660789005
2005-03-01,260.9539043895
2005-03-02,260.0098922367
2005-03-03,261.7329777925
2005-03-04,263.5499179691
2005-03-07,264.3704077144
2005-03-08,262.7637902544
2005-03-09,261.5648143986
2005-03-10,258.770512412
2005-03-11,257.7190499302
2005-03-14,258.8328866395
2005-03-15,257.1592279505
2005-03-16,254.9705881927
2005-03-17,256.9060872656
2005-03-18,256.0399969863
2005-03-21,254.6679258819
2005-03-22,253.3967002509
2005-03-23,249.5801111924
2005-03-24,250.2300275855
2005-03-28,250.0638993697
2005-03-29,245.1038794751
2005-03-30,249.3731781389
2005-03-31,251.7438638077
2005-04-01,251.2778291476
2005-04-04,251.5235985647
2005-04-05,251.9349234811
2005-04-06,253.7904093788
2005-04-07,255.4355733493
2005-04-08,251.786027582
2005-04-11,248.2997957766
2005-04-12,248.2143684802
2005-04-13,243.1892101855
2005-04-14,238.3989001299
2005-04-15,232.5438091248
2005-04-18,234.0907042167
2005-04-19,240.0212154929
2005-04-20,235.5471941619
2005-04-21,241.9684231383
2005-04-22,238.1044293892
2005-04-25,240.729866879
2005-04-26,237.4507791523
2005-04-27,235.4165243652
2005-04-28,231.0537483988
2005-04-29,232.3190508276
2005-05-02,235.3084458348
2005-05-03,236.7454491473
2005-05-04,238.217655363
2005-05-05,238.172307607
2005-05-06,239.3801867945
2005-05-09,241.3709240622
2005-05-10,239.503702248
2005-05-11,240.2953418106
2005-05-12,236.8189891006
2005-05-13,235.5565349196
2005-05-16,236.2551447926
2005-05-17,237.8156285464
2005-05-18,242.4572860172
2005-05-19,243.4910715868
2005-05-20,243.6628259032
2005-05-23,244.561884397
2005-05-24,246.0215831856
2005-05-25,245.3517074264
2005-05-26,249.7407560071
2005-05-27,250.414311721
2005-05-31,250.3283508733
2005-06-01,252.2405625095
2005-06-02,253.665187543
2005-06-03,252.9794534522
2005-06-06,253.3875465239
2005-06-07,252.7276334491
2005-06-08,253.0348808777
2005-06-09,256.7217826689
2005-06-10,258.5057801004
2005-06-13,260.5027372517
2005-06-14,264.2134991276
2005-06-15,265.7547108695
2005-06-16,268.4685041921
2005-06-17,271.2176032581
2005-06-20,272.7120840433
2005-06-21,270.8552329242
2005-06-22,271.5809815577
2005-06-23,267.6940373391
2005-06-24,266.0324210716
2005-06-27,265.1925906374
2005-06-28,268.5693008884
2005-06-29,269.2409400435
2005-06-30,268.0848458326
2005-07-01,269.6218787694
2005-07-05,272.64373206
2005-07-06,270.7363485734
2005-07-07,271.0695507014
2005-07-08,275.0616398183
2005-07-11,279.7676208656
2005-07-12,279.8400340422
2005-07-13,280.3752171375
2005-07-14,277.7719414894
2005-07-15,278.7534105066
2005-07-18,278.696233276
2005-07-19,285.8074682141
2005-07-20,289.2405006654
2005-07-21,285.6010470001
2005-07-22,289.2419451537
2005-07-25,289.1043057007
2005-07-26,293.6005919154
2005-07-27,295.1375112135
2005-07-28,297.5906139883
2005-07-29,296.0916818483
2005-08-01,298.3631305022
2005-08-02,302.0207670132
2005-08-03,300.8770612723
2005-08-04,297.5010804361
2005-08-05,295.1788996362
2005-08-08,295.5891954434
2005-08-09,295.7599570261
2005-08-10,294.1144175372
2005-08-11,297.905600467
2005-08-12,295.3628243543
2005-08-15,295.9652225055
2005-08-16,292.4816833648
2005-08-17,292.0487711054
2005-08-18,290.8035846637
2005-08-19,290.9627996263
2005-08-22,293.6277474899
2005-08-23,296.4367938008
2005-08-24,298.9470547796
2005-08-25,299.3709473239
2005-08-26,297.0095495867
2005-08-29,300.9828119738
2005-08-30,307.5059516892
2005-08-31,311.9202587591
2005-09-01,314.1790833063
2005-09-02,311.4808800988
2005-09-06,314.1583218383
2005-09-07,315.1012076287
2005-09-08,316.1728607859
2005-09-09,320.9197433097
2005-09-12,322.1877404113
2005-09-13,319.1759696874
2005-09-14,318.6072932558
2005-09-15,315.0513601403
2005-09-16,315.642126871
2005-09-19,315.6726179004
2005-09-20,314.4188998232
2005-09-21,311.4159423554
2005-09-22,310.6431577152
2005-09-23,312.1829232453
2005-09-26,315.9662500791
2005-09-27,315.2790234852
2005-09-28,315.6745652651
2005-09-29,321.3293226714
2005-09-30,323.5173374465
2005-10-03,326.117993776
2005-10-04,322.9251700612
2005-10-05,312.4139837087
2005-10-06,302.9689519709
2005-10-07,306.6318378747
2005-10-10,301.3922928687
2005-10-11,296.9137540928
2005-10-12,291.6066548549
2005-10-13,291.1010790176
2005-10-14,295.1565620837
2005-10-17,296.6217022273
2005-10-18,291.3443857471
2005-10-19,295.2516305057
2005-10-20,289.6112001334
2005-10-21,291.6028201553
2005-10-24,297.0940433381
2005-10-25,295.8509504338
2005-10-26,293.9655776797
2005-10-27,285.4934840868
2005-10-28,289.9472510712
2005-10-31,295.5747034566
2005-11-01,294.9650152496
2005-11-02,300.4358391676
2005-11-03,301.4310964271
2005-11-04,301.3559270474
2005-11-07,301.9850857771
2005-11-08,300.4365846526
2005-11-09,301.9386029065
2005-11-10,300.2334191699
2005-11-11,302.1467316919
2005-11-14,302.2962391218
2005-11-15,301.5772536657
2005-11-16,300.7439667021
2005-11-17,306.7709799124
2005-11-18,309.4172126754
2005-11-21,315.7705764925
2005-11-22,316.417446065
2005-11-23,316.0502360881
2005-11-25,318.0852504363
2005-11-28,313.266825402
2005-11-29,310.4708115661
2005-11-30,312.0330888609
2005-12-01,319.5231370546
2005-12-02,318.3857868436
2005-12-05,317.9222383743
2005-12-06,319.1161983925
2005-12-07,317.7386627337
2005-12-08,319.4337160144
2005-12-09,321.0831243052
2005-12-12,323.3971148026
2005-12-13,322.4799512712
2005-12-14,322.4025498913
2005-12-15,320.4232276244
2005-12-16,318.5761972098
2005-12-19,314.2222377627
2005-12-20,313.9626176718
2005-12-21,315.756092894
2005-12-22,318.9100620974
2005-12-23,319.1249676155
2005-12-27,314.8266672995
2005-12-28,318.3710949129
2005-12-29,317.0985381075
2005-12-30,316.2348379201
2006-01-03,321.5742016638
2006-01-04,326.0135582469
2006-01-05,328.0743620627
2006-01-06,332.9790674765
2006-01-09,335.9926849369
2006-01-10,340.1946288415
2006-01-11,341.740499396
2006-01-12,342.7269530659
2006-01-13,343.3078521858
2006-01-17,343.649915547
2006-01-18,344.1484689611
2006-01-19,350.1734331886
2006-01-20,346.4117220109
2006-01-23,351.8513486554
2006-01-24,355.9379870498
2006-01-25,353.6029927795
2006-01-26,360.8976593328
2006-01-27,362.1597462005
2006-01-30,369.6094766629
2006-01-31,372.8757618094
2006-02-01,369.3292257049
2006-02-02,365.9415569277
2006-02-03,365.1882838346
2006-02-06,368.5581430091
2006-02-07,361.2226912954
2006-02-08,364.482830297
2006-02-09,362.009369187
2006-02-10,361.8467608412
2006-02-13,357.6448013998
2006-02-14,359.5212295559
2006-02-15,363.3084158339
2006-02-16,366.8721849245
2006-02-17,367.7448504
2006-02-21,368.8496124897
2006-02-22,369.2423132091
2006-02-23,368.5683075217
2006-02-24,374.3708059853
2006-02-27,377.1090656602
2006-02-28,371.7222149339
2006-03-01,380.5512573469
2006-03-02,382.0904883917
2006-03-03,379.9716092564
2006-03-06,373.7013469803
2006-03-07,366.0743216643
2006-03-08,363.5131636484
2006-03-09,363.0753899436
2006-03-10,364.6019559966
2006-03-13,367.1410231994
2006-03-14,370.3753887574
2006-03-15,374.6656867404
2006-03-16,375.9327000626
2006-03-17,375.0447080032
2006-03-20,373.9685738079
2006-03-21,370.0077350596
2006-03-22,374.36591653
2006-03-23,377.2378787722
2006-03-24,382.5814141677
2006-03-27,384.8166027718
2006-03-28,385.3823957367
2006-03-29,392.2300519291
2006-03-30,392.057825949
2006-03-31,392.8897615604
2006-04-03,394.0484379424
2006-04-04,393.511591552
2006-04-05,398.750745501
2006-04-06,399.8719347838
2006-04-07,396.7011465181
2006-04-10,395.7681989636
2006-04-11,393.1313507929
2006-04-12,396.4883985844
2006-04-13,399.7707889306
2006-04-17,403.5647930547
2006-04-18,415.9310706091
2006-04-19,423.2618323949
2006-04-20,421.945013408
2006-04-21,421.6031433049
2006-04-24,422.8165880649
2006-04-25,421.9972841006
2006-04-26,420.0952516117
2006-04-27,415.3619088544
2006-04-28,414.6919650274
2006-05-01,414.5331186386
2006-05-02,422.2822380542
2006-05-03,424.7673019245
2006-05-04,427.7072990286
2006-05-05,431.228853037
2006-05-08,435.2408571667
2006-05-09,434.7310477557
2006-05-10,432.8442948804
2006-05-11,422.0203419467
2006-05-12,409.9861857316
2006-05-15,399.6613137927
2006-05-16,398.2127228566
2006-05-17,388.9794935124
2006-05-18,384.6796421522
2006-05-19,384.201485357
2006-05-22,374.8569083608
2006-05-23,377.4652286665
2006-05-24,374.8662826904
2006-05-25,385.935650148
2006-05-26,389.7824101344
2006-05-30,383.3454459678
2006-05-31,389.5842866076
2006-06-01,395.0657988407
2006-06-02,398.2592400595
2006-06-05,388.2927952092
2006-06-06,384.1528857274
2006-06-07,378.7108230169
2006-06-08,374.4665476922
2006-06-09,373.1445212936
2006-06-12,358.990171813
2006-06-13,348.6324444619
2006-06-14,352.7929917707
2006-06-15,367.4273758817
2006-06-16,362.6652372943
2006-06-19,353.1995914055
2006-06-20,353.1871587799
2006-06-21,361.0556145975
2006-06-22,359.8430937668
2006-06-23,363.8067456533
2006-06-26,366.2324788632
2006-06-27,360.3595748322
2006-06-28,361.4502774636
2006-06-29,371.1183395454
2006-06-30,377.641714726
2006-07-03,380.6551362447
2006-07-05,377.1775687103
2006-07-06,377.7312757535
2006-07-07,369.7152844233
2006-07-10,367.4080439517
2006-07-11,370.5707126014
2006-07-12,364.0133448517
2006-07-13,353.7021558932
2006-07-14,351.6660710599
2006-07-17,347.4624581094
2006-07-18,348.4565896543
2006-07-19,361.0183441987
2006-07-20,351.9245173477
2006-07-21,345.0460622467
2006-07-24,353.8375193675
2006-07-25,358.4880870549
2006-07-26,358.1650991469
2006-07-27,355.0585032284
2006-07-28,359.9790212419
2006-07-31,362.2823684641
2006-08-01,358.3340290719
2006-08-02,363.0237887083
2006-08-03,364.7650894508
2006-08-04,361.7422001037
2006-08-07,360.6119365995
2006-08-08,357.5546118407
2006-08-09,355.2613128394
2006-08-10,354.4549485984
2006-08-11,349.4879069637
2006-08-14,346.9168197376
2006-08-15,354.3607243276
2006-08-16,361.4192581328
2006-08-17,363.2393458194
2006-08-18,364.5432165533
2006-08-21,361.194403251
2006-08-22,363.437633925
2006-08-23,358.7200019886
2006-08-24,360.0966715333
2006-08-25,362.7107834897
2006-08-28,363.0710608102
2006-08-29,365.590424117
2006-08-30,367.6230005248
2006-08-31,367.8417662817
2006-09-01,369.8475806911
2006-09-05,374.1204331565
2006-09-06,364.5895858632
2006-09-07,361.82007718
2006-09-08,359.8605977849
2006-09-11,353.3079027093
2006-09-12,358.1180613419
2006-09-13,361.3861100403
2006-09-14,359.2202409397
2006-09-15,356.3552635636
2006-09-18,356.0843331424
2006-09-19,351.2373908972
2006-09-20,350.9500563728
2006-09-21,346.6775138092
2006-09-22,341.7148976893
2006-09-25,341.3508719184
2006-09-26,343.5156570905
2006-09-27,346.9708843538
2006-09-28,348.7559044505
2006-09-29,350.1545297752
2006-10-02,348.0517213213
2006-10-03,343.4373180431
2006-10-04,349.9149923299
2006-10-05,354.7015717476
2006-10-06,352.6237654104
2006-10-09,354.8293373203
2006-10-10,358.4024042392
2006-10-11,359.0736528406
2006-10-12,364.9492958144
2006-10-13,368.9596970943
2006-10-16,376.4698650136
2006-10-17,372.5117395727
2006-10-18,369.7113588787
2006-10-19,373.326336061
2006-10-20,368.9764733347
2006-10-23,368.8627379972
2006-10-24,368.3937960851
2006-10-25,373.8637305992
2006-10-26,376.6144703835
2006-10-27,371.9245999409
2006-10-30,372.844051667
2006-10-31,372.3416459852
2006-11-01,366.9667098301
2006-11-02,363.5034333964
2006-11-03,365.4519722498
2006-11-06,370.9440602105
2006-11-07,373.9329603373
2006-11-08,379.2036666798
2006-11-09,377.0041521608
2006-11-10,377.4142885312
2006-11-13,378.6440154695
2006-11-14,382.5785967253
2006-11-15,387.282561102
2006-11-16,387.4049769757
2006-11-17,384.4102154396
2006-11-20,384.4506941812
2006-11-21,385.8980353636
2006-11-22,388.1836547839
2006-11-24,389.4083089611
2006-11-27,381.7207893313
2006-11-28,382.6176980571
2006-11-29,391.3750959312
2006-11-30,392.9305694807
2006-12-01,391.0575076881
2006-12-04,393.3060675922
2006-12-05,395.3153360227
2006-12-06,394.4097105703
2006-12-07,391.2878390333
2006-12-08,390.7296028771
2006-12-11,391.4008175691
2006-12-12,388.3577766459
2006-12-13,388.6261559089
2006-12-14,390.9086054734
2006-12-15,388.6362503098
2006-12-18,383.0876217755
2006-12-19,381.8930006462
2006-12-20,383.772451571
2006-12-21,380.9553766063
2006-12-22,381.0568544328
2006-12-26,381.8893466753
2006-12-27,385.8929774332
2006-12-28,386.6015615661
2006-12-29,385.6031257263
2007-01-03,382.6732218662
2007-01-04,383.2354919351
2007-01-05,376.5090958748
2007-01-08,377.8971343077
2007-01-09,377.0632073502
2007-01-10,375.4741810209
2007-01-11,378.7728686242
2007-01-12,383.4142328004
2007-01-16,382.8696345599
2007-01-17,381.9971978319
2007-01-18,376.2997827023
2007-01-19,379.5735057304
2007-01-22,381.2345259961
2007-01-23,386.9469175997
2007-01-24,388.4883273014
2007-01-25,382.9865991597
2007-01-26,387.3111088508
2007-01-29,389.7887146593
2007-01-30,393.5710496041
2007-01-31,394.2897171101
2007-02-01,399.1008232444
2007-02-02,400.1173743082
2007-02-05,403.5775997242
2007-02-06,405.08781842
2007-02-07,406.6536504636
2007-02-08,407.8847613701
2007-02-09,403.8871978882
2007-02-12,400.5932354243
2007-02-13,403.235541555
2007-02-14,408.4793337176
2007-02-15,406.9127555897
2007-02-16,408.9655637894
2007-02-20,413.5950645637
2007-02-21,419.5355090931
2007-02-22,424.5059524291
2007-02-23,426.7239887291
2007-02-26,432.271974441
2007-02-27,409.6888232245
2007-02-28,411.3089588569
2007-03-01,408.7325301915
2007-03-02,400.0021936116
2007-03-05,388.0915662138
2007-03-06,399.7681373982
2007-03-07,400.7214293359
2007-03-08,402.8071394547
2007-03-09,404.2200063215
2007-03-12,408.6259730229
2007-03-13,396.4916697621
2007-03-14,401.6867428624
2007-03-15,401.9255421766
2007-03-16,399.7749702712
2007-03-19,401.4508269466
2007-03-20,405.6723557799
2007-03-21,411.4860358037
2007-03-22,416.2345917344
2007-03-23,417.9587897116
2007-03-26,418.7516863748
2007-03-27,418.4329080523
2007-03-28,415.5350365116
2007-03-29,416.5692100961
2007-03-30,415.628108434
2007-04-02,416.134239563
2007-04-03,420.0558994145
2007-04-04,423.1795075002
2007-04-05,424.0894127581
2007-04-09,426.6843866126
2007-04-10,430.099928906
2007-04-11,427.6387302771
2007-04-12,432.9906547731
2007-04-13,435.7786442754
2007-04-16,445.5437099295
2007-04-17,442.0247828521
2007-04-18,441.0893563923
2007-04-19,435.8173696865
2007-04-20,440.8868830124
2007-04-23,442.8963813643
2007-04-24,443.0040165231
2007-04-25,446.0253039158
2007-04-26,445.1610051362
2007-04-27,441.6153316961
2007-04-30,432.2180493453
2007-05-01,428.4560930309
2007-05-02,436.0911043436
2007-05-03,437.6400925762
2007-05-04,441.0100548131
2007-05-07,441.852772724
2007-05-08,439.6555212466
2007-05-09,441.4229401791
2007-05-10,433.3959445804
2007-05-11,437.6891758156
2007-05-14,435.3691598262
2007-05-15,429.851521579
2007-05-16,430.2275874561
2007-05-17,430.3354661202
2007-05-18,434.442045371
2007-05-21,441.1007422063
2007-05-22,445.6917812351
2007-05-23,444.3083465031
2007-05-24,433.8161011821
2007-05-25,439.2971290217
2007-05-29,441.3355076324
2007-05-30,443.2777376847
2007-05-31,446.2056054495
2007-06-01,451.3881323823
2007-06-04,452.8027193692
2007-06-05,454.112554157
2007-06-06,449.2076994907
2007-06-07,438.756184428
2007-06-08,442.3939155948
2007-06-11,443.0979130031
2007-06-12,437.316444058
2007-06-13,444.7211972109
2007-06-14,450.2305200523
2007-06-15,456.7519541209
2007-06-18,457.9448854005
2007-06-19,461.6438338691
2007-06-20,458.6104479002
2007-06-21,462.1890979974
2007-06-22,460.3344505894
2007-06-25,455.7689742542
2007-06-26,454.7387533356
2007-06-27,463.1694830867
2007-06-28,465.9517953435
2007-06-29,465.7942960416
2007-07-02,474.7868412099
2007-07-03,478.1035438362
2007-07-05,479.3178646362
2007-07-06,483.4011579473
2007-07-09,493.7718813084
2007-07-10,486.8867301949
2007-07-11,489.8256497299
2007-07-12,498.9845610357
2007-07-13,500.2286755992
2007-07-16,498.2563634222
2007-07-17,495.5017510742
2007-07-18,494.2398329806
2007-07-19,501.8613045365
2007-07-20,495.1676049257
2007-07-23,494.5235689931
2007-07-24,480.665193254
2007-07-25,478.0229962497
2007-07-26,463.5899663254
2007-07-27,457.2067282559
2007-07-30,467.1129446427
2007-07-31,468.1486062099
2007-08-01,467.1291003579
2007-08-02,468.2016401703
2007-08-03,452.5615128471
2007-08-06,453.5668763924
2007-08-07,467.0031940387
2007-08-08,485.1254238598
2007-08-09,481.2010115916
2007-08-10,474.4862974519
2007-08-13,470.45918952
2007-08-14,457.1004515294
2007-08-15,446.537346678
2007-08-16,442.5301817492
2007-08-17,449.5329032536
2007-08-20,454.0174794591
2007-08-21,453.2978944434
2007-08-22,459.1753368109
2007-08-23,455.4169242312
2007-08-24,459.6570780393
2007-08-27,456.0351767218
2007-08-28,444.8535178367
2007-08-29,456.0859005626
2007-08-30,456.2416207858
2007-08-31,463.8474334982
2007-09-04,473.2834070193
2007-09-05,468.6206876141
2007-09-06,472.0118763564
2007-09-07,462.1929977463
2007-09-10,458.6619364216
2007-09-11,466.1287418996
2007-09-12,464.0381770528
2007-09-13,462.9479043674
2007-09-14,465.4681666022
2007-09-17,460.5558633406
2007-09-18,477.2092513785
2007-09-19,482.0520632015
2007-09-20,483.5347534421
2007-09-21,491.2770372081
2007-09-24,489.9900031852
2007-09-25,491.5261059205
2007-09-26,496.8292410435
2007-09-27,497.5749978813
2007-09-28,496.4448675313
2007-10-01,505.0439020727
2007-10-02,507.4787680169
2007-10-03,502.8238674574
2007-10-04,506.1001574079
2007-10-05,514.7548856584
2007-10-08,511.9039847528
2007-10-09,517.6741831059
2007-10-10,518.8802250605
2007-10-11,513.7415769941
2007-10-12,520.719294466
2007-10-15,516.1338234355
2007-10-16,513.2875929887
2007-10-17,515.1927537703
2007-10-18,521.0680454219
2007-10-19,503.4510271253
2007-10-22,508.3468264185
2007-10-23,513.8290204303
2007-10-24,511.6274677872
2007-10-25,508.5362187711
2007-10-26,519.3546942572
2007-10-29,528.2133610352
2007-10-30,523.0733640412
2007-10-31,533.4054833345
2007-11-01,518.2493302818
2007-11-02,521.3501213849
2007-11-05,519.78713494
2007-11-06,532.6069577529
2007-11-07,518.5545128811
2007-11-08,523.0845924529
2007-11-09,507.2295667678
2007-11-12,488.7102936508
2007-11-13,499.7195777078
2007-11-14,502.5777258813
2007-11-15,496.0418006092
2007-11-16,497.2129310936
2007-11-19,483.2504381639
2007-11-20,479.5827349295
2007-11-21,469.0967280657
2007-11-23,478.492334545
2007-11-26,471.3156865485
2007-11-27,471.4892029267
2007-11-28,486.4365057403
2007-11-29,495.3101589403
2007-11-30,496.6345503983
2007-12-03,493.0634235792
2007-12-04,492.980131657
2007-12-05,498.7979770302
2007-12-06,511.2643664849
2007-12-07,519.5844147803
2007-12-10,525.6268127751
2007-12-11,510.3031083359
2007-12-12,516.3605502904
2007-12-13,515.0577518127
2007-12-14,514.2861911285
2007-12-17,497.5933447539
2007-12-18,507.9844621741
2007-12-19,513.6109513139
2007-12-20,520.7774717486
2007-12-21,532.2495328561
2007-12-24,538.6150626912
2007-12-26,547.4597080338
2007-12-27,542.1197641432
2007-12-28,543.904504809
2007-12-31,538.7083109467
2008-01-02,536.8214096684
2008-01-03,543.6317279163
2008-01-04,524.2491257797
2008-01-07,515.4955661729
2008-01-08,507.1529962521
2008-01-09,508.7907068793
2008-01-10,510.1669124755
2008-01-11,499.5345360966
2008-01-14,503.5189754151
2008-01-15,484.8626870136
2008-01-16,475.8751907902
2008-01-17,457.5926674663
2008-01-18,451.650277568
2008-01-22,444.6945272657
2008-01-23,449.5282002446
2008-01-24,456.1305827517
2008-01-25,457.4818531824
2008-01-28,463.36921277
2008-01-29,466.7808371777
2008-01-30,462.9618865624
2008-01-31,468.0750228224
2008-02-01,479.9131831166
2008-02-04,482.3765122173
2008-02-05,464.5250618462
2008-02-06,455.3591053527
2008-02-07,458.1181043148
2008-02-08,460.9177513218
2008-02-11,470.2388288289
2008-02-12,469.209998515
2008-02-13,487.0161567608
2008-02-14,479.8531656437
2008-02-15,474.0149331101
2008-02-19,475.7197428433
2008-02-20,478.9775207366
2008-02-21,472.370060037
2008-02-22,470.2205813168
2008-02-25,479.7012134423
2008-02-26,482.3186993238
2008-02-27,478.4987352251
2008-02-28,475.922380324
2008-02-29,463.355124834
2008-03-03,464.7617091893
2008-03-04,457.9985890059
2008-03-05,466.9372893018
2008-03-06,452.4186784503
2008-03-07,447.3096866861
2008-03-10,430.2442931953
2008-03-11,446.5504767868
2008-03-12,446.1938141077
2008-03-13,453.2312785631
2008-03-14,441.6266477793
2008-03-17,427.828583947
2008-03-18,441.1828491536
2008-03-19,426.7034171353
2008-03-20,431.2835737415
2008-03-24,444.6239105765
2008-03-25,456.8727558935
2008-03-26,458.026798337
2008-03-27,456.9715736641
2008-03-28,453.5412186174
2008-03-31,455.1660696272
2008-04-01,466.6141934562
2008-04-02,476.2413922873
2008-04-03,480.8963343868
2008-04-04,489.8065114161
2008-04-07,486.25130914
2008-04-08,485.3074297536
2008-04-09,478.1181548397
2008-04-10,483.372062422
2008-04-11,471.922888743
2008-04-14,470.5196821921
2008-04-15,476.152164994
2008-04-16,493.9437493405
2008-04-17,488.7183106613
2008-04-18,495.0412596578
2008-04-21,497.9246917805
2008-04-22,491.0705506142
2008-04-23,489.5093599902
2008-04-24,488.9690534117
2008-04-25,493.8828997994
2008-04-28,498.5752190012
2008-04-29,492.5496705424
2008-04-30,492.6811929286
2008-05-01,495.0663091419
2008-05-02,497.8041077155
2008-05-05,495.6880600349
2008-05-06,503.2149739273
2008-05-07,496.0170780725
2008-05-08,504.4451620261
2008-05-09,504.03486434
2008-05-12,509.9534448935
2008-05-13,516.1836212459
2008-05-14,520.3112095525
2008-05-15,525.9929434422
2008-05-16,532.104859099
2008-05-19,541.5249094159
2008-05-20,541.1370348348
2008-05-21,532.6768313312
2008-05-22,529.5789356519
2008-05-23,526.2778772204
2008-05-27,531.0102821472
2008-05-28,538.1326572164
2008-05-29,534.6396631616
2008-05-30,543.8477247624
2008-06-02,539.9969835373
2008-06-03,537.0866844284
2008-06-04,534.3907174474
2008-06-05,544.0939272666
2008-06-06,533.3956403764
2008-06-09,526.3057662203
2008-06-10,520.6519407896
2008-06-11,513.3877927805
2008-06-12,513.3527283942
2008-06-13,523.088526544
2008-06-16,530.5725000872
2008-06-17,532.4315726458
2008-06-18,528.9928984211
2008-06-19,532.7514339614
2008-06-20,523.9544383465
2008-06-23,522.615603768
2008-06-24,511.8905312401
2008-06-25,512.985349092
2008-06-26,501.3701464497
2008-06-27,504.179922668
2008-06-30,505.5244051003
2008-07-01,498.9296417779
2008-07-02,482.4795845827
2008-07-03,474.7469777852
2008-07-07,467.636508287
2008-07-08,472.1619826409
2008-07-09,464.2145338292
2008-07-10,473.190316161
2008-07-11,475.5464224494
2008-07-14,475.9973252478
2008-07-15,473.0413781453
2008-07-16,483.6943653463
2008-07-17,484.3623622593
2008-07-18,484.9725349359
2008-07-21,493.975343248
2008-07-22,495.4148678174
2008-07-23,491.133772885
2008-07-24,476.6165438375
2008-07-25,480.9358299344
2008-07-28,475.3855455987
2008-07-29,485.3323481763
2008-07-30,493.8602236696
2008-07-31,486.8061787703
2008-08-01,482.8249579886
2008-08-04,467.408962446
2008-08-05,471.0482553685
2008-08-06,480.341704086
2008-08-07,479.697484587
2008-08-08,486.6144013012
2008-08-11,490.7166805087
2008-08-12,489.5748545359
2008-08-13,498.1083400804
2008-08-14,499.7828960398
2008-08-15,498.210394529
2008-08-18,492.8791064269
2008-08-19,490.8660023901
2008-08-20,498.3450897949
2008-08-21,498.0205521234
2008-08-22,501.5690328223
2008-08-25,492.6887724066
2008-08-26,493.2616292297
2008-08-27,499.1310366139
2008-08-28,504.0160896689
2008-08-29,499.1862740911
2008-09-02,485.9405429202
2008-09-03,478.413907039
2008-09-04,463.4023826719
2008-09-05,461.1943130905
2008-09-08,458.3318076938
2008-09-09,425.4229105203
2008-09-10,430.956942643
2008-09-11,431.1745593072
2008-09-12,437.0047126281
2008-09-15,411.7676736492
2008-09-16,421.8241520124
2008-09-17,402.9528751285
2008-09-18,428.9256335321
2008-09-19,460.3215777548
2008-09-22,446.3654914949
2008-09-23,437.4744746165
2008-09-24,436.0242736378
2008-09-25,441.0277930572
2008-09-26,436.6368898304
2008-09-29,408.6684833345
2008-09-30,413.1773101241
2008-10-01,413.3208939909
2008-10-02,385.0166349864
2008-10-03,375.0474580487
2008-10-06,349.0336710708
2008-10-07,324.2679603087
2008-10-08,316.9652824764
2008-10-09,294.8064984757
2008-10-10,299.4897764978
2008-10-13,343.894275198
2008-10-14,335.0585260951
2008-10-15,299.4043242533
2008-10-16,314.5012159206
2008-10-17,317.3396854115
2008-10-20,335.5959201735
2008-10-21,322.7911861225
2008-10-22,299.5964661111
2008-10-23,291.2514649795
2008-10-24,277.8680444022
2008-10-27,260.8986280924
2008-10-28,275.3353959149
2008-10-29,283.1822928564
2008-10-30,295.9737753592
2008-10-31,308.4910689061
2008-11-03,318.0907011145
2008-11-04,335.4621285517
2008-11-05,311.9651972827
2008-11-06,293.9251114157
2008-11-07,303.2441721121
2008-11-10,292.9568701784
2008-11-11,278.4752661587
2008-11-12,254.5511197285
2008-11-13,274.9007801783
2008-11-14,257.1621327858
2008-11-17,253.9215575821
2008-11-18,251.0507712364
2008-11-19,228.8775693057
2008-11-20,204.4740689101
2008-11-21,219.5569727699
2008-11-24,241.5183092799
2008-11-25,246.4677997344
2008-11-26,265.2223100532
2008-11-28,269.1593026724
2008-12-01,238.0699249101
2008-12-02,249.7854997558
2008-12-03,256.0786225385
2008-12-04,243.645639017
2008-12-05,253.3766846677
2008-12-08,273.1167203241
2008-12-09,265.6217987647
2008-12-10,274.3952847326
2008-12-11,265.3775517566
2008-12-12,274.7154324853
2008-12-15,265.5588078752
2008-12-16,282.3172845604
2008-12-17,286.5676711633
2008-12-18,278.996881755
2008-12-19,282.0302603419
2008-12-22,274.5116503493
2008-12-23,271.3914495818
2008-12-24,271.2965836693
2008-12-26,277.1026415199
2008-12-29,273.6243852083
2008-12-30,278.8174792665
2008-12-31,289.5554352899
2009-01-02,306.3072618505
2009-01-05,314.7985185449
2009-01-06,326.1545772391
2009-01-07,311.2517416715
2009-01-08,321.0668019639
2009-01-09,311.3840347714
2009-01-12,299.4589699823
2009-01-13,299.2207619009
2009-01-14,285.8616758228
2009-01-15,292.7133580032
2009-01-16,293.9245225724
2009-01-20,275.4252251226
2009-01-21,288.6453944081
2009-01-22,277.6660918345
2009-01-23,280.3943662432
2009-01-26,286.3142677827
2009-01-27,288.6417230793
2009-01-28,299.6162255383
2009-01-29,289.9194898189
2009-01-30,288.0653922328
2009-02-02,288.393317003
2009-02-03,292.5251657775
2009-02-04,293.7143030716
2009-02-05,299.6651559286
2009-02-06,309.8189639836
2009-02-09,310.8391358682
2009-02-10,296.8105041947
2009-02-11,295.3394702276
2009-02-12,295.2316849657
2009-02-13,297.8471129396
2009-02-17,281.8820494483
2009-02-18,274.7919916933
2009-02-19,268.8388324474
2009-02-20,261.492819631
2009-02-23,246.8970769311
2009-02-24,261.7527676868
2009-02-25,256.4723425165
2009-02-26,253.4601281229
2009-02-27,248.9156991679
2009-03-02,228.5782564083
2009-03-03,225.9226060874
2009-03-04,235.9044125178
2009-03-05,221.2500739601
2009-03-06,220.0919387443
2009-03-09,214.9696120829
2009-03-10,231.8407348177
2009-03-11,233.6766548423
2009-03-12,248.0148045363
2009-03-13,249.519302395
2009-03-16,248.6141020337
2009-03-17,257.5161449437
2009-03-18,265.1960013969
2009-03-19,269.8706359767
2009-03-20,261.6663465125
2009-03-23,281.892776676
2009-03-24,275.635667773
2009-03-25,280.3264249552
2009-03-26,299.9711229231
2009-03-27,292.9610262084
2009-03-30,278.9682160408
2009-03-31,296.7756993185
2009-04-01,306.9074185206
2009-04-02,319.5087585452
2009-04-03,325.3778867565
2009-04-06,319.1955967677
2009-04-07,308.557641394
2009-04-08,316.0009773773
2009-04-09,332.9741443562
2009-04-13,330.9653926889
2009-04-14,327.8528490077
2009-04-15,330.7269382232
2009-04-16,341.8176498673
2009-04-17,345.8799212596
2009-04-20,323.3874723524
2009-04-21,333.3496324112
2009-04-22,337.5503403708
2009-04-23,336.6172006151
2009-04-24,344.8348783929
2009-04-27,338.5259104261
2009-04-28,340.2698673445
2009-04-29,353.3160092373
2009-04-30,358.1787741773
2009-05-01,362.3244824853
2009-05-04,382.0981304615
2009-05-05,382.5277154037
2009-05-06,389.5878070453
2009-05-07,376.472025474
2009-05-08,391.7986510634
2009-05-11,386.4233922336
2009-05-12,379.2587071146
2009-05-13,356.8785214426
2009-05-14,363.293476497
2009-05-15,358.9845539674
2009-05-18,370.1433550568
2009-05-19,377.3627745214
2009-05-20,379.6467729407
2009-05-21,370.5356506517
2009-05-22,369.4540829508
2009-05-26,385.2294916186
2009-05-27,384.0396132944
2009-05-28,389.2444456043
2009-05-29,397.7599342742
2009-06-01,417.187047467
2009-06-02,419.4361934112
2009-06-03,408.3942885298
2009-06-04,421.2087737179
2009-06-05,426.3992249345
2009-06-08,430.1195251261
2009-06-09,435.8607105246
2009-06-10,437.8420590004
2009-06-11,449.6482019869
2009-06-12,445.2922855706
2009-06-15,428.0996988406
2009-06-16,420.8177395736
2009-06-17,416.5275679454
2009-06-18,417.6627928388
2009-06-19,421.5490609254
2009-06-22,402.6683392397
2009-06-23,400.8924001658
2009-06-24,408.2517746246
2009-06-25,420.2287392403
2009-06-26,427.0710664533
2009-06-29,428.6396620512
2009-06-30,425.7848288442
2009-07-01,431.0341022468
2009-07-02,419.2478656688
2009-07-06,408.1702450429
2009-07-07,394.9545847685
2009-07-08,386.9686397953
2009-07-09,389.0241992158
2009-07-10,389.2052341945
2009-07-13,395.3973265492
2009-07-14,400.8632164348
2009-07-15,418.1626456815
2009-07-16,423.7260760071
2009-07-17,421.4126925632
2009-07-20,427.7994273327
2009-07-21,428.6676810933
2009-07-22,429.6070847116
2009-07-23,442.193023689
2009-07-24,451.1582232993
2009-07-27,454.0392777555
2009-07-28,453.3186012785
2009-07-29,445.8058645679
2009-07-30,454.6620537817
2009-07-31,455.0905745406
2009-08-03,464.0103039285
2009-08-04,465.1819839103
2009-08-05,463.5594147298
2009-08-06,459.8371296525
2009-08-07,464.6199526578
2009-08-10,471.7844715455
2009-08-11,460.0235831939
2009-08-12,466.5021559472
2009-08-13,467.9025881885
2009-08-14,460.1024017623
2009-08-17,442.675342068
2009-08-18,452.0682985704
2009-08-19,457.4868382464
2009-08-20,461.2358896801
2009-08-21,468.8716462362
2009-08-24,469.5629095651
2009-08-25,467.9223557899
2009-08-26,467.3590211179
2009-08-27,467.7666056679
2009-08-28,468.3330893171
2009-08-31,458.2550112562
2009-09-01,446.5360236381
2009-09-02,444.6974813097
2009-09-03,450.5466150749
2009-09-04,458.7942228759
2009-09-08,469.4999172592
2009-09-09,475.952133585
2009-09-10,486.0715861608
2009-09-11,484.4715790225
2009-09-14,487.5464141806
2009-09-15,495.6830382095
2009-09-16,505.2683670549
2009-09-17,506.499749468
2009-09-18,506.8497130893
2009-09-21,504.9754580668
2009-09-22,514.5783120487
2009-09-23,509.8879267207
2009-09-24,499.3478780246
2009-09-25,498.9460395045
2009-09-28,510.2654645985
2009-09-29,510.1719305406
2009-09-30,504.1844012937
2009-10-01,485.5853538453
2009-10-02,482.1217569884
2009-10-05,490.75037295
2009-10-06,499.8798174984
2009-10-07,500.3604402458
2009-10-08,508.2705524337
2009-10-09,513.4444726488
2009-10-12,519.0088870211
2009-10-13,519.6664956225
2009-10-14,527.6001059877
2009-10-15,527.5204260259
2009-10-16,522.5622285716
2009-10-19,528.2147801221
2009-10-20,519.6898351057
2009-10-21,517.5814412839
2009-10-22,518.8503689963
2009-10-23,508.9082798441
2009-10-26,497.5956264949
2009-10-27,492.0713120871
2009-10-28,468.4303455851
2009-10-29,483.994657424
2009-10-30,466.706387185
2009-11-02,461.6729624395
2009-11-03,469.1126887596
2009-11-04,465.158046792
2009-11-05,481.0577702359
2009-11-06,482.0048978443
2009-11-09,489.5046325189
2009-11-10,484.035875359
2009-11-11,486.7382476511
2009-11-12,475.8120267088
2009-11-13,484.6101783936
2009-11-16,498.3852452488
2009-11-17,495.9133162322
2009-11-18,494.8990620192
2009-11-19,485.5050645049
2009-11-20,483.5142604067
2009-11-23,490.3723367427
2009-11-24,489.0248961962
2009-11-25,493.0356622947
2009-11-27,485.1553662662
2009-11-30,487.0656185094
2009-12-01,502.1194159768
2009-12-02,506.0888295336
2009-12-03,501.7311144188
2009-12-04,508.0534554356
2009-12-07,514.8498794676
2009-12-08,509.4325651945
2009-12-09,510.4934999793
2009-12-10,508.5952516467
2009-12-11,509.4751608481
2009-12-14,519.0445261612
2009-12-15,520.0258784045
2009-12-16,525.819329512
2009-12-17,519.4318312034
2009-12-18,524.0445388891
2009-12-21,533.8944028503
2009-12-22,537.658325289
2009-12-23,539.6243375819
2009-12-24,542.3282069166
2009-12-28,543.8676791258
2009-12-29,544.3598329835
2009-12-30,543.5123322242
2009-12-31,538.9482948667
2010-01-04,554.3715829135
2010-01-05,559.949626817
2010-01-06,563.896160466
2010-01-07,566.2469561551
2010-01-08,575.6029799803
2010-01-11,576.8762092823
2010-01-12,567.8620713178
2010-01-13,570.9348566318
2010-01-14,565.1899286613
2010-01-15,554.422863382
2010-01-19,559.3420296365
2010-01-20,551.6089526248
2010-01-21,539.463917459
2010-01-22,521.8049090582
2010-01-25,526.2128378164
2010-01-26,521.6278311197
2010-01-27,518.9706508628
2010-01-28,512.1891245673
2010-01-29,502.1234171225
2010-02-01,513.7130756387
2010-02-02,519.284974922
2010-02-03,515.7832511591
2010-02-04,491.6638469242
2010-02-05,492.6679159491
2010-02-08,486.9559967015
2010-02-09,493.003918452
2010-02-10,490.8009247235
2010-02-11,502.4225731696
2010-02-12,506.3926890612
2010-02-16,518.4420832723
2010-02-17,520.922768346
2010-02-18,522.3789816904
2010-02-19,518.847983217
2010-02-22,518.8977926234
2010-02-23,509.364678811
2010-02-24,509.2411164141
2010-02-25,508.4033832046
2010-02-26,508.4235159786
2010-03-01,516.7924192805
2010-03-02,522.1600457074
2010-03-03,525.3687313546
2010-03-04,524.5790451489
2010-03-05,532.4375523665
2010-03-08,533.3536586155
2010-03-09,534.0417840389
2010-03-10,538.5406762457
2010-03-11,543.2089054815
2010-03-12,543.9002503889
2010-03-15,538.8565495287
2010-03-16,542.5191157344
2010-03-17,545.0088537375
2010-03-18,540.1737971184
2010-03-19,530.9836695455
2010-03-22,534.6532812252
2010-03-23,543.231129992
2010-03-24,540.2455948793
2010-03-25,536.4408922629
2010-03-26,538.3130959214
2010-03-29,542.1322061442
2010-03-30,542.7713085622
2010-03-31,541.5420746228
2010-04-01,548.4857228796
2010-04-05,559.032703649
2010-04-06,557.8448198088
2010-04-07,559.5124687822
2010-04-08,558.6026147836
2010-04-09,559.7558650199
2010-04-12,560.0976935969
2010-04-13,560.208275981
2010-04-14,571.890051604
2010-04-15,576.5566389679
2010-04-16,566.9474376227
2010-04-19,562.5277615109
2010-04-20,572.6003617824
2010-04-21,571.1054398337
2010-04-22,577.9040870432
2010-04-23,584.3506338333
2010-04-26,580.7934442864
2010-04-27,565.7223056256
2010-04-28,569.0930053352
2010-04-29,577.0382441293
2010-04-30,566.5130843292
2010-05-03,578.5653190147
2010-05-04,558.0989402685
2010-05-05,547.6828521021
2010-05-06,522.7339602131
2010-05-07,506.5141567335
2010-05-10,534.0316331284
2010-05-11,533.8628462894
2010-05-12,549.654361456
2010-05-13,548.4911110015
2010-05-14,532.1515650281
2010-05-17,527.2718448532
2010-05-18,515.2541120038
2010-05-19,506.1463780421
2010-05-20,481.4199722462
2010-05-21,490.5366626999
2010-05-24,482.2158465566
2010-05-25,478.3501908536
2010-05-26,482.1585850346
2010-05-27,505.1723382125
2010-05-28,501.0102464548
2010-06-01,485.0636678247
2010-06-02,500.3253629874
2010-06-03,508.4477747646
2010-06-04,485.7278480307
2010-06-07,471.6334496949
2010-06-08,469.1654458547
2010-06-09,467.8131319593
2010-06-10,486.5905940042
2010-06-11,493.6306498777
2010-06-14,496.1155413527
2010-06-15,515.073502285
2010-06-16,515.3253575178
2010-06-17,515.0580491852
2010-06-18,517.2630913431
2010-06-21,513.3993650431
2010-06-22,502.9065715064
2010-06-23,501.2428337078
2010-06-24,489.0177467535
2010-06-25,494.021745889
2010-06-28,493.8696361982
2010-06-29,472.4803345179
2010-06-30,469.8010703347
2010-07-01,468.3606424476
2010-07-02,466.3591387438
2010-07-06,464.2895039951
2010-07-07,478.9581821765
2010-07-08,486.8420189246
2010-07-09,493.8057776607
2010-07-12,488.1041128511
2010-07-13,499.3034694563
2010-07-14,500.8393117994
2010-07-15,500.6402471548
2010-07-16,484.9339033912
2010-07-19,489.1528357217
2010-07-20,496.1696256832
2010-07-21,492.6091801269
2010-07-22,509.6571747418
2010-07-23,516.8905474428
2010-07-26,525.8614666149
2010-07-27,521.7970359067
2010-07-28,516.7896910606
2010-07-29,514.757258238
2010-07-30,513.9650814093
2010-08-02,521.288358923
2010-08-03,519.6961497822
2010-08-04,525.900561651
2010-08-05,527.6686825157
2010-08-06,525.3930522762
2010-08-09,533.3933534564
2010-08-10,524.2395512642
2010-08-11,501.2091992123
2010-08-12,497.3428639816
2010-08-13,493.0630245275
2010-08-16,495.8449449836
2010-08-17,507.3418057035
2010-08-18,509.0042814953
2010-08-19,497.9273227372
2010-08-20,494.5096313536
2010-08-23,491.164631673
2010-08-24,480.9508081961
2010-08-25,484.6734464236
2010-08-26,479.6493974263
2010-08-27,493.4924191075
2010-08-30,485.3667312962
2010-08-31,485.6103926273
2010-09-01,501.3883780074
2010-09-02,508.4318295465
2010-09-03,515.8178415121
2010-09-07,508.4774225755
2010-09-08,512.0117694614
2010-09-09,511.3137713111
2010-09-10,511.7935896881
2010-09-13,521.2989181508
2010-09-14,520.7860105813
2010-09-15,518.7521740898
2010-09-16,515.5444197024
2010-09-17,515.2118666402
2010-09-20,527.5537015252
2010-09-21,526.9046569542
2010-09-22,521.1068851667
2010-09-23,519.8063579318
2010-09-24,534.1429392516
2010-09-27,535.0420054421
2010-09-28,540.7395878763
2010-09-29,544.0042009923
2010-09-30,546.4475535376
2010-10-01,551.6328145917
2010-10-04,540.317247729
2010-10-05,552.1552808122
2010-10-06,553.5323560825
2010-10-07,555.1025604867
2010-10-08,557.9929146832
2010-10-11,562.6931171111
2010-10-12,569.1130512983
2010-10-13,579.7730870895
2010-10-14,581.104597324
2010-10-15,578.9192241319
2010-10-18,582.2051738741
2010-10-19,565.0065907823
2010-10-20,574.7102037016
2010-10-21,569.8162107438
2010-10-22,573.3139256703
2010-10-25,577.0862643382
2010-10-26,577.0521008313
2010-10-27,576.0852395341
2010-10-28,572.7571152022
2010-10-29,574.3501910639
2010-11-01,569.9983270879
2010-11-02,580.028475303
2010-11-03,582.6991353875
2010-11-04,595.2948112921
2010-11-05,596.2701974353
2010-11-08,601.8664036619
2010-11-09,592.0627788216
2010-11-10,595.7023585266
2010-11-11,591.9319305029
2010-11-12,578.3202424879
2010-11-15,578.6806380725
2010-11-16,562.4421190042
2010-11-17,558.0650331257
2010-11-18,567.9500103171
2010-11-19,572.0799047643
2010-11-22,572.2430863237
2010-11-23,564.6665331544
2010-11-24,577.7604940287
2010-11-26,573.985313479
2010-11-29,573.4971262848
2010-11-30,566.9199913529
2010-12-01,576.1355050747
2010-12-02,585.0656520128
2010-12-03,588.8649694223
2010-12-06,596.2055393068
2010-12-07,593.1369833905
2010-12-08,593.5459906062
2010-12-09,598.1249622266
2010-12-10,607.5605154521
2010-12-13,605.1647658766
2010-12-14,600.792321422
2010-12-15,597.2882399798
2010-12-16,599.3480982569
2010-12-17,602.821783243
2010-12-20,606.0398365342
2010-12-21,611.1296219815
2010-12-22,611.7197440227
2010-12-23,611.7847662224
2010-12-27,613.4184789539
2010-12-28,610.9042615544
2010-12-29,614.2061452063
2010-12-30,612.6483106976
2010-12-31,612.0949586564
2011-01-03,622.0337560401
2011-01-04,622.4440376247
2011-01-05,629.5131391661
2011-01-06,629.5609821647
2011-01-07,629.638612574
2011-01-10,634.2171131094
2011-01-11,641.3616015508
2011-01-12,649.4068273066
2011-01-13,648.7756993982
2011-01-14,652.1030743545
2011-01-18,660.3942388934
2011-01-19,644.7301002932
2011-01-20,636.8090316433
2011-01-21,633.8048663143
2011-01-24,641.9728680777
2011-01-25,637.2834592682
2011-01-26,644.577618318
2011-01-27,647.1942669144
2011-01-28,629.6250697658
2011-01-31,634.4789420464
2011-02-01,649.5605624599
2011-02-02,658.091441911
2011-02-03,656.4776710643
2011-02-04,656.4856144441
2011-02-07,662.075439838
2011-02-08,665.7547975061
2011-02-09,658.5437135633
2011-02-10,658.4665774162
2011-02-11,665.4162644009
2011-02-14,668.5928936416
2011-02-15,662.438632716
2011-02-16,668.5439041094
2011-02-17,674.6616908115
2011-02-18,672.4933429123
2011-02-22,654.0916621101
2011-02-23,643.8143065224
2011-02-24,650.1593409051
2011-02-25,659.6780722686
2011-02-28,659.0844920261
2011-03-01,647.1221373638
2011-03-02,650.419021522
2011-03-03,658.5394745173
2011-03-04,656.4515919061
2011-03-07,647.0468878905
2011-03-08,651.5635821917
2011-03-09,649.2234986883
2011-03-10,629.2903327361
2011-03-11,627.8889674786
2011-03-14,626.4652865083
2011-03-15,627.7480907676
2011-03-16,621.1991568962
2011-03-17,624.5180380666
2011-03-18,629.0587354801
2011-03-21,643.66434978
2011-03-22,643.407555897
2011-03-23,645.2312265416
2011-03-24,650.3145842334
2011-03-25,653.6608989501
2011-03-28,654.5633565219
2011-03-29,665.6774648944
2011-03-30,673.688533652
2011-03-31,675.3778445009
2011-04-01,673.1016387453
2011-04-04,669.6204160335
2011-04-05,669.4112207228
2011-04-06,665.4232741991
2011-04-07,659.9039135981
2011-04-08,651.2814597268
2011-04-11,640.9653087897
2011-04-12,627.5909032613
2011-04-13,630.5393024177
2011-04-14,633.7582607918
2011-04-15,636.287562252
2011-04-18,622.0138394905
2011-04-19,621.1819981149
2011-04-20,633.764901004
2011-04-21,639.6803700603
2011-04-25,638.5898271013
2011-04-26,646.2691308277
2011-04-27,647.4229901389
2011-04-28,646.5022743017
2011-04-29,653.9643356967
2011-05-02,645.1517319101
2011-05-03,634.4028118087
2011-05-04,624.1819249519
2011-05-05,618.1744928188
2011-05-06,623.7128895816
2011-05-09,630.5626092564
2011-05-10,636.8072134721
2011-05-11,623.4232968058
2011-05-12,629.5031119379
2011-05-13,619.9900792917
2011-05-16,609.299685399
2011-05-17,604.0781338754
2011-05-18,614.7096841333
2011-05-19,613.4123864317
2011-05-20,609.7488145074
2011-05-23,595.8414365367
2011-05-24,591.881000298
2011-05-25,599.6097391926
2011-05-26,602.6497255531
2011-05-27,608.7791483307
2011-05-31,620.7598646229
2011-06-01,600.9816411473
2011-06-02,601.228801398
2011-06-03,593.3936181404
2011-06-06,585.4479958832
2011-06-07,586.0562466688
2011-06-08,573.2439614258
2011-06-09,576.0376658718
2011-06-10,569.4521111093
2011-06-13,566.2084128567
2011-06-14,577.1909810103
2011-06-15,564.5755478067
2011-06-16,561.9330969519
2011-06-17,561.6839732976
2011-06-20,561.8819994759
2011-06-21,572.578669253
2011-06-22,574.9476097458
2011-06-23,575.2005825545
2011-06-24,572.5682062511
2011-06-27,575.7883875007
2011-06-28,583.1437154737
2011-06-29,582.5712948964
2011-06-30,591.2421435527
2011-07-01,599.468095496
2011-07-05,594.789380692
2011-07-06,593.6816689194
2011-07-07,600.836523944
2011-07-08,597.2061270277
2011-07-11,583.2885045913
2011-07-12,575.2384476048
2011-07-13,580.1819516216
2011-07-14,571.4846652082
2011-07-15,576.2662075094
2011-07-18,567.2826526458
2011-07-19,578.7677143895
2011-07-20,578.2293063472
2011-07-21,584.4833638072
2011-07-22,588.0695939298
2011-07-25,580.6278736045
2011-07-26,576.1941908007
2011-07-27,556.8675432756
2011-07-28,557.3574344661
2011-07-29,555.8212090081
2011-08-01,557.6278958432
2011-08-02,539.2230260769
2011-08-03,541.4270904899
2011-08-04,500.6810521705
2011-08-05,491.4270291215
2011-08-08,446.0181852383
2011-08-09,474.4442975182
2011-08-10,455.6751855553
2011-08-11,481.412546129
2011-08-12,483.5947580532
2011-08-15,500.8329767987
2011-08-16,488.7164615188
2011-08-17,484.4013131311
2011-08-18,456.2929198179
2011-08-19,445.9285314498
2011-08-22,442.0179211043
2011-08-23,465.8221697734
2011-08-24,471.7453248187
2011-08-25,462.5987846345
2011-08-26,474.4258231695
2011-08-29,495.6254792127
2011-08-30,496.6039013517
2011-08-31,496.9068009285
2011-09-01,484.7008758877
2011-09-02,467.4268356097
2011-09-06,461.6569526394
2011-09-07,479.7042904485
2011-09-08,469.6154765864
2011-09-09,454.7337841298
2011-09-12,456.999831303
2011-09-13,466.4949200884
2011-09-14,473.3740333607
2011-09-15,475.3431389722
2011-09-16,472.741496418
2011-09-19,460.2040733525
2011-09-20,449.8627342448
2011-09-21,435.6639319332
2011-09-22,416.5403941961
2011-09-23,424.9432514886
2011-09-26,427.7281017043
2011-09-27,434.4816742741
2011-09-28,416.6935474477
2011-09-29,414.7190480733
2011-09-30,403.7365243485
2011-10-03,376.4690488852
2011-10-04,396.7388899564
2011-10-05,408.9847935305
2011-10-06,420.990995586
2011-10-07,410.2743708476
2011-10-10,424.4792914866
2011-10-11,424.649203161
2011-10-12,433.3894007495
2011-10-13,437.045432909
2011-10-14,448.009278148
2011-10-17,433.9257785914
2011-10-18,445.154475964
2011-10-19,433.5626727741
2011-10-20,434.7740249002
2011-10-21,442.3816094419
2011-10-24,457.6951681645
2011-10-25,440.7157320926
2011-10-26,448.0991481275
2011-10-27,472.8265417153
2011-10-28,475.2560349389
2011-10-31,456.4812673183
2011-11-01,438.7238361601
2011-11-02,450.1753416779
2011-11-03,458.7953944225
2011-11-04,460.6124652814
2011-11-07,456.775173445
2011-11-08,463.5187487326
2011-11-09,440.6319014966
2011-11-10,441.8893515248
2011-11-11,449.9474182988
2011-11-14,443.1635048297
2011-11-15,445.7651548596
2011-11-16,443.1099874784
2011-11-17,433.0310799302
2011-11-18,430.0940258017
2011-11-21,418.1755691813
2011-11-22,416.8223747427
2011-11-23,405.8174705448
2011-11-25,400.247706925
2011-11-28,417.6171262217
2011-11-29,412.43614009
2011-11-30,436.3061310153
2011-12-01,435.7918888727
2011-12-02,436.6632072531
2011-12-05,441.8789128543
2011-12-06,439.5504634732
2011-12-07,439.4757068402
2011-12-08,422.7475993407
2011-12-09,432.990296898
2011-12-12,424.6032618141
2011-12-13,413.2142849463
2011-12-14,402.0778679071
2011-12-15,402.1047267087
2011-12-16,400.4157387212
2011-12-19,390.5162453571
2011-12-20,409.268568268
2011-12-21,407.9598627727
2011-12-22,417.8286633604
2011-12-23,421.1314261721
2011-12-27,418.4459628741
2011-12-28,412.8963500302
2011-12-29,417.2141841298
2011-12-30,417.0595670564
2012-01-03,426.2503432265
2012-01-04,427.5368853452
2012-01-05,431.0948183608
2012-01-06,428.506366256
2012-01-09,432.5848221889
2012-01-10,438.0805846854
2012-01-11,450.662492925
2012-01-12,458.7228965743
2012-01-13,453.7608565061
2012-01-17,456.6218391709
2012-01-18,468.8398551101
2012-01-19,464.3537944316
2012-01-20,465.3534996261
2012-01-23,466.2307152643
2012-01-24,467.4110757622
2012-01-25,472.8677931229
2012-01-26,473.1418306013
2012-01-27,479.4031177202
2012-01-30,475.5549596328
2012-01-31,470.991417111
2012-02-01,479.4020479049
2012-02-02,483.7745845274
2012-02-03,495.8451214523
2012-02-06,495.3950013829
2012-02-07,499.3586456921
2012-02-08,505.7920955518
2012-02-09,512.9586864131
2012-02-10,500.4663010825
2012-02-13,505.5972459543
2012-02-14,495.1975445086
2012-02-15,491.2353285169
2012-02-16,500.3291942254
2012-02-17,503.2716675412
2012-02-21,501.5439621773
2012-02-22,498.0306242531
2012-02-23,495.4839669678
2012-02-24,492.5148183894
2012-02-27,492.2315557316
2012-02-28,488.9267611574
2012-02-29,478.4010980751
2012-03-01,478.5303347351
2012-03-02,472.2832327605
2012-03-05,464.5851652136
2012-03-06,456.3902741264
2012-03-07,460.3475655522
2012-03-08,466.6924772158
2012-03-09,475.2891280758
2012-03-12,475.6488397683
2012-03-13,485.3319844072
2012-03-14,479.0211469485
2012-03-15,484.9559200021
2012-03-16,487.3901434882
2012-03-19,488.9036987792
2012-03-20,486.5654451665
2012-03-21,483.8231001345
2012-03-22,476.7919972972
2012-03-23,480.1327533306
2012-03-26,485.2184349738
2012-03-27,481.015396274
2012-03-28,473.7027108891
2012-03-29,471.617692396
2012-03-30,471.1843218137
2012-04-02,471.0557341988
2012-04-03,465.5098684674
2012-04-04,455.4530662144
2012-04-05,454.4130731145
2012-04-09,445.0819244565
2012-04-10,436.9205369219
2012-04-11,447.7625798378
2012-04-12,455.1013784317
2012-04-13,447.5639928154
2012-04-16,445.276553356
2012-04-17,452.2112206231
2012-04-18,445.0714668988
2012-04-19,444.4747223752
2012-04-20,444.68218593
2012-04-23,437.5403212135
2012-04-24,439.3740330979
2012-04-25,445.8399826802
2012-04-26,448.8962357351
2012-04-27,450.6912478415
2012-04-30,448.7685451657
2012-05-01,455.6827255068
2012-05-02,452.5582315
2012-05-03,445.4763571339
2012-05-04,437.3026871271
2012-05-07,435.4106872557
2012-05-08,432.3097703231
2012-05-09,429.6114540315
2012-05-10,429.0536259842
2012-05-11,426.2390085832
2012-05-14,418.8896333707
2012-05-15,412.5955853184
2012-05-16,405.5906336469
2012-05-17,395.2334895182
2012-05-18,386.9444418004
2012-05-21,397.5446625865
2012-05-22,394.9050975347
2012-05-23,398.5625274446
2012-05-24,396.679376457
2012-05-25,397.4288210179
2012-05-29,403.0388750665
2012-05-30,395.1527782813
2012-05-31,397.3218437201
2012-06-01,385.6830347577
2012-06-04,381.9101021564
2012-06-05,389.1641663012
2012-06-06,402.6902243549
2012-06-07,397.9711616837
2012-06-08,399.5723263016
2012-06-11,390.707859634
2012-06-12,398.1879053838
2012-06-13,393.1205962826
2012-06-14,396.9022049592
2012-06-15,404.6838756226
2012-06-18,408.819950249
2012-06-19,415.7775516702
2012-06-20,417.6037033892
2012-06-21,405.4326276268
2012-06-22,411.7143331736
2012-06-25,404.4328470598
2012-06-26,401.6386940453
2012-06-27,406.0344317847
2012-06-28,401.5952945348
2012-06-29,416.2427011576
2012-07-02,419.1244192648
2012-07-03,425.8790540142
2012-07-05,424.7033579881
2012-07-06,418.4810582674
2012-07-09,414.1101226264
2012-07-10,406.3412333994
2012-07-11,410.6536057246
2012-07-12,407.3576430096
2012-07-13,414.2644858649
2012-07-16,411.4472834186
2012-07-17,411.686565318
2012-07-18,414.8118743686
2012-07-19,413.7254692934
2012-07-20,408.5513199009
2012-07-23,399.7616179475
2012-07-24,392.2820934665
2012-07-25,392.2219898087
2012-07-26,395.6391062283
2012-07-27,403.729186422
2012-07-30,401.5723284458
2012-07-31,399.365036709
2012-08-01,393.7675025682
2012-08-02,394.4397394165
2012-08-03,401.784079921
2012-08-06,408.1329514167
2012-08-07,413.8547273732
2012-08-08,411.1430142963
2012-08-09,415.535893952
2012-08-10,413.7726376947
2012-08-13,411.0805406012
2012-08-14,410.2289619799
2012-08-15,412.8730517314
2012-08-16,417.5440084276
2012-08-17,418.6899611738
2012-08-20,419.8397514256
2012-08-21,419.3960873637
2012-08-22,417.4725852953
2012-08-23,412.0513376936
2012-08-24,413.0377473909
2012-08-27,412.7289063456
2012-08-28,412.4386468178
2012-08-29,409.6437722065
2012-08-30,403.2295637128
2012-08-31,404.6425669597
2012-09-04,405.248460045
2012-09-05,403.9842625511
2012-09-06,410.0715315963
2012-09-07,414.2839440823
2012-09-10,413.2437631455
2012-09-11,417.7478213472
2012-09-12,420.1524806564
2012-09-13,432.6431872835
2012-09-14,440.9393799856
2012-09-17,439.8681245524
2012-09-18,436.4607504343
2012-09-19,436.8915137134
2012-09-20,434.3466542429
2012-09-21,434.5682010934
2012-09-24,431.4193600189
2012-09-25,423.2716635914
2012-09-26,421.0250645825
2012-09-27,425.5645276939
2012-09-28,422.2275125602
2012-10-01,421.7537992581
2012-10-02,422.88659753
2012-10-03,420.5932119592
2012-10-04,424.8551412281
2012-10-05,421.4862589285
2012-10-08,418.9280902286
2012-10-09,414.5447650607
2012-10-10,410.2215063923
2012-10-11,415.2150980849
2012-10-12,408.8264229083
2012-10-15,411.2757963651
2012-10-16,413.6809055951
2012-10-17,415.5246113965
2012-10-18,414.4917450695
2012-10-19,408.5755832362
2012-10-22,408.0858142465
2012-10-23,404.0415363043
2012-10-24,404.5464234969
2012-10-25,406.9458163293
2012-10-26,405.2998088502
2012-10-31,405.3463711918
2012-11-01,411.5940502054
2012-11-02,406.0837088282
2012-11-05,409.0162753867
2012-11-06,413.9837653718
2012-11-07,401.1678356738
2012-11-08,394.0340359808
2012-11-09,393.616702003
2012-11-12,391.0204154079
2012-11-13,386.8820614381
2012-11-14,378.0917620935
2012-11-15,371.5230976874
2012-11-16,370.8277879004
2012-11-19,379.3760640844
2012-11-20,379.5458627952
2012-11-21,383.7622112927
2012-11-23,388.4575181546
2012-11-26,390.2925011151
2012-11-27,391.2667074951
2012-11-28,394.6895056004
2012-11-29,398.6545624913
2012-11-30,398.1977785125
2012-12-03,398.1359714081
2012-12-04,398.520018303
2012-12-05,400.5268446425
2012-12-06,402.2224548528
2012-12-07,403.2380790202
2012-12-10,405.926439147
2012-12-11,414.2836810098
2012-12-12,418.2274111357
2012-12-13,415.3703764804
2012-12-14,417.9339465766
2012-12-17,422.947163943
2012-12-18,426.4078835606
2012-12-19,428.1178644552
2012-12-20,429.0328445482
2012-12-21,423.5101555529
2012-12-24,419.9864142226
2012-12-26,421.1341046289
2012-12-27,419.1627726424
2012-12-28,413.3900403866
2012-12-31,422.7307155493
2013-01-02,439.5522763309
2013-01-03,447.4971871101
2013-01-04,452.6578727039
2013-01-07,448.4547598073
2013-01-08,448.3663176224
2013-01-09,453.8240945555
2013-01-10,455.1578277036
2013-01-11,455.7255705496
2013-01-14,453.9089607894
2013-01-15,454.9520365911
2013-01-16,450.4558926085
2013-01-17,453.7912135796
2013-01-18,456.8418843688
2013-01-22,463.4707128306
2013-01-23,462.8454159884
2013-01-24,463.0061159169
2013-01-25,465.3643877025
2013-01-28,465.480882742
2013-01-29,467.631912865
2013-01-30,464.5458084162
2013-01-31,467.8930646692
2013-02-01,473.0884233024
2013-02-04,467.3119736306
2013-02-05,474.5916588969
2013-02-06,479.9142116601
2013-02-07,480.4251615399
2013-02-08,483.024017752
2013-02-11,486.968733717
2013-02-12,493.2042747082
2013-02-13,495.1328285975
2013-02-14,498.756427753
2013-02-15,494.477788181
2013-02-19,502.8457559322
2013-02-20,491.4648711697
2013-02-21,483.4063783922
2013-02-22,489.2961608103
2013-02-25,474.6310929756
2013-02-26,474.8253266375
2013-02-27,477.060924786
2013-02-28,479.9702551699
2013-03-01,478.1966579957
2013-03-04,477.210333251
2013-03-05,481.5459433153
2013-03-06,488.6972117485
2013-03-07,492.1528874722
2013-03-08,497.2158118715
2013-03-11,497.7720242289
2013-03-12,499.1575649926
2013-03-13,498.2539745944
2013-03-14,503.0837861938
2013-03-15,499.4650622607
2013-03-18,496.038941609
2013-03-19,493.8965002131
2013-03-20,498.5991451733
2013-03-21,492.7113400903
2013-03-22,490.7039325429
2013-03-25,487.9041369529
2013-03-26,488.6796810705
2013-03-27,488.6659003035
2013-03-28,490.3368205873
2013-04-01,481.8091483662
2013-04-02,479.3841072833
2013-04-03,471.5127665977
2013-04-04,474.2104603142
2013-04-05,474.4140703524
2013-04-08,478.8772963473
2013-04-09,489.8119841716
2013-04-10,496.9655050107
2013-04-11,499.1060644033
2013-04-12,494.7129937653
2013-04-15,471.9281220297
2013-04-16,479.1800649798
2013-04-17,468.4909184577
2013-04-18,466.7558212077
2013-04-19,471.7754901161
2013-04-22,475.5695407827
2013-04-23,485.5575567608
2013-04-24,495.1732553892
2013-04-25,499.9185307031
2013-04-26,500.9266050721
2013-04-29,507.799382613
2013-04-30,508.6079530934
2013-05-01,496.5837906352
2013-05-02,508.0144234405
2013-05-03,513.4460597556
2013-05-06,517.1638215254
2013-05-07,514.9640378009
2013-05-08,516.9505739903
2013-05-09,519.4193576321
2013-05-10,526.2290044167
2013-05-13,530.4115363227
2013-05-14,534.3198777593
2013-05-15,538.7788904684
2013-05-16,537.4175757872
2013-05-17,551.2575766302
2013-05-20,572.8095094399
2013-05-21,579.9530255388
2013-05-22,560.6653300625
2013-05-23,563.7907589449
2013-05-24,567.6607810297
2013-05-28,579.2559147721
2013-05-29,574.8165540345
2013-05-30,578.0121623986
2013-05-31,568.7965276877
2013-06-03,570.2784137364
2013-06-04,566.260317803
2013-06-05,556.1691076303
2013-06-06,561.0727294074
2013-06-07,567.6553485666
2013-06-10,578.3634496551
2013-06-11,569.2719067034
2013-06-12,562.9299051893
2013-06-13,569.1404907277
2013-06-14,565.0462309726
2013-06-17,568.1681623659
2013-06-18,574.7827077615
2013-06-19,570.4397792927
2013-06-20,551.2459304351
2013-06-21,555.9719192877
2013-06-24,544.6679400338
2013-06-25,554.8831176406
2013-06-26,562.090678011
2013-06-27,572.9835727149
2013-06-28,574.4617109284
2013-07-01,583.5688683719
2013-07-02,580.4249635145
2013-07-03,578.6243892754
2013-07-05,587.448450674
2013-07-08,589.2436886747
2013-07-09,590.498389361
2013-07-10,594.561653538
2013-07-11,602.552913488
2013-07-12,604.1510025175
2013-07-15,614.8558626022
2013-07-16,613.2846776388
2013-07-17,618.2096369991
2013-07-18,620.0074000203
2013-07-19,619.8797489287
2013-07-22,631.3947948258
2013-07-23,633.0966573029
2013-07-24,625.4184850375
2013-07-25,630.2424231197
2013-07-26,630.405150768
2013-07-29,633.1819988394
2013-07-30,635.0827677003
2013-07-31,636.1224030177
2013-08-01,638.3548915755
2013-08-02,637.9274910162
2013-08-05,644.9547882372
2013-08-06,639.2860689292
2013-08-07,627.3067898576
2013-08-08,633.3685511578
2013-08-09,630.8371849304
2013-08-12,634.5242982607
2013-08-13,630.5995523393
2013-08-14,623.6598331473
2013-08-15,609.6928854931
2013-08-16,609.5133192931
2013-08-19,597.296769413
2013-08-20,607.2412225788
2013-08-21,605.5383698416
2013-08-22,616.7095450888
2013-08-23,620.8678480796
2013-08-26,623.3859553919
2013-08-27,606.3915977156
2013-08-28,609.1976864161
2013-08-29,612.3025577644
2013-08-30,604.4450613231
2013-09-03,608.2697451127
2013-09-04,617.0625907246
2013-09-05,622.4341064461
2013-09-06,619.8070021119
2013-09-09,631.5818495366
2013-09-10,636.328124483
2013-09-11,636.2475293899
2013-09-12,632.4643432998
2013-09-13,635.6711354817
2013-09-16,637.5855392008
2013-09-17,640.945133169
2013-09-18,647.5868953206
2013-09-19,649.1206826051
2013-09-20,655.6826435856
2013-09-23,650.9366474449
2013-09-24,657.3776904371
2013-09-25,661.7550229343
2013-09-26,669.1768328294
2013-09-27,666.9533267795
2013-09-30,671.5411319761
2013-10-01,681.8881614505
2013-10-02,682.2863996157
2013-10-03,678.4597756702
2013-10-04,684.3633830956
2013-10-07,679.2651143921
2013-10-08,666.3687207455
2013-10-09,661.7765921721
2013-10-10,678.0476381179
2013-10-11,689.5207846314
2013-10-14,693.7821849799
2013-10-15,687.2458317776
2013-10-16,695.5376678459
2013-10-17,703.4375368939
2013-10-18,712.3559810723
2013-10-21,713.0014299439
2013-10-22,714.1717918451
2013-10-23,705.7222454759
2013-10-24,717.300459287
2013-10-25,709.2309331286
2013-10-28,701.5597127006
2013-10-29,709.6533553864
2013-10-30,697.0965701545
2013-10-31,695.2208855119
2013-11-01,696.4952361015
2013-11-04,710.0429577984
2013-11-05,709.021981562
2013-11-06,704.1935091108
2013-11-07,686.1282046697
2013-11-08,701.4502602674
2013-11-11,711.5893353165
2013-11-12,703.6590444067
2013-11-13,717.6045707079
2013-11-14,716.316553315
2013-11-15,717.153613261
2013-11-18,707.5367267379
2013-11-19,695.6873588488
2013-11-20,695.0869110893
2013-11-21,706.1509891096
2013-11-22,707.6067519978
2013-11-25,704.2399917633
2013-11-26,707.7072848268
2013-11-27,716.5522050232
2013-11-29,719.4487240016
2013-12-02,714.5313141321
2013-12-03,710.8511316024
2013-12-04,718.1327625368
2013-12-05,720.2087517859
2013-12-06,725.6273919174
2013-12-09,715.9704969609
2013-12-10,714.5390186271
2013-12-11,698.649797964
2013-12-12,699.7490804541
2013-12-13,704.2160417187
2013-12-16,708.9569920671
2013-12-17,713.5653761428
2013-12-18,718.449571946
2013-12-19,720.5415700058
2013-12-20,729.4143133507
2013-12-23,735.0918274591
2013-12-24,738.7769954687
2013-12-26,742.3435266692
2013-12-27,748.9002016341
2013-12-30,754.9380021394
2013-12-31,756.1748461334
2014-01-02,764.7889805957
2014-01-03,771.0270583948
2014-01-06,769.4471231018
2014-01-07,784.9825979198
2014-01-08,786.6804367809
2014-01-09,781.7140081708
2014-01-10,785.4427419336
2014-01-13,769.1400560945
2014-01-14,788.3598899038
2014-01-15,798.270113431
2014-01-16,807.5015423571
2014-01-17,799.5393224635
2014-01-21,806.5697147411
2014-01-22,813.1171374787
2014-01-23,800.324277982
2014-01-24,773.785635769
2014-01-27,761.3032175326
2014-01-28,774.8224048974
2014-01-29,768.3768301739
2014-01-30,778.3277534012
2014-01-31,778.6619313798
2014-02-03,751.3797077001
2014-02-04,758.1869477242
2014-02-05,747.2170382143
2014-02-06,755.4775340789
2014-02-07,766.2492954897
2014-02-10,773.5958167357
2014-02-11,782.8743963645
2014-02-12,786.1476123001
2014-02-13,800.0018856184
2014-02-14,799.0834034535
2014-02-18,812.4662371813
2014-02-19,802.6762377391
2014-02-20,811.7109144877
2014-02-21,807.5807420119
2014-02-24,817.6723020559
2014-02-25,818.0602183881
2014-02-26,824.9171299308
2014-02-27,842.6450876514
2014-02-28,840.2833820803
2014-03-03,838.7189307156
2014-03-04,872.8638155598
2014-03-05,878.6619995492
2014-03-06,885.518669128
2014-03-07,888.0544170112
2014-03-10,893.4355930526
2014-03-11,873.2230880006
2014-03-12,873.4464368106
2014-03-13,865.6104779702
2014-03-14,863.0445669216
2014-03-17,867.2694644612
2014-03-18,881.2493708832
2014-03-19,877.2003237444
2014-03-20,877.2256748338
2014-03-21,875.2087834403
2014-03-24,861.6242404606
2014-03-25,868.1828506824
2014-03-26,837.5965064012
2014-03-27,835.9202030705
2014-03-28,841.9256158107
2014-03-31,857.7190634562
2014-04-01,876.973712834
2014-04-02,885.0149023841
2014-04-03,870.1739434056
2014-04-04,848.0018843523
2014-04-07,824.9130109055
2014-04-08,837.169644561
2014-04-09,849.152491607
2014-04-10,826.6075909471
2014-04-11,812.7183643084
2014-04-14,813.3423569527
2014-04-15,811.8783532356
2014-04-16,827.0705894118
2014-04-17,832.2213241846
2014-04-21,840.9072245532
2014-04-22,854.9865471638
2014-04-23,847.2073402322
2014-04-24,848.7475370828
2014-04-25,829.3939386917
2014-04-28,815.6525271428
2014-04-29,816.6808704464
2014-04-30,820.190839222
2014-05-01,820.4838807779
2014-05-02,819.8289831798
2014-05-05,817.1908302441
2014-05-06,797.3857767082
2014-05-07,789.9844726281
2014-05-08,769.6858459355
2014-05-09,773.990923851
2014-05-12,790.716319962
2014-05-13,786.7693073962
2014-05-14,771.0673650019
2014-05-15,757.1546169388
2014-05-16,759.8584393962
2014-05-19,766.6537423284
2014-05-20,755.7845029933
2014-05-21,766.3743054358
2014-05-22,771.693397039
2014-05-23,783.8655484985
2014-05-27,793.9440093302
2014-05-28,803.0740723134
2014-05-29,811.6844966366
2014-05-30,803.169907517
2014-06-02,798.5265042242
2014-06-03,790.6317491268
2014-06-04,793.690751988
2014-06-05,805.8268575037
2014-06-06,811.3259439155
2014-06-09,816.0159570579
2014-06-10,810.6209742927
2014-06-11,811.5850832681
2014-06-12,810.2875272861
2014-06-13,815.664825925
2014-06-16,825.2890481924
2014-06-17,841.9946309746
2014-06-18,850.2845115951
2014-06-19,847.9631375209
2014-06-20,851.0055127482
2014-06-23,848.1997735283
2014-06-24,831.6245319332
2014-06-25,840.9107243959
2014-06-26,843.8590280322
2014-06-27,847.4372028791
2014-06-30,854.1320538134
2014-07-01,867.0178159995
2014-07-02,864.4347647892
2014-07-03,863.489231521
2014-07-07,846.2433938647
2014-07-08,832.8151455539
2014-07-09,834.0130198052
2014-07-10,825.523442147
2014-07-11,825.2994480008
2014-07-14,832.2927520328
2014-07-15,824.7274396309
2014-07-16,823.605961403
2014-07-17,807.4384317555
2014-07-18,820.320970148
2014-07-21,823.7079697764
2014-07-22,833.4876610949
2014-07-23,828.6517720197
2014-07-24,824.5861302366
2014-07-25,818.8671069236
2014-07-28,816.7767811749
2014-07-29,814.6645036329
2014-07-30,817.308855243
2014-07-31,795.7786118917
2014-08-01,786.0682801484
2014-08-04,788.9020860904
2014-08-05,787.3006028643
2014-08-06,790.3167395069
2014-08-07,789.9218026629
2014-08-08,795.9112570012
2014-08-11,806.5344879834
2014-08-12,797.843369367
2014-08-13,803.8051789473
2014-08-14,809.2117478104
2014-08-15,809.6887568535
2014-08-18,822.0275429306
2014-08-19,827.6678817927
2014-08-20,827.1978348839
2014-08-21,827.9841890813
2014-08-22,828.4852938063
2014-08-25,829.2924627535
2014-08-26,832.0410746678
2014-08-27,831.457194503
2014-08-28,829.110991086
2014-08-29,839.9453397635
2014-09-02,845.3973555004
2014-09-03,841.1415044055
2014-09-04,840.1507978479
2014-09-05,841.964519171
2014-09-08,846.3421459691
2014-09-09,831.0907868763
2014-09-10,835.436504336
2014-09-11,840.3337828312
2014-09-12,835.7508045639
2014-09-15,818.5289024338
2014-09-16,817.5310541484
2014-09-17,820.3425495751
2014-09-18,817.3757653221
2014-09-19,812.1853186214
2014-09-22,790.6164612174
2014-09-23,788.8582859591
2014-09-24,791.662240927
2014-09-25,773.8385713525
2014-09-26,779.7198207179
2014-09-29,776.3694827758
2014-09-30,768.3184253426
2014-10-01,747.9324754419
2014-10-02,750.9519463088
2014-10-03,753.2237171253
2014-10-06,739.6246763571
2014-10-07,730.1566686137
2014-10-08,739.2810576961
2014-10-09,710.7351648737
2014-10-10,690.0801856262
2014-10-13,667.8163724717
2014-10-14,674.0438053562
2014-10-15,685.9724751217
2014-10-16,706.0901250362
2014-10-17,703.4304546915
2014-10-20,712.4377857159
2014-10-21,731.5375357276
2014-10-22,717.3296469937
2014-10-23,727.8916576379
2014-10-24,726.1455393037
2014-10-27,717.3285536709
2014-10-28,741.733799183
2014-10-29,738.7954320119
2014-10-30,738.5146225912
2014-10-31,754.2086122073
2014-11-03,753.4775212203
2014-11-04,742.6752621806
2014-11-05,744.8271018879
2014-11-06,742.8301752912
2014-11-07,752.8676173738
2014-11-10,751.0886596296
2014-11-11,744.9573009544
2014-11-12,743.5751342946
2014-11-13,729.6984168356
2014-11-14,734.4003904316
2014-11-17,724.8383813864
2014-11-18,738.2185272969
2014-11-19,730.6868999443
2014-11-20,742.0585032268
2014-11-21,745.073576195
2014-11-24,748.5325886919
2014-11-25,743.8102597699
2014-11-26,742.8433288209
2014-11-28,712.2911601397
2014-12-01,690.1686927196
2014-12-02,696.732171037
2014-12-03,702.9191684619
2014-12-04,695.1791140599
2014-12-05,699.1685170303
2014-12-08,671.2766872916
2014-12-09,686.6182162812
2014-12-10,663.205552125
2014-12-11,661.2040177311
2014-12-12,651.6390453697
2014-12-15,643.3111571477
2014-12-16,641.6430223039
2014-12-17,665.279192566
2014-12-18,674.4949100448
2014-12-19,679.0373898388
2014-12-22,684.2677697881
2014-12-23,687.7119466897
2014-12-24,688.0424259092
2014-12-26,692.8218531051
2014-12-29,691.380887851
2014-12-30,685.1337884865
2014-12-31,684.6748261313
2015-01-02,689.3619916107
2015-01-05,665.0287987602
2015-01-06,650.9576094254
2015-01-07,651.0238798394
2015-01-08,663.6693577858
2015-01-09,660.5026896421
2015-01-12,650.0603973371
2015-01-13,651.0537290179
2015-01-14,644.7240057548
2015-01-15,631.6108903809
2015-01-16,639.455637478
2015-01-20,629.5238370296
2015-01-21,633.1507881288
2015-01-22,638.6889338862
2015-01-23,637.9607261198
2015-01-26,651.5820155041
2015-01-27,648.9158612665
2015-01-28,635.3887741967
2015-01-29,638.716019028
2015-01-30,627.7128289151
2015-02-02,641.7784933844
2015-02-03,665.1436933429
2015-02-04,657.3289712393
2015-02-05,668.8609888764
2015-02-06,667.8463061553
2015-02-09,671.0494048968
2015-02-10,674.4949184004
2015-02-11,674.7222854438
2015-02-12,684.0544472367
2015-02-13,691.8195755016
2015-02-17,692.8305207933
2015-02-18,694.0447862336
2015-02-19,700.3268578676
2015-02-20,702.001070039
2015-02-23,703.0104233938
2015-02-24,710.472116553
2015-02-25,709.8633566904
2015-02-26,710.5876903276
2015-02-27,709.6539999886
2015-03-02,717.0117472329
2015-03-03,714.5750379481
2015-03-04,712.6452455962
2015-03-05,726.7643376805
2015-03-06,713.7598737512
2015-03-09,711.7293531745
2015-03-10,697.0213894379
2015-03-11,697.3673211535
2015-03-12,704.1891346112
2015-03-13,699.1192762066
2015-03-16,697.0790471893
2015-03-17,700.8786320544
2015-03-18,713.8393821868
2015-03-19,710.1809388634
2015-03-20,713.8043530315
2015-03-23,718.6254425235
2015-03-24,720.5706620668
2015-03-25,705.7598365074
2015-03-26,703.8210327919
2015-03-27,703.5378549742
2015-03-30,710.1989138161
2015-03-31,708.6454485747
2015-04-01,709.9311910661
2015-04-02,714.952323034
2015-04-06,722.0391487349
2015-04-07,724.1509533855
2015-04-08,723.3295506246
2015-04-09,725.6041349718
2015-04-10,729.9431424863
2015-04-13,729.9646028147
2015-04-14,733.551152935
2015-04-15,752.2375118416
2015-04-16,749.3937382576
2015-04-17,739.6200421565
2015-04-20,746.6135109595
2015-04-21,740.1844960807
2015-04-22,744.6190826239
2015-04-23,750.1253531704
2015-04-24,743.8598366422
2015-04-27,737.5635685034
2015-04-28,744.8634997787
2015-04-29,741.2305275723
2015-04-30,729.7334932084
2015-05-01,734.6314699608
2015-05-04,735.1478373521
2015-05-05,723.5098410309
2015-05-06,716.9870573768
2015-05-07,723.1530749452
2015-05-08,731.1051476808
2015-05-11,730.5024436057
2015-05-12,730.3112861646
2015-05-13,730.4477428566
2015-05-14,734.5635092456
2015-05-15,737.1391692919
2015-05-18,735.5216045885
2015-05-19,724.9707661354
2015-05-20,722.2976439944
2015-05-21,726.363054896
2015-05-22,721.9957610008
2015-05-26,713.1352140837
2015-05-27,718.1149828714
2015-05-28,717.7761641582
2015-05-29,711.9055112408
2015-06-01,710.5852525701
2015-06-02,715.2981848137
2015-06-03,716.8752207473
2015-06-04,710.6683837545
2015-06-05,717.4092523918
2015-06-08,710.3802462759
2015-06-09,707.4411917168
2015-06-10,714.9093891713
2015-06-11,717.1395189846
2015-06-12,713.0899252057
2015-06-15,710.5640191422
2015-06-16,713.0574099576
2015-06-17,711.7211512811
2015-06-18,714.7459009804
2015-06-19,712.0292563066
2015-06-22,715.7210567976
2015-06-23,718.2971626195
2015-06-24,712.6647624856
2015-06-25,708.9577897589
2015-06-26,700.3906559167
2015-06-29,676.9562741043
2015-06-30,681.1886257157
2015-07-01,673.3771241689
2015-07-02,671.2880055794
2015-07-06,659.7430851737
2015-07-07,657.7724632564
2015-07-08,634.6854707619
2015-07-09,642.4803234958
2015-07-10,649.5206228807
2015-07-13,655.1653095234
2015-07-14,658.9182132323
2015-07-15,647.5081556213
2015-07-16,647.4487143726
2015-07-17,640.5872235652
2015-07-20,631.6166933105
2015-07-21,629.0143444236
2015-07-22,621.5303951583
2015-07-23,616.1548414208
2015-07-24,604.2672131972
2015-07-27,600.1979278649
2015-07-28,609.3425621
2015-07-29,619.0367440983
2015-07-30,615.2165723998
2015-07-31,614.2027384306
2015-08-03,603.5169383811
2015-08-04,601.3774058358
2015-08-05,604.6181777993
2015-08-06,598.1169770077
2015-08-07,591.9095501121
2015-08-10,604.5161752576
2015-08-11,594.2479142841
2015-08-12,602.4717292944
2015-08-13,596.1683435229
2015-08-14,599.8044971203
2015-08-17,598.4638379206
2015-08-18,592.5234858654
2015-08-19,581.3732794237
2015-08-20,561.118247682
2015-08-21,550.3651960267
2015-08-24,531.3214721172
2015-08-25,530.0400585663
2015-08-26,539.6387496777
2015-08-27,560.8147428864
2015-08-28,574.7372622407
2015-08-31,578.5409928151
2015-09-01,566.3610671825
2015-09-02,571.8426959623
2015-09-03,575.9063209829
2015-09-04,569.2132895293
2015-09-08,580.6140448597
2015-09-09,576.7498153461
2015-09-10,573.1518979667
2015-09-11,569.0079297897
2015-09-14,562.4302157606
2015-09-15,570.2903350001
2015-09-16,581.8569458956
2015-09-17,581.2084595799
2015-09-18,570.511705373
2015-09-21,568.2972884924
2015-09-22,554.6761628528
2015-09-23,543.7450780077
2015-09-24,543.7048952464
2015-09-25,537.8721387411
2015-09-28,518.8013483853
2015-09-29,512.2411742318
2015-09-30,524.681775549
2015-10-01,520.3231825468
2015-10-02,539.196003588
2015-10-05,564.2939094444
2015-10-06,571.8058164323
2015-10-07,584.2655545456
2015-10-08,594.6546405444
2015-10-09,595.2461221673
2015-10-12,588.1480074607
2015-10-13,582.7025196807
2015-10-14,584.1441484981
2015-10-15,594.7666683588
2015-10-16,588.826891612
2015-10-19,585.2822365135
2015-10-20,594.0239708527
2015-10-21,582.7453583644
2015-10-22,587.5035606949
2015-10-23,588.7409212142
2015-10-26,586.9703288743
2015-10-27,570.0518812847
2015-10-28,585.246313421
2015-10-29,578.5886895947
2015-10-30,577.7858044037
2015-11-02,588.2358977724
2015-11-03,595.1319585551
2015-11-04,595.2347805153
2015-11-05,587.4275405396
2015-11-06,587.3678356967
2015-11-09,577.2633005934
2015-11-10,561.9225919945
2015-11-11,550.4874053236
2015-11-12,536.7156538204
2015-11-13,538.697047429
2015-11-16,545.0531551162
2015-11-17,530.0642620272
2015-11-18,538.6612240198
2015-11-19,532.0502814655
2015-11-20,531.7473353871
2015-11-23,532.7100492616
2015-11-24,540.9817486067
2015-11-25,540.6992496146
2015-11-27,541.8892775669
2015-11-30,545.2264407991
2015-12-01,554.2509301067
2015-12-02,548.8015262601
2015-12-03,543.3470354168
2015-12-04,537.8185092699
2015-12-07,524.1984757055
2015-12-08,518.8780840663
2015-12-09,524.9276589498
2015-12-10,526.5540931285
2015-12-11,513.4917821762
2015-12-14,510.7491817963
2015-12-15,519.6759384213
2015-12-16,537.9963505902
2015-12-17,534.9448822567
2015-12-18,537.1091164166
2015-12-21,547.3030510059
2015-12-22,544.6841581273
2015-12-23,557.5914262541
2015-12-24,562.1178118242
2015-12-28,553.9111059384
2015-12-29,556.1831482062
2015-12-30,549.8820698416
2015-12-31,548.274799469
