date,csadew
2000-01-03,0.0399880986
2000-01-04,0.029133441
2000-01-05,0.0266765502
2000-01-06,0.0380618197
2000-01-07,0.064105017
2000-01-10,0.0478799158
2000-01-11,0.0306018333
2000-01-12,0.0299025145
2000-01-13,0.0345468333
2000-01-14,0.0364631806
2000-01-18,0.0457250692
2000-01-19,0.0504025306
2000-01-20,0.045616466
2000-01-21,0.0609801145
2000-01-24,0.0679101463
2000-01-25,0.0545874524
2000-01-26,0.0587961599
2000-01-27,0.0324076338
2000-01-28,0.0414707406
2000-01-31,0.0373715782
2000-02-01,0.0387770051
2000-02-02,0.0338910524
2000-02-03,0.0377765136
2000-02-04,0.0365991548
2000-02-07,0.0345298407
2000-02-08,0.0342636485
2000-02-09,0.0347779096
2000-02-10,0.0316419785
2000-02-11,0.0240730629
2000-02-14,0.0396927222
2000-02-15,0.0306572429
2000-02-16,0.0376048426
2000-02-17,0.0490664083
2000-02-18,0.0324639092
2000-02-22,0.0374515671
2000-02-23,0.0401262846
2000-02-24,0.0379568507
2000-02-25,0.0360447643
2000-02-28,0.0438864426
2000-02-29,0.0582662973
2000-03-01,0.0559173498
2000-03-02,0.0378104468
2000-03-03,0.0413332706
2000-03-06,0.0394943521
2000-03-07,0.038672346
2000-03-08,0.0352294259
2000-03-09,0.0266086212
2000-03-10,0.0407294776
2000-03-13,0.0405714992
2000-03-14,0.0381131203
2000-03-15,0.0435290561
2000-03-16,0.0409687997
2000-03-17,0.0354386284
2000-03-20,0.0362021304
2000-03-21,0.039292173
2000-03-22,0.0383238818
2000-03-23,0.0303906937
2000-03-24,0.0307099906
2000-03-27,0.0299725617
2000-03-28,0.0385651809
2000-03-29,0.0483569329
2000-03-30,0.0410997791
2000-03-31,0.0508535815
2000-04-03,0.0530019723
2000-04-04,0.048180493
2000-04-05,0.0456555795
2000-04-06,0.0363173364
2000-04-07,0.0399083867
2000-04-10,0.0440205782
2000-04-11,0.0374835116
2000-04-12,0.0474311739
2000-04-13,0.0407621225
2000-04-14,0.0646674443
2000-04-17,0.0514310814
2000-04-18,0.0877328924
2000-04-19,0.041501768
2000-04-20,0.0389222564
2000-04-24,0.038380798
2000-04-25,0.0494205635
2000-04-26,0.0300716336
2000-04-27,0.0411147523
2000-04-28,0.0346409792
2000-05-01,0.03974483
2000-05-02,0.0305733236
2000-05-03,0.0268598494
2000-05-04,0.03538328
2000-05-05,0.029737499
2000-05-08,0.036730019
2000-05-09,0.0340925924
2000-05-10,0.04972878
2000-05-11,0.0396020624
2000-05-12,0.0340898827
2000-05-15,0.0347079326
2000-05-16,0.0349756274
2000-05-17,0.0306051851
2000-05-18,0.0296368675
2000-05-19,0.0270659115
2000-05-22,0.0286194784
2000-05-23,0.035592519
2000-05-24,0.0375089983
2000-05-25,0.0319073965
2000-05-26,0.0265363004
2000-05-30,0.0441213912
2000-05-31,0.03166632
2000-06-01,0.0410615418
2000-06-02,0.0376549597
2000-06-05,0.0335481436
2000-06-06,0.0327821433
2000-06-07,0.024966556
2000-06-08,0.0340648342
2000-06-09,0.0288740515
2000-06-12,0.027449489
2000-06-13,0.026640332
2000-06-14,0.0288598808
2000-06-15,0.0227398
2000-06-16,0.0297478031
2000-06-19,0.0257273781
2000-06-20,0.0414864302
2000-06-21,0.0330839232
2000-06-22,0.0372288022
2000-06-23,0.0257219639
2000-06-26,0.0329102788
2000-06-27,0.0289618563
2000-06-28,0.0304056298
2000-06-29,0.0305495551
2000-06-30,0.0362507
2000-07-03,0.027346
2000-07-05,0.0352463689
2000-07-06,0.0267704358
2000-07-07,0.0371136778
2000-07-10,0.0314704444
2000-07-11,0.0262501889
2000-07-12,0.0314205541
2000-07-13,0.0252397235
2000-07-14,0.0280088074
2000-07-17,0.0294643753
2000-07-18,0.0252964296
2000-07-19,0.0272113605
2000-07-20,0.0245036711
2000-07-21,0.0298808684
2000-07-24,0.0267661062
2000-07-25,0.0284626854
2000-07-26,0.0256390351
2000-07-27,0.0391057605
2000-07-28,0.0428629506
2000-07-31,0.0425828341
2000-08-01,0.0319741244
2000-08-02,0.0386405444
2000-08-03,0.0345334968
2000-08-04,0.0281911185
2000-08-07,0.0355459178
2000-08-08,0.0286053326
2000-08-09,0.0269760203
2000-08-10,0.0307997894
2000-08-11,0.0242635426
2000-08-14,0.0273597508
2000-08-15,0.0308051791
2000-08-16,0.0453522229
2000-08-17,0.0318434834
2000-08-18,0.02269237
2000-08-21,0.0234405159
2000-08-22,0.0216651334
2000-08-23,0.0318596467
2000-08-24,0.033532705
2000-08-25,0.0281054774
2000-08-28,0.026508683
2000-08-29,0.0288947117
2000-08-30,0.022059729
2000-08-31,0.0320428446
2000-09-01,0.0213885683
2000-09-05,0.0242813356
2000-09-06,0.0290889426
2000-09-07,0.0343902287
2000-09-08,0.02562859
2000-09-11,0.0298732651
2000-09-12,0.0415384565
2000-09-13,0.0279909509
2000-09-14,0.0309028076
2000-09-15,0.0351269016
2000-09-18,0.0300101891
2000-09-19,0.0354731445
2000-09-20,0.0262221133
2000-09-21,0.0313430139
2000-09-22,0.0279182043
2000-09-25,0.0311286852
2000-09-26,0.0414213001
2000-09-27,0.031651481
2000-09-28,0.0347125775
2000-09-29,0.0355347337
2000-10-02,0.0326401843
2000-10-03,0.0360269461
2000-10-04,0.0377255189
2000-10-05,0.0299327335
2000-10-06,0.0356558885
2000-10-09,0.0367407798
2000-10-10,0.0411851153
2000-10-11,0.0310258143
2000-10-12,0.0431918384
2000-10-13,0.0600211827
2000-10-16,0.0329195699
2000-10-17,0.037579074
2000-10-18,0.0353911333
2000-10-19,0.0508743495
2000-10-20,0.037032189
2000-10-23,0.0392394357
2000-10-24,0.0375454747
2000-10-25,0.0479446983
2000-10-26,0.0363802486
2000-10-27,0.0390413294
2000-10-30,0.0351917112
2000-10-31,0.0394517179
2000-11-01,0.0342037849
2000-11-02,0.0302867779
2000-11-03,0.0344772938
2000-11-06,0.0284436682
2000-11-07,0.0297920783
2000-11-08,0.0301941593
2000-11-09,0.0316757187
2000-11-10,0.0348404511
2000-11-13,0.0322996102
2000-11-14,0.0375888493
2000-11-15,0.0288549507
2000-11-16,0.0360533354
2000-11-17,0.024448148
2000-11-20,0.0305900632
2000-11-21,0.0303650659
2000-11-22,0.0349208842
2000-11-24,0.0441220337
2000-11-27,0.0314048319
2000-11-28,0.045260933
2000-11-29,0.0408260731
2000-11-30,0.0481318825
2000-12-01,0.0457155894
2000-12-04,0.0343356656
2000-12-05,0.0647091568
2000-12-06,0.0433791116
2000-12-07,0.0350380904
2000-12-08,0.0523051122
2000-12-11,0.0482849079
2000-12-12,0.0396806704
2000-12-13,0.0401130837
2000-12-14,0.0342261124
2000-12-15,0.0370662353
2000-12-18,0.0346401108
2000-12-19,0.0364588173
2000-12-20,0.0534845642
2000-12-21,0.0515006136
2000-12-22,0.0557190367
2000-12-26,0.0460153341
2000-12-27,0.0427515805
2000-12-28,0.0516296884
2000-12-29,0.0513988432
2001-01-02,0.0553395012
2001-01-03,0.0675819147
2001-01-04,0.0543636277
2001-01-05,0.0446786271
2001-01-08,0.0278423984
2001-01-09,0.0425534611
2001-01-10,0.0390393828
2001-01-11,0.0580016855
2001-01-12,0.0439133629
2001-01-16,0.0537445456
2001-01-17,0.0426525855
2001-01-18,0.0431635982
2001-01-19,0.0381517921
2001-01-22,0.0296356159
2001-01-23,0.0369764436
2001-01-24,0.0354566484
2001-01-25,0.0331223516
2001-01-26,0.0278514184
2001-01-29,0.0277277083
2001-01-30,0.0339065905
2001-01-31,0.0299852813
2001-02-01,0.0331039714
2001-02-02,0.0313813652
2001-02-05,0.0284435399
2001-02-06,0.0292585184
2001-02-07,0.0300280809
2001-02-08,0.0385926558
2001-02-09,0.0369079505
2001-02-12,0.0307471233
2001-02-13,0.0294246877
2001-02-14,0.0330721649
2001-02-15,0.0338111992
2001-02-16,0.0327793633
2001-02-20,0.0448922758
2001-02-21,0.0324069601
2001-02-22,0.0240350026
2001-02-23,0.0267123429
2001-02-26,0.0285463118
2001-02-27,0.0350077865
2001-02-28,0.0366477917
2001-03-01,0.0315740124
2001-03-02,0.0256865436
2001-03-05,0.0316763021
2001-03-06,0.0319773832
2001-03-07,0.0299519638
2001-03-08,0.0267986367
2001-03-09,0.0336429701
2001-03-12,0.0381323273
2001-03-13,0.0416239143
2001-03-14,0.0249145469
2001-03-15,0.0297998776
2001-03-16,0.0309053435
2001-03-19,0.034425276
2001-03-20,0.0322299295
2001-03-21,0.0323811554
2001-03-22,0.0467165662
2001-03-23,0.032184888
2001-03-26,0.0310455703
2001-03-27,0.036202964
2001-03-28,0.0405633681
2001-03-29,0.029578957
2001-03-30,0.0410827431
2001-04-02,0.0436610313
2001-04-03,0.037053765
2001-04-04,0.0344559961
2001-04-05,0.0621558025
2001-04-06,0.0318696641
2001-04-09,0.038532625
2001-04-10,0.0424849965
2001-04-11,0.0358329774
2001-04-12,0.0289771491
2001-04-16,0.0376572561
2001-04-17,0.0256781914
2001-04-18,0.0639317057
2001-04-19,0.0354524397
2001-04-20,0.0245927624
2001-04-23,0.0373135503
2001-04-24,0.0296645234
2001-04-25,0.0241295278
2001-04-26,0.0328008186
2001-04-27,0.0275297695
2001-04-30,0.0388929761
2001-05-01,0.0287182893
2001-05-02,0.0367762552
2001-05-03,0.0242224249
2001-05-04,0.0249393162
2001-05-07,0.0260903327
2001-05-08,0.0206138281
2001-05-09,0.0258198759
2001-05-10,0.0200516654
2001-05-11,0.0217727326
2001-05-14,0.0295889002
2001-05-15,0.027191594
2001-05-16,0.0301196328
2001-05-17,0.0428314271
2001-05-18,0.053252612
2001-05-21,0.0378880397
2001-05-22,0.0266786354
2001-05-23,0.0270921107
2001-05-24,0.0276322813
2001-05-25,0.02306602
2001-05-29,0.0309556354
2001-05-30,0.0386386458
2001-05-31,0.0271226146
2001-06-01,0.023626217
2001-06-04,0.0305780152
2001-06-05,0.0322482263
2001-06-06,0.0233891354
2001-06-07,0.0291165573
2001-06-08,0.020472707
2001-06-11,0.0314423594
2001-06-12,0.0319535675
2001-06-13,0.0233948014
2001-06-14,0.0253018203
2001-06-15,0.0322974648
2001-06-18,0.0364339145
2001-06-19,0.0341736797
2001-06-20,0.0348300371
2001-06-21,0.037527378
2001-06-22,0.0278913385
2001-06-25,0.027522622
2001-06-26,0.0333980651
2001-06-27,0.0240782611
2001-06-28,0.0282149136
2001-06-29,0.0478460321
2001-07-02,0.02962825
2001-07-03,0.021100197
2001-07-05,0.0292269557
2001-07-06,0.0285302439
2001-07-09,0.0219283056
2001-07-10,0.0306645773
2001-07-11,0.0219525417
2001-07-12,0.0419943711
2001-07-13,0.0267195417
2001-07-16,0.0308028841
2001-07-17,0.025259987
2001-07-18,0.0280042806
2001-07-19,0.0304012561
2001-07-20,0.0285374167
2001-07-23,0.0384835243
2001-07-24,0.0334349714
2001-07-25,0.0388384731
2001-07-26,0.0347541424
2001-07-27,0.0315810282
2001-07-30,0.0257320731
2001-07-31,0.0267439512
2001-08-01,0.0327431328
2001-08-02,0.024365378
2001-08-03,0.0218038663
2001-08-06,0.0249405534
2001-08-07,0.0228369688
2001-08-08,0.0290959531
2001-08-09,0.023220742
2001-08-10,0.0306923262
2001-08-13,0.0296838989
2001-08-14,0.0249538333
2001-08-15,0.0320498377
2001-08-16,0.0262858099
2001-08-17,0.0285045586
2001-08-20,0.0232515605
2001-08-21,0.0279094299
2001-08-22,0.0336360612
2001-08-23,0.0283301628
2001-08-24,0.0283828086
2001-08-27,0.0257322619
2001-08-28,0.0243070293
2001-08-29,0.021839125
2001-08-30,0.0257522969
2001-08-31,0.0229155538
2001-09-04,0.0292740807
2001-09-05,0.0267892153
2001-09-06,0.022250855
2001-09-07,0.0214167086
2001-09-10,0.0371581508
2001-09-17,0.047382625
2001-09-18,0.0416552813
2001-09-19,0.042453097
2001-09-20,0.0416307326
2001-09-21,0.0445029742
2001-09-24,0.0589368255
2001-09-25,0.0358300911
2001-09-26,0.0415423568
2001-09-27,0.0414809056
2001-09-28,0.0466406441
2001-10-01,0.0580140534
2001-10-02,0.0342467101
2001-10-03,0.0425631775
2001-10-04,0.0370074974
2001-10-05,0.0300154102
2001-10-08,0.0313863815
2001-10-09,0.0314926328
2001-10-10,0.0383666547
2001-10-11,0.0434515655
2001-10-12,0.032416776
2001-10-15,0.0272565352
2001-10-16,0.036573171
2001-10-17,0.0382611788
2001-10-18,0.0309171536
2001-10-19,0.0254378487
2001-10-22,0.0280033854
2001-10-23,0.0290550477
2001-10-24,0.0409128288
2001-10-25,0.0341358038
2001-10-26,0.0389889452
2001-10-29,0.0410413429
2001-10-30,0.0304717197
2001-10-31,0.0235891362
2001-11-01,0.028419065
2001-11-02,0.0253753374
2001-11-05,0.0277047745
2001-11-06,0.027739543
2001-11-07,0.0233220753
2001-11-08,0.02589895
2001-11-09,0.0242019705
2001-11-12,0.0196983723
2001-11-13,0.0258881651
2001-11-14,0.0429098914
2001-11-15,0.0351611155
2001-11-16,0.0222657884
2001-11-19,0.0233073828
2001-11-20,0.030110928
2001-11-21,0.0203774551
2001-11-23,0.0183933294
2001-11-26,0.0241969627
2001-11-27,0.0233349844
2001-11-28,0.027902737
2001-11-29,0.0243709596
2001-11-30,0.0224196576
2001-12-03,0.0243494909
2001-12-04,0.0321679167
2001-12-05,0.0355968845
2001-12-06,0.0224521749
2001-12-07,0.0221570521
2001-12-10,0.0231620842
2001-12-11,0.0291908906
2001-12-12,0.0293236146
2001-12-13,0.0294428231
2001-12-14,0.0232532144
2001-12-17,0.029518903
2001-12-18,0.0273264915
2001-12-19,0.0348013869
2001-12-20,0.0219654857
2001-12-21,0.0269198607
2001-12-24,0.0195007012
2001-12-26,0.0234998459
2001-12-27,0.0330651871
2001-12-28,0.022874941
2001-12-31,0.0280047962
2002-01-02,0.026594931
2002-01-03,0.0428647083
2002-01-04,0.0284780152
2002-01-07,0.0223392511
2002-01-08,0.0537792463
2002-01-09,0.034113957
2002-01-10,0.0212726771
2002-01-11,0.0274752517
2002-01-14,0.0340431163
2002-01-15,0.0203723021
2002-01-16,0.0261334993
2002-01-17,0.0277086035
2002-01-18,0.0328245
2002-01-22,0.0273437813
2002-01-23,0.0226491649
2002-01-24,0.0237378034
2002-01-25,0.0226961758
2002-01-28,0.0241432808
2002-01-29,0.0247215299
2002-01-30,0.0294714766
2002-01-31,0.0276470126
2002-02-01,0.0371584844
2002-02-04,0.0329532808
2002-02-05,0.0285506042
2002-02-06,0.0312018203
2002-02-07,0.028884441
2002-02-08,0.0271980753
2002-02-11,0.0232898542
2002-02-12,0.0196791649
2002-02-13,0.0295443398
2002-02-14,0.0230175623
2002-02-15,0.0264082817
2002-02-19,0.029144202
2002-02-20,0.0237999583
2002-02-21,0.0294663854
2002-02-22,0.0219858008
2002-02-25,0.0359512083
2002-02-26,0.0220511992
2002-02-27,0.0232030723
2002-02-28,0.031772428
2002-03-01,0.0320047791
2002-03-04,0.0328123845
2002-03-05,0.0302652971
2002-03-06,0.0306533149
2002-03-07,0.027569872
2002-03-08,0.029362373
2002-03-11,0.0263321836
2002-03-12,0.0192157565
2002-03-13,0.0301837109
2002-03-14,0.0205765434
2002-03-15,0.02063825
2002-03-18,0.0216649609
2002-03-19,0.0194090221
2002-03-20,0.0219393359
2002-03-21,0.0237672726
2002-03-22,0.0226992912
2002-03-25,0.0198546836
2002-03-26,0.0240207658
2002-03-27,0.0247334583
2002-03-28,0.0246344184
2002-04-01,0.0234993116
2002-04-02,0.0290019355
2002-04-03,0.0245735382
2002-04-04,0.0185137018
2002-04-05,0.0173541814
2002-04-08,0.0180774271
2002-04-09,0.0170198845
2002-04-10,0.027417901
2002-04-11,0.023922765
2002-04-12,0.0301360664
2002-04-15,0.0235120516
2002-04-16,0.028766513
2002-04-17,0.0240407135
2002-04-18,0.0237377813
2002-04-19,0.0171226753
2002-04-22,0.022049625
2002-04-23,0.0242853783
2002-04-24,0.0239259792
2002-04-25,0.025206276
2002-04-26,0.0284554648
2002-04-29,0.0250600781
2002-04-30,0.0313773333
2002-05-01,0.0211957867
2002-05-02,0.0261063611
2002-05-03,0.024950263
2002-05-06,0.0256394622
2002-05-07,0.0299738835
2002-05-08,0.0417871471
2002-05-09,0.0250069245
2002-05-10,0.026137365
2002-05-13,0.0275933325
2002-05-14,0.0311271417
2002-05-15,0.0238231124
2002-05-16,0.0213222986
2002-05-17,0.0213677448
2002-05-20,0.0258209301
2002-05-21,0.0260535191
2002-05-22,0.0184773967
2002-05-23,0.0276276354
2002-05-24,0.0244915898
2002-05-28,0.016992255
2002-05-29,0.0259340833
2002-05-30,0.0242194288
2002-05-31,0.0229407585
2002-06-03,0.0321360556
2002-06-04,0.0265124319
2002-06-05,0.0340500113
2002-06-06,0.0278961013
2002-06-07,0.0331356853
2002-06-10,0.0292534298
2002-06-11,0.0252321307
2002-06-12,0.0294518799
2002-06-13,0.025705756
2002-06-14,0.0317560346
2002-06-17,0.026648769
2002-06-18,0.0243226615
2002-06-19,0.031146697
2002-06-20,0.0352849396
2002-06-21,0.0346072798
2002-06-24,0.0346856476
2002-06-25,0.0341035249
2002-06-26,0.0281532066
2002-06-27,0.0409423579
2002-06-28,0.0473644685
2002-07-01,0.0382080109
2002-07-02,0.0327221172
2002-07-03,0.0300800454
2002-07-05,0.0328548689
2002-07-08,0.0292070996
2002-07-09,0.0338041478
2002-07-10,0.0248603621
2002-07-11,0.033502002
2002-07-12,0.0311916747
2002-07-15,0.0307848612
2002-07-16,0.0287117919
2002-07-17,0.0302495557
2002-07-18,0.036579319
2002-07-19,0.0334075721
2002-07-22,0.0430215586
2002-07-23,0.050747799
2002-07-24,0.0531446992
2002-07-25,0.0500527954
2002-07-26,0.0393200469
2002-07-29,0.0529086024
2002-07-30,0.0440675684
2002-07-31,0.0366287125
2002-08-01,0.0362928566
2002-08-02,0.0325560586
2002-08-05,0.0398243663
2002-08-06,0.0367087813
2002-08-07,0.0300022925
2002-08-08,0.0288839093
2002-08-09,0.0275864596
2002-08-12,0.0295531669
2002-08-13,0.0275425749
2002-08-14,0.0406389583
2002-08-15,0.0378212956
2002-08-16,0.0378941484
2002-08-19,0.0335419362
2002-08-20,0.0302226664
2002-08-21,0.042201686
2002-08-22,0.0321720278
2002-08-23,0.0297298637
2002-08-26,0.0290584373
2002-08-27,0.0310235625
2002-08-28,0.0229786604
2002-08-29,0.0244486569
2002-08-30,0.0261996606
2002-09-03,0.03100902
2002-09-04,0.0278151068
2002-09-05,0.0329490714
2002-09-06,0.0322090395
2002-09-09,0.029136928
2002-09-10,0.0362786571
2002-09-11,0.0270449655
2002-09-12,0.0267408622
2002-09-13,0.0310774223
2002-09-16,0.0281668887
2002-09-17,0.0319330417
2002-09-18,0.031477814
2002-09-19,0.0351083743
2002-09-20,0.0367644822
2002-09-23,0.032553199
2002-09-24,0.0397137839
2002-09-25,0.0421041337
2002-09-26,0.044992342
2002-09-27,0.0284266536
2002-09-30,0.0304014123
2002-10-01,0.0434269733
2002-10-02,0.037753237
2002-10-03,0.0348012409
2002-10-04,0.0345671669
2002-10-07,0.0453773429
2002-10-08,0.0435133203
2002-10-09,0.0392017083
2002-10-10,0.0526535938
2002-10-11,0.0574926604
2002-10-14,0.0382707543
2002-10-15,0.0438822876
2002-10-16,0.0452977285
2002-10-17,0.0502183546
2002-10-18,0.042255887
2002-10-21,0.0314813467
2002-10-22,0.0366653325
2002-10-23,0.0344938418
2002-10-24,0.0327519136
2002-10-25,0.0346067867
2002-10-28,0.0366016986
2002-10-29,0.0396801044
2002-10-30,0.0355963807
2002-10-31,0.0435281961
2002-11-01,0.0356280614
2002-11-04,0.0318435601
2002-11-05,0.0261929064
2002-11-06,0.0411901319
2002-11-07,0.0375043535
2002-11-08,0.030498868
2002-11-11,0.035399897
2002-11-12,0.0334778249
2002-11-13,0.0275622925
2002-11-14,0.033425467
2002-11-15,0.026099895
2002-11-18,0.0308170249
2002-11-19,0.0271196388
2002-11-20,0.0434293141
2002-11-21,0.0416787032
2002-11-22,0.0348062967
2002-11-25,0.0405265243
2002-11-26,0.0453535386
2002-11-27,0.0339523929
2002-11-29,0.0254722249
2002-12-02,0.0363579315
2002-12-03,0.0390226447
2002-12-04,0.038013342
2002-12-05,0.0221061283
2002-12-06,0.0255468926
2002-12-09,0.0336224636
2002-12-10,0.0302645445
2002-12-11,0.0210833068
2002-12-12,0.0275948632
2002-12-13,0.0257169791
2002-12-16,0.0335217791
2002-12-17,0.0263928833
2002-12-18,0.0280072461
2002-12-19,0.0230940543
2002-12-20,0.0261022843
2002-12-23,0.0270262424
2002-12-24,0.0180716968
2002-12-26,0.0244002404
2002-12-27,0.0221888951
2002-12-30,0.0217648111
2002-12-31,0.0257435878
2003-01-02,0.0344850786
2003-01-03,0.0223656924
2003-01-06,0.0289463428
2003-01-07,0.0284474094
2003-01-08,0.0281393257
2003-01-09,0.0280525396
2003-01-10,0.0280657385
2003-01-13,0.028685335
2003-01-14,0.022019723
2003-01-15,0.0239220889
2003-01-16,0.0266346535
2003-01-17,0.0254851293
2003-01-21,0.041565692
2003-01-22,0.0329385593
2003-01-23,0.0225688702
2003-01-24,0.0253113549
2003-01-27,0.029354687
2003-01-28,0.0484888104
2003-01-29,0.0282943504
2003-01-30,0.0274056875
2003-01-31,0.027017514
2003-02-03,0.0328502462
2003-02-04,0.0318008917
2003-02-05,0.024235015
2003-02-06,0.0336493066
2003-02-07,0.025690677
2003-02-10,0.0248881877
2003-02-11,0.0243921573
2003-02-12,0.0249892016
2003-02-13,0.0275271978
2003-02-14,0.0280370737
2003-02-18,0.0295312953
2003-02-19,0.0261027612
2003-02-20,0.0234022724
2003-02-21,0.0256828973
2003-02-24,0.0245733307
2003-02-25,0.0221383415
2003-02-26,0.0205578347
2003-02-27,0.0286671331
2003-02-28,0.0230534648
2003-03-03,0.024285469
2003-03-04,0.0201238238
2003-03-05,0.0229075304
2003-03-06,0.0190330526
2003-03-07,0.0205041542
2003-03-10,0.0250971789
2003-03-11,0.0239757596
2003-03-12,0.0217580636
2003-03-13,0.0358929777
2003-03-14,0.0235878061
2003-03-17,0.0330414921
2003-03-18,0.0253533394
2003-03-19,0.0251531362
2003-03-20,0.021666474
2003-03-21,0.0287318327
2003-03-24,0.0239793833
2003-03-25,0.0207265722
2003-03-26,0.0247910161
2003-03-27,0.0229220337
2003-03-28,0.0219037582
2003-03-31,0.0250174034
2003-04-01,0.0281609283
2003-04-02,0.0339903965
2003-04-03,0.0244773186
2003-04-04,0.0249214515
2003-04-07,0.0256153587
2003-04-08,0.0219360064
2003-04-09,0.0212845077
2003-04-10,0.0202903936
2003-04-11,0.0177987856
2003-04-14,0.0249007586
2003-04-15,0.0218082695
2003-04-16,0.0244851741
2003-04-17,0.0256986331
2003-04-21,0.0272870624
2003-04-22,0.0227614699
2003-04-23,0.0236874462
2003-04-24,0.0232575878
2003-04-25,0.0216652709
2003-04-28,0.0261131816
2003-04-29,0.0226862639
2003-04-30,0.0214034223
2003-05-01,0.025050384
2003-05-02,0.0263740627
2003-05-05,0.0226474695
2003-05-06,0.0308740377
2003-05-07,0.0248335947
2003-05-08,0.0240056397
2003-05-09,0.0236763867
2003-05-12,0.0212071747
2003-05-13,0.0264543003
2003-05-14,0.0388310987
2003-05-15,0.0260396075
2003-05-16,0.0288083896
2003-05-19,0.0252205596
2003-05-20,0.0159098509
2003-05-21,0.0178126994
2003-05-22,0.0238309383
2003-05-23,0.0194316401
2003-05-27,0.0280260543
2003-05-28,0.020463729
2003-05-29,0.0304681483
2003-05-30,0.0246698522
2003-06-02,0.0294527422
2003-06-03,0.0272268386
2003-06-04,0.0298510976
2003-06-05,0.0225122471
2003-06-06,0.0254406852
2003-06-09,0.0229188694
2003-06-10,0.0240997737
2003-06-11,0.0268494116
2003-06-12,0.0210680217
2003-06-13,0.0214876539
2003-06-16,0.0212096547
2003-06-17,0.022699528
2003-06-18,0.0251143247
2003-06-19,0.0228299716
2003-06-20,0.0207486615
2003-06-23,0.0257123934
2003-06-24,0.0215097008
2003-06-25,0.0196753432
2003-06-26,0.0280916878
2003-06-27,0.0206142451
2003-06-30,0.0241126919
2003-07-01,0.0303438391
2003-07-02,0.0253252499
2003-07-03,0.0170750185
2003-07-07,0.0288211504
2003-07-08,0.0194590183
2003-07-09,0.0265270712
2003-07-10,0.0186716
2003-07-11,0.0236938981
2003-07-14,0.0240143153
2003-07-15,0.0219512906
2003-07-16,0.0239279506
2003-07-17,0.0254279382
2003-07-18,0.0182616835
2003-07-21,0.0203486515
2003-07-22,0.0248384337
2003-07-23,0.018376667
2003-07-24,0.0228320091
2003-07-25,0.0180272106
2003-07-28,0.0195617742
2003-07-29,0.0207926161
2003-07-30,0.03007055
2003-07-31,0.0261008782
2003-08-01,0.022762031
2003-08-04,0.0226725358
2003-08-05,0.0207768372
2003-08-06,0.0282050673
2003-08-07,0.0270270998
2003-08-08,0.025173571
2003-08-11,0.0201102305
2003-08-12,0.0246174373
2003-08-13,0.0237083034
2003-08-14,0.0195415601
2003-08-15,0.0573799403
2003-08-18,0.0515971741
2003-08-19,0.037041241
2003-08-20,0.0265243798
2003-08-21,0.0296614287
2003-08-22,0.0187981505
2003-08-25,0.0225685356
2003-08-26,0.0192895581
2003-08-27,0.0239270207
2003-08-28,0.0253695896
2003-08-29,0.0212189802
2003-09-02,0.0207035417
2003-09-03,0.0198597538
2003-09-04,0.0221432909
2003-09-05,0.0185724627
2003-09-08,0.0225748288
2003-09-09,0.0242997729
2003-09-10,0.0275262057
2003-09-11,0.0243803552
2003-09-12,0.0185723907
2003-09-15,0.0167570351
2003-09-16,0.020764462
2003-09-17,0.0224496151
2003-09-18,0.0235552833
2003-09-19,0.017064222
2003-09-22,0.0264599832
2003-09-23,0.0245980922
2003-09-24,0.0312252335
2003-09-25,0.0286046484
2003-09-26,0.0237345425
2003-09-29,0.0234372536
2003-09-30,0.0218766008
2003-10-01,0.0208134411
2003-10-02,0.0267667114
2003-10-03,0.0246868381
2003-10-06,0.0262657376
2003-10-07,0.0209747887
2003-10-08,0.0210425972
2003-10-09,0.0221122905
2003-10-10,0.0246780758
2003-10-13,0.0238956144
2003-10-14,0.0241033928
2003-10-15,0.0212148332
2003-10-16,0.0165626112
2003-10-17,0.0189375922
2003-10-20,0.0171584443
2003-10-21,0.0223182296
2003-10-22,0.0215034116
2003-10-23,0.0213862209
2003-10-24,0.0146201744
2003-10-27,0.0206130203
2003-10-28,0.026568462
2003-10-29,0.0192748782
2003-10-30,0.0233896645
2003-10-31,0.0182538207
2003-11-03,0.0243914249
2003-11-04,0.0178364295
2003-11-05,0.0228023911
2003-11-06,0.0256439408
2003-11-07,0.0242379723
2003-11-10,0.0247798881
2003-11-11,0.0229110325
2003-11-12,0.0239279601
2003-11-13,0.0212846657
2003-11-14,0.0276366925
2003-11-17,0.0258399894
2003-11-18,0.0199691847
2003-11-19,0.0251872253
2003-11-20,0.0195705445
2003-11-21,0.0194223295
2003-11-24,0.0227155479
2003-11-25,0.0199461498
2003-11-26,0.017366
2003-11-28,0.0164202378
2003-12-01,0.0259815156
2003-12-02,0.0268250072
2003-12-03,0.0277035577
2003-12-04,0.0219858939
2003-12-05,0.0192448129
2003-12-08,0.0197812736
2003-12-09,0.0202584403
2003-12-10,0.0208877979
2003-12-11,0.0257968148
2003-12-12,0.0175636155
2003-12-15,0.0210424576
2003-12-16,0.0222458958
2003-12-17,0.0202207975
2003-12-18,0.0207370152
2003-12-19,0.0165537752
2003-12-22,0.0190215208
2003-12-23,0.0188835313
2003-12-24,0.0153945469
2003-12-26,0.0176347708
2003-12-29,0.0233858364
2003-12-30,0.0181774067
2003-12-31,0.0193604128
2004-01-02,0.0162066191
2004-01-05,0.0202652554
2004-01-06,0.0173648333
2004-01-07,0.020782224
2004-01-08,0.0219018333
2004-01-09,0.0202982656
2004-01-12,0.024532855
2004-01-13,0.0320079609
2004-01-14,0.0188546031
2004-01-15,0.0177487405
2004-01-16,0.029573679
2004-01-20,0.0322351013
2004-01-21,0.0217216426
2004-01-22,0.0255439141
2004-01-23,0.0215467813
2004-01-26,0.0219682229
2004-01-27,0.0218854201
2004-01-28,0.0251161042
2004-01-29,0.0215694199
2004-01-30,0.0176886465
2004-02-02,0.017671349
2004-02-03,0.0192266753
2004-02-04,0.0242072869
2004-02-05,0.0230456858
2004-02-06,0.0241588175
2004-02-09,0.0195482578
2004-02-10,0.0222657135
2004-02-11,0.0178984939
2004-02-12,0.0147899167
2004-02-13,0.0167760966
2004-02-17,0.0180999115
2004-02-18,0.017230026
2004-02-19,0.0228865651
2004-02-20,0.0162882622
2004-02-23,0.0257679796
2004-02-24,0.0208482526
2004-02-25,0.0172973008
2004-02-26,0.0211255421
2004-02-27,0.0175914468
2004-03-01,0.021131416
2004-03-02,0.0219234998
2004-03-03,0.0159488125
2004-03-04,0.0250291085
2004-03-05,0.0205114492
2004-03-08,0.0209220701
2004-03-09,0.0191442795
2004-03-10,0.0238450213
2004-03-11,0.0170831536
2004-03-12,0.0202236165
2004-03-15,0.0223163958
2004-03-16,0.0180791595
2004-03-17,0.0194570339
2004-03-18,0.0190962951
2004-03-19,0.0164648863
2004-03-22,0.0192520473
2004-03-23,0.0217470035
2004-03-24,0.0204382441
2004-03-25,0.0206275384
2004-03-26,0.0167833889
2004-03-29,0.0202852371
2004-03-30,0.0182656004
2004-03-31,0.0205591245
2004-04-01,0.0201327797
2004-04-02,0.019103899
2004-04-05,0.0164146825
2004-04-06,0.0156169098
2004-04-07,0.0164353336
2004-04-08,0.0178749608
2004-04-12,0.0220327875
2004-04-13,0.0153296465
2004-04-14,0.0147833304
2004-04-15,0.0235746866
2004-04-16,0.032729218
2004-04-19,0.0293398561
2004-04-20,0.0232008417
2004-04-21,0.0216024929
2004-04-22,0.0210989138
2004-04-23,0.0148139477
2004-04-26,0.0170694456
2004-04-27,0.0222723567
2004-04-28,0.023430674
2004-04-29,0.0192973185
2004-04-30,0.0247974612
2004-05-03,0.0234937872
2004-05-04,0.0180319615
2004-05-05,0.0154640253
2004-05-06,0.0210630781
2004-05-07,0.016525658
2004-05-10,0.0276144929
2004-05-11,0.0228015498
2004-05-12,0.0200181964
2004-05-13,0.0187002098
2004-05-14,0.0188043886
2004-05-17,0.0206067875
2004-05-18,0.0188768099
2004-05-19,0.0179140772
2004-05-20,0.018010934
2004-05-21,0.0146883203
2004-05-24,0.0225894818
2004-05-25,0.0222977921
2004-05-26,0.019031086
2004-05-27,0.0164152091
2004-05-28,0.014880488
2004-06-01,0.020117062
2004-06-02,0.0194534705
2004-06-03,0.0220194724
2004-06-04,0.0195528213
2004-06-07,0.0199200646
2004-06-08,0.0168184823
2004-06-09,0.0171470692
2004-06-10,0.0192740106
2004-06-14,0.0161736193
2004-06-15,0.0185188707
2004-06-16,0.0196952937
2004-06-17,0.0201161569
2004-06-18,0.0180399911
2004-06-21,0.0155777804
2004-06-22,0.0164972486
2004-06-23,0.0191388962
2004-06-24,0.0173605895
2004-06-25,0.0176985571
2004-06-28,0.0167029215
2004-06-29,0.0187843224
2004-06-30,0.0181877643
2004-07-01,0.0208201014
2004-07-02,0.0158533288
2004-07-06,0.0251709428
2004-07-07,0.015791188
2004-07-08,0.0192601481
2004-07-09,0.0167386773
2004-07-12,0.0197420212
2004-07-13,0.0150708791
2004-07-14,0.0189396409
2004-07-15,0.0187550854
2004-07-16,0.0186370462
2004-07-19,0.0230113501
2004-07-20,0.0189200561
2004-07-21,0.024781105
2004-07-22,0.0226605289
2004-07-23,0.0205668422
2004-07-26,0.0203932978
2004-07-27,0.0233894552
2004-07-28,0.0216052562
2004-07-29,0.0238052801
2004-07-30,0.026726374
2004-08-02,0.021270737
2004-08-03,0.0247602408
2004-08-04,0.0213932578
2004-08-05,0.0227733248
2004-08-06,0.0272717228
2004-08-09,0.0219468244
2004-08-10,0.0238321724
2004-08-11,0.0236672418
2004-08-12,0.02029852
2004-08-13,0.0185341908
2004-08-16,0.021044632
2004-08-17,0.024145853
2004-08-18,0.021205345
2004-08-19,0.0203104264
2004-08-20,0.021006048
2004-08-23,0.0206693884
2004-08-24,0.017856939
2004-08-25,0.0147976256
2004-08-26,0.0192260974
2004-08-27,0.0142926388
2004-08-30,0.0203316548
2004-08-31,0.0200942778
2004-09-01,0.0199190642
2004-09-02,0.0158946584
2004-09-03,0.0192393688
2004-09-07,0.0188958528
2004-09-08,0.0164374544
2004-09-09,0.0221965632
2004-09-10,0.0228139612
2004-09-13,0.0208500208
2004-09-14,0.013048039
2004-09-15,0.0196861826
2004-09-16,0.0139134006
2004-09-17,0.0137866552
2004-09-20,0.0159388036
2004-09-21,0.0177312474
2004-09-22,0.018089646
2004-09-23,0.0192596824
2004-09-24,0.018593419
2004-09-27,0.0197931536
2004-09-28,0.027416184
2004-09-29,0.018192366
2004-09-30,0.0160714106
2004-10-01,0.0216505168
2004-10-04,0.021448478
2004-10-05,0.0223499
2004-10-06,0.01752144
2004-10-07,0.0220701486
2004-10-08,0.021879158
2004-10-11,0.020151968
2004-10-12,0.0158428376
2004-10-13,0.0232210734
2004-10-14,0.0209699544
2004-10-15,0.0183561965
2004-10-18,0.0177448866
2004-10-19,0.0168217563
2004-10-20,0.0176388499
2004-10-21,0.0187575155
2004-10-22,0.0192749968
2004-10-25,0.0159775477
2004-10-26,0.0179742651
2004-10-27,0.0217220188
2004-10-28,0.0172521265
2004-10-29,0.0174410409
2004-11-01,0.0168542172
2004-11-02,0.0205303345
2004-11-03,0.0227863027
2004-11-04,0.0230984758
2004-11-05,0.0197805415
2004-11-08,0.0197261596
2004-11-09,0.0147120518
2004-11-10,0.020965382
2004-11-11,0.0190662543
2004-11-12,0.0185933716
2004-11-15,0.0199563591
2004-11-16,0.0154164871
2004-11-17,0.0149287668
2004-11-18,0.0179985331
2004-11-19,0.0204583875
2004-11-22,0.0244397595
2004-11-23,0.019752291
2004-11-24,0.0207779685
2004-11-26,0.0173031426
2004-11-29,0.0204406644
2004-11-30,0.0176128481
2004-12-01,0.0223325286
2004-12-02,0.0188652116
2004-12-03,0.015038207
2004-12-06,0.0219033662
2004-12-07,0.0220045725
2004-12-08,0.0168702682
2004-12-09,0.0159508633
2004-12-10,0.018521801
2004-12-13,0.020757139
2004-12-14,0.0416451555
2004-12-15,0.0148620955
2004-12-16,0.01983609
2004-12-17,0.0199228789
2004-12-20,0.0154495594
2004-12-21,0.0176911611
2004-12-22,0.0167304106
2004-12-23,0.0144689023
2004-12-27,0.0171076201
2004-12-28,0.017584063
2004-12-29,0.0120574165
2004-12-30,0.0184421073
2004-12-31,0.0121654556
2005-01-03,0.0179570936
2005-01-04,0.0217323454
2005-01-05,0.0198667612
2005-01-06,0.0180137283
2005-01-07,0.0168192118
2005-01-10,0.0167506704
2005-01-11,0.0174222764
2005-01-12,0.0165605525
2005-01-13,0.0155829098
2005-01-14,0.0188752452
2005-01-18,0.0159020567
2005-01-19,0.019650686
2005-01-20,0.0143593511
2005-01-21,0.0164685165
2005-01-24,0.0160890419
2005-01-25,0.0180969196
2005-01-26,0.0191083982
2005-01-27,0.0162698982
2005-01-28,0.0161631929
2005-01-31,0.0174556117
2005-02-01,0.0207821555
2005-02-02,0.0204845322
2005-02-03,0.0184815059
2005-02-04,0.022633326
2005-02-07,0.0179847944
2005-02-08,0.0192283603
2005-02-09,0.0185711258
2005-02-10,0.0209859476
2005-02-11,0.0204670944
2005-02-14,0.0184055053
2005-02-15,0.0199835555
2005-02-16,0.0249123031
2005-02-17,0.0192632853
2005-02-18,0.0165923974
2005-02-22,0.025331547
2005-02-23,0.0149311355
2005-02-24,0.0203791671
2005-02-25,0.020032667
2005-02-28,0.0181835483
2005-03-01,0.0287072563
2005-03-02,0.0185823548
2005-03-03,0.0236635534
2005-03-04,0.0201513387
2005-03-07,0.0167592849
2005-03-08,0.0146739391
2005-03-09,0.0169699845
2005-03-10,0.0183372444
2005-03-11,0.014908801
2005-03-14,0.0143649562
2005-03-15,0.016452558
2005-03-16,0.0156590599
2005-03-17,0.0195979883
2005-03-18,0.018119832
2005-03-21,0.0167070069
2005-03-22,0.0175604049
2005-03-23,0.0229879988
2005-03-24,0.0160820415
2005-03-28,0.0168876078
2005-03-29,0.0200595206
2005-03-30,0.0166001794
2005-03-31,0.0210542099
2005-04-01,0.0193221667
2005-04-04,0.01438592
2005-04-05,0.0186750261
2005-04-06,0.020962872
2005-04-07,0.0129010246
2005-04-08,0.0145081336
2005-04-11,0.0181172274
2005-04-12,0.0203255048
2005-04-13,0.0213027151
2005-04-14,0.0186337645
2005-04-15,0.0253834683
2005-04-18,0.0243840542
2005-04-19,0.020536416
2005-04-20,0.0221099902
2005-04-21,0.0243449512
2005-04-22,0.0255469216
2005-04-25,0.0213338685
2005-04-26,0.0219422324
2005-04-27,0.0207986367
2005-04-28,0.0218259246
2005-04-29,0.0215126942
2005-05-02,0.0233786255
2005-05-03,0.0249430438
2005-05-04,0.0263255463
2005-05-05,0.0207781809
2005-05-06,0.0187256609
2005-05-09,0.0172652607
2005-05-10,0.0216280488
2005-05-11,0.0158934575
2005-05-12,0.0209345098
2005-05-13,0.0222229712
2005-05-16,0.0209768308
2005-05-17,0.0198318462
2005-05-18,0.0244995917
2005-05-19,0.0197754802
2005-05-20,0.0135084366
2005-05-23,0.0199014798
2005-05-24,0.0180856228
2005-05-25,0.020860134
2005-05-26,0.0202757067
2005-05-27,0.015937727
2005-05-31,0.0175735775
2005-06-01,0.0178018849
2005-06-02,0.0197357463
2005-06-03,0.0177885759
2005-06-06,0.0150389123
2005-06-07,0.0192423414
2005-06-08,0.0154577643
2005-06-09,0.0200844598
2005-06-10,0.019864271
2005-06-13,0.0209577843
2005-06-14,0.026901605
2005-06-15,0.0185737866
2005-06-16,0.0158972065
2005-06-17,0.019663158
2005-06-20,0.0257219112
2005-06-21,0.0175166307
2005-06-22,0.0150179631
2005-06-23,0.0232199229
2005-06-24,0.0236688189
2005-06-27,0.0202440711
2005-06-28,0.0183441638
2005-06-29,0.0233454833
2005-06-30,0.0142422434
2005-07-01,0.0173776869
2005-07-05,0.0202827105
2005-07-06,0.0164563749
2005-07-07,0.0141904152
2005-07-08,0.0172944118
2005-07-11,0.0175890058
2005-07-12,0.0209079967
2005-07-13,0.0200586869
2005-07-14,0.0180306378
2005-07-15,0.014159703
2005-07-18,0.0173410115
2005-07-19,0.028011115
2005-07-20,0.0185489502
2005-07-21,0.015428124
2005-07-22,0.0173900158
2005-07-25,0.0217495456
2005-07-26,0.0268677762
2005-07-27,0.0209915615
2005-07-28,0.0197439321
2005-07-29,0.0192455947
2005-08-01,0.0199218113
2005-08-02,0.0229100888
2005-08-03,0.0194366647
2005-08-04,0.0226546868
2005-08-05,0.0214093752
2005-08-08,0.0253780266
2005-08-09,0.0171985854
2005-08-10,0.022065188
2005-08-11,0.0192742557
2005-08-12,0.0163735862
2005-08-15,0.0202459922
2005-08-16,0.021353466
2005-08-17,0.0199520821
2005-08-18,0.0142771947
2005-08-19,0.0160008365
2005-08-22,0.015987179
2005-08-23,0.0240603047
2005-08-24,0.0207494283
2005-08-25,0.0169003347
2005-08-26,0.0168690962
2005-08-29,0.0159475947
2005-08-30,0.0342887589
2005-08-31,0.0236267004
2005-09-01,0.0215860074
2005-09-02,0.0180779175
2005-09-06,0.0175843861
2005-09-07,0.015771429
2005-09-08,0.0183139379
2005-09-09,0.0192905475
2005-09-12,0.0166735925
2005-09-13,0.0154793005
2005-09-14,0.0227976979
2005-09-15,0.0181410074
2005-09-16,0.0186674464
2005-09-19,0.0250006394
2005-09-20,0.0217645325
2005-09-21,0.0224641916
2005-09-22,0.0165905484
2005-09-23,0.0175388693
2005-09-26,0.0210922049
2005-09-27,0.0201891923
2005-09-28,0.0185445525
2005-09-29,0.026889351
2005-09-30,0.0232025211
2005-10-03,0.0210054068
2005-10-04,0.0223943709
2005-10-05,0.0197973332
2005-10-06,0.0258612574
2005-10-07,0.0192505849
2005-10-10,0.0221796773
2005-10-11,0.02435325
2005-10-12,0.0236405618
2005-10-13,0.0206040089
2005-10-14,0.0188701657
2005-10-17,0.0192474763
2005-10-18,0.0199679234
2005-10-19,0.0237371283
2005-10-20,0.0215976805
2005-10-21,0.0184128774
2005-10-24,0.0210525418
2005-10-25,0.0198885159
2005-10-26,0.0160507115
2005-10-27,0.0175656553
2005-10-28,0.0224619811
2005-10-31,0.0232180799
2005-11-01,0.0235256777
2005-11-02,0.0240331838
2005-11-03,0.0192626483
2005-11-04,0.0221011923
2005-11-07,0.0222792258
2005-11-08,0.0197814904
2005-11-09,0.0194117298
2005-11-10,0.0230790388
2005-11-11,0.0207473894
2005-11-14,0.0174307648
2005-11-15,0.0246523034
2005-11-16,0.0206854945
2005-11-17,0.0249036627
2005-11-18,0.0184016566
2005-11-21,0.0291297068
2005-11-22,0.0200054264
2005-11-23,0.0168862531
2005-11-25,0.0129482112
2005-11-28,0.0192137027
2005-11-29,0.0242628256
2005-11-30,0.0165271249
2005-12-01,0.0229685705
2005-12-02,0.0178551982
2005-12-05,0.0188771695
2005-12-06,0.0180581363
2005-12-07,0.0122181048
2005-12-08,0.0174749562
2005-12-09,0.0164733565
2005-12-12,0.0159808262
2005-12-13,0.0161535871
2005-12-14,0.0147508857
2005-12-15,0.0192935303
2005-12-16,0.0190756975
2005-12-19,0.0171799712
2005-12-20,0.0149523683
2005-12-21,0.0175688314
2005-12-22,0.0178743389
2005-12-23,0.0114903894
2005-12-27,0.0170870592
2005-12-28,0.0175263306
2005-12-29,0.0200034553
2005-12-30,0.0168002289
2006-01-03,0.0228473462
2006-01-04,0.0198203462
2006-01-05,0.0251621461
2006-01-06,0.0145622286
2006-01-09,0.0177614769
2006-01-10,0.0192696468
2006-01-11,0.0198211672
2006-01-12,0.023416287
2006-01-13,0.0145234199
2006-01-17,0.023536125
2006-01-18,0.0156264765
2006-01-19,0.0203001298
2006-01-20,0.0198000333
2006-01-23,0.0264025355
2006-01-24,0.0200387825
2006-01-25,0.0205101176
2006-01-26,0.0264667012
2006-01-27,0.0165177633
2006-01-30,0.0333388443
2006-01-31,0.0243963438
2006-02-01,0.0300086479
2006-02-02,0.0215253674
2006-02-03,0.0207095028
2006-02-06,0.0175361036
2006-02-07,0.0214802445
2006-02-08,0.0195230688
2006-02-09,0.019670892
2006-02-10,0.0191074834
2006-02-13,0.0179562337
2006-02-14,0.0187322332
2006-02-15,0.0183642733
2006-02-16,0.0209189919
2006-02-17,0.0165433495
2006-02-21,0.0220377411
2006-02-22,0.0185228434
2006-02-23,0.016590024
2006-02-24,0.0194572537
2006-02-27,0.0218049614
2006-02-28,0.0172609035
2006-03-01,0.0242772221
2006-03-02,0.0190347032
2006-03-03,0.0153786446
2006-03-06,0.0170897944
2006-03-07,0.0161069419
2006-03-08,0.0204890418
2006-03-09,0.0165700626
2006-03-10,0.0167147755
2006-03-13,0.0163906046
2006-03-14,0.017890739
2006-03-15,0.0165310999
2006-03-16,0.0227447818
2006-03-17,0.0165341552
2006-03-20,0.0202199103
2006-03-21,0.0173271276
2006-03-22,0.0161691271
2006-03-23,0.019892854
2006-03-24,0.0172663464
2006-03-27,0.0177370069
2006-03-28,0.0200982878
2006-03-29,0.0289941598
2006-03-30,0.0182487405
2006-03-31,0.0133047243
2006-04-03,0.0166601994
2006-04-04,0.0140609357
2006-04-05,0.0192788131
2006-04-06,0.018021859
2006-04-07,0.0176604699
2006-04-10,0.0214304413
2006-04-11,0.0233987686
2006-04-12,0.0185406427
2006-04-13,0.0177578092
2006-04-17,0.0221153591
2006-04-18,0.0240594543
2006-04-19,0.0211421375
2006-04-20,0.0216874384
2006-04-21,0.0196681932
2006-04-24,0.0234106656
2006-04-25,0.020780853
2006-04-26,0.0228206055
2006-04-27,0.0189853566
2006-04-28,0.0183085599
2006-05-01,0.0186121584
2006-05-02,0.0231660091
2006-05-03,0.01940199
2006-05-04,0.0228578812
2006-05-05,0.0182814759
2006-05-08,0.0214766619
2006-05-09,0.0167135275
2006-05-10,0.0200620446
2006-05-11,0.0247962699
2006-05-12,0.0253829198
2006-05-15,0.0267854403
2006-05-16,0.0188439419
2006-05-17,0.019126726
2006-05-18,0.0223564444
2006-05-19,0.0210580185
2006-05-22,0.0251905521
2006-05-23,0.0278006257
2006-05-24,0.0223325274
2006-05-25,0.0234556955
2006-05-26,0.0168277495
2006-05-30,0.0196857176
2006-05-31,0.0187992922
2006-06-01,0.0209027529
2006-06-02,0.0191866715
2006-06-05,0.0176942394
2006-06-06,0.018814749
2006-06-07,0.0172966795
2006-06-08,0.0189447377
2006-06-09,0.0145284606
2006-06-12,0.0240097123
2006-06-13,0.0273130422
2006-06-14,0.0240860724
2006-06-15,0.0329486284
2006-06-16,0.0172768506
2006-06-19,0.0219421707
2006-06-20,0.0180290437
2006-06-21,0.018947358
2006-06-22,0.0181136288
2006-06-23,0.0219693575
2006-06-26,0.0143656258
2006-06-27,0.0168192844
2006-06-28,0.023919884
2006-06-29,0.0270926715
2006-06-30,0.0315520922
2006-07-03,0.0167121429
2006-07-05,0.0190781035
2006-07-06,0.0162843545
2006-07-07,0.0169055435
2006-07-10,0.0200860884
2006-07-11,0.0163452125
2006-07-12,0.0157288562
2006-07-13,0.0190680227
2006-07-14,0.0178099216
2006-07-17,0.0159562897
2006-07-18,0.0208564389
2006-07-19,0.0207670573
2006-07-20,0.024514281
2006-07-21,0.0216688972
2006-07-24,0.0242017729
2006-07-25,0.0248336061
2006-07-26,0.0230558815
2006-07-27,0.0196606377
2006-07-28,0.0194807614
2006-07-31,0.0194768422
2006-08-01,0.0197014548
2006-08-02,0.0192012996
2006-08-03,0.0200361759
2006-08-04,0.0179468951
2006-08-07,0.0148534537
2006-08-08,0.0177610638
2006-08-09,0.0167653651
2006-08-10,0.0207542058
2006-08-11,0.0174513752
2006-08-14,0.0237741521
2006-08-15,0.0193776446
2006-08-16,0.0218510694
2006-08-17,0.0184742942
2006-08-18,0.0136448853
2006-08-21,0.0166302301
2006-08-22,0.015834943
2006-08-23,0.0141658879
2006-08-24,0.0147857504
2006-08-25,0.0142715233
2006-08-28,0.0158138926
2006-08-29,0.0147152585
2006-08-30,0.0205489864
2006-08-31,0.0143159423
2006-09-01,0.0170307934
2006-09-05,0.0208811749
2006-09-06,0.0196507273
2006-09-07,0.0159387359
2006-09-08,0.0143394969
2006-09-11,0.0247993431
2006-09-12,0.0209852694
2006-09-13,0.0159388562
2006-09-14,0.015519543
2006-09-15,0.016016557
2006-09-18,0.0185136898
2006-09-19,0.0172729233
2006-09-20,0.0196411023
2006-09-21,0.0171092767
2006-09-22,0.0176864446
2006-09-25,0.0221098893
2006-09-26,0.0168114926
2006-09-27,0.0261583074
2006-09-28,0.0214837468
2006-09-29,0.0284496516
2006-10-02,0.0221653228
2006-10-03,0.0219139484
2006-10-04,0.0191710127
2006-10-05,0.0173976828
2006-10-06,0.01639124
2006-10-09,0.015791554
2006-10-10,0.0171899405
2006-10-11,0.0192306106
2006-10-12,0.0198671851
2006-10-13,0.0148534737
2006-10-16,0.0208161236
2006-10-17,0.0138880083
2006-10-18,0.0189342671
2006-10-19,0.0194163398
2006-10-20,0.0151906463
2006-10-23,0.0129551683
2006-10-24,0.0172127926
2006-10-25,0.0186830764
2006-10-26,0.0165493127
2006-10-27,0.0175147583
2006-10-30,0.0173363613
2006-10-31,0.0155518062
2006-11-01,0.0200523284
2006-11-02,0.0166563586
2006-11-03,0.0189670559
2006-11-06,0.0231991405
2006-11-07,0.0217334481
2006-11-08,0.0218851234
2006-11-09,0.0171183915
2006-11-10,0.0232687954
2006-11-13,0.0165262841
2006-11-14,0.0160612805
2006-11-15,0.0202369664
2006-11-16,0.0188279936
2006-11-17,0.0163459007
2006-11-20,0.0134290275
2006-11-21,0.0162843601
2006-11-22,0.0164481533
2006-11-24,0.0123679007
2006-11-27,0.0204091163
2006-11-28,0.018446054
2006-11-29,0.0232062725
2006-11-30,0.0193823568
2006-12-01,0.0152719337
2006-12-04,0.0197499251
2006-12-05,0.0183708519
2006-12-06,0.0156844099
2006-12-07,0.0141031143
2006-12-08,0.0104338203
2006-12-11,0.0143762473
2006-12-12,0.0149968607
2006-12-13,0.0140324652
2006-12-14,0.0148746914
2006-12-15,0.0154430726
2006-12-18,0.0169696747
2006-12-19,0.0146900091
2006-12-20,0.0170088532
2006-12-21,0.0144203706
2006-12-22,0.0131426671
2006-12-26,0.0149958319
2006-12-27,0.0191813852
2006-12-28,0.0151863039
2006-12-29,0.0186682955
2007-01-03,0.0248375032
2007-01-04,0.0175117724
2007-01-05,0.0137100765
2007-01-08,0.0167368104
2007-01-09,0.0205280064
2007-01-10,0.0171784257
2007-01-11,0.0152229013
2007-01-12,0.0181025918
2007-01-16,0.0161126382
2007-01-17,0.0141937786
2007-01-18,0.0167431162
2007-01-19,0.0165462258
2007-01-22,0.0212336563
2007-01-23,0.0177828617
2007-01-24,0.0181781474
2007-01-25,0.0175127864
2007-01-26,0.0181049515
2007-01-29,0.0195036006
2007-01-30,0.0168706908
2007-01-31,0.0131014138
2007-02-01,0.0176736578
2007-02-02,0.0142385933
2007-02-05,0.0192150493
2007-02-06,0.0182251825
2007-02-07,0.01750883
2007-02-08,0.0147040308
2007-02-09,0.0174551199
2007-02-12,0.0179183859
2007-02-13,0.0140744976
2007-02-14,0.0209696204
2007-02-15,0.0144183682
2007-02-16,0.0135040751
2007-02-20,0.018340411
2007-02-21,0.0194404141
2007-02-22,0.0200020337
2007-02-23,0.0194520639
2007-02-26,0.0234106474
2007-02-27,0.0253283374
2007-02-28,0.0199489417
2007-03-01,0.0188968176
2007-03-02,0.0150976332
2007-03-05,0.0226447481
2007-03-06,0.0232830428
2007-03-07,0.0176601955
2007-03-08,0.0205479933
2007-03-09,0.0173063526
2007-03-12,0.0210621477
2007-03-13,0.0201158698
2007-03-14,0.0268781668
2007-03-15,0.0175334499
2007-03-16,0.0156407354
2007-03-19,0.0189843793
2007-03-20,0.0152904921
2007-03-21,0.0137025427
2007-03-22,0.0206039007
2007-03-23,0.0165667686
2007-03-26,0.0155204108
2007-03-27,0.0148233264
2007-03-28,0.0180043885
2007-03-29,0.0211966992
2007-03-30,0.0169462669
2007-04-02,0.0162224655
2007-04-03,0.0195560485
2007-04-04,0.0191114007
2007-04-05,0.0130859707
2007-04-09,0.0177154685
2007-04-10,0.0198165039
2007-04-11,0.0150797933
2007-04-12,0.0183431266
2007-04-13,0.0186423787
2007-04-16,0.0278397136
2007-04-17,0.0197872211
2007-04-18,0.0192335792
2007-04-19,0.0171502319
2007-04-20,0.018099661
2007-04-23,0.0172857873
2007-04-24,0.0151675792
2007-04-25,0.0176878462
2007-04-26,0.0181988923
2007-04-27,0.018034521
2007-04-30,0.0210181307
2007-05-01,0.01985995
2007-05-02,0.0185274698
2007-05-03,0.0172462347
2007-05-04,0.0167042212
2007-05-07,0.0172703289
2007-05-08,0.0156361261
2007-05-09,0.0167676704
2007-05-10,0.0171649484
2007-05-11,0.0184175326
2007-05-14,0.0159003101
2007-05-15,0.0187546822
2007-05-16,0.0172738562
2007-05-17,0.0171765101
2007-05-18,0.0194433106
2007-05-21,0.0200856271
2007-05-22,0.019323939
2007-05-23,0.0172426811
2007-05-24,0.0150033667
2007-05-25,0.01883046
2007-05-29,0.0151395192
2007-05-30,0.0190358761
2007-05-31,0.020863158
2007-06-01,0.0197839439
2007-06-04,0.0144421892
2007-06-05,0.0218262915
2007-06-06,0.0159712768
2007-06-07,0.0158482717
2007-06-08,0.0142623389
2007-06-11,0.01783338
2007-06-12,0.0148420054
2007-06-13,0.0162825656
2007-06-14,0.016592623
2007-06-15,0.0208728729
2007-06-18,0.0166851717
2007-06-19,0.0199414402
2007-06-20,0.019728341
2007-06-21,0.0201735778
2007-06-22,0.0228525703
2007-06-25,0.0180552771
2007-06-26,0.0214178474
2007-06-27,0.0215205034
2007-06-28,0.0229064544
2007-06-29,0.0179707636
2007-07-02,0.0188003312
2007-07-03,0.0146256314
2007-07-05,0.017830004
2007-07-06,0.0174403805
2007-07-09,0.0273150077
2007-07-10,0.0204469686
2007-07-11,0.0186828265
2007-07-12,0.0213913772
2007-07-13,0.01592353
2007-07-16,0.021626613
2007-07-17,0.0189278831
2007-07-18,0.0187299613
2007-07-19,0.0204663727
2007-07-20,0.0134508923
2007-07-23,0.018340298
2007-07-24,0.020311162
2007-07-25,0.0202928006
2007-07-26,0.0208953563
2007-07-27,0.0215233781
2007-07-30,0.0236655513
2007-07-31,0.0301114781
2007-08-01,0.0261007488
2007-08-02,0.020719051
2007-08-03,0.0222244616
2007-08-06,0.0325234594
2007-08-07,0.0372020689
2007-08-08,0.0420399627
2007-08-09,0.0339287028
2007-08-10,0.0394833896
2007-08-13,0.0301585146
2007-08-14,0.0206438264
2007-08-15,0.0205217336
2007-08-16,0.0364846833
2007-08-17,0.0219537997
2007-08-20,0.0238608742
2007-08-21,0.0171654634
2007-08-22,0.0197723872
2007-08-23,0.0179263814
2007-08-24,0.0148570527
2007-08-27,0.0201037451
2007-08-28,0.017461076
2007-08-29,0.0200416872
2007-08-30,0.0179564824
2007-08-31,0.0181607388
2007-09-04,0.0196460947
2007-09-05,0.0170262812
2007-09-06,0.0158947451
2007-09-07,0.0179494053
2007-09-10,0.016641779
2007-09-11,0.0206878245
2007-09-12,0.0199627765
2007-09-13,0.015305672
2007-09-14,0.017135611
2007-09-17,0.0136911626
2007-09-18,0.0245000848
2007-09-19,0.0194314318
2007-09-20,0.0251350481
2007-09-21,0.0222385408
2007-09-24,0.0242963929
2007-09-25,0.024140059
2007-09-26,0.0208580313
2007-09-27,0.0256733352
2007-09-28,0.0218859355
2007-10-01,0.022644126
2007-10-02,0.0208738299
2007-10-03,0.0197743854
2007-10-04,0.0191655296
2007-10-05,0.0204962517
2007-10-08,0.0172983304
2007-10-09,0.0189274495
2007-10-10,0.0161358477
2007-10-11,0.0198039976
2007-10-12,0.0207494516
2007-10-15,0.0181897071
2007-10-16,0.017063906
2007-10-17,0.0203596613
2007-10-18,0.0184420966
2007-10-19,0.020094464
2007-10-22,0.0224138143
2007-10-23,0.0216867173
2007-10-24,0.0182120243
2007-10-25,0.0208032433
2007-10-26,0.0224961586
2007-10-29,0.0234778344
2007-10-30,0.0200388913
2007-10-31,0.0238412347
2007-11-01,0.0243689977
2007-11-02,0.0248515705
2007-11-05,0.02258203
2007-11-06,0.0319010457
2007-11-07,0.0217380884
2007-11-08,0.0313501503
2007-11-09,0.0310240182
2007-11-12,0.0370162709
2007-11-13,0.0255090014
2007-11-14,0.024731086
2007-11-15,0.0206842169
2007-11-16,0.0240586484
2007-11-19,0.029069872
2007-11-20,0.0251726575
2007-11-21,0.0231577898
2007-11-23,0.0194593621
2007-11-26,0.0261710652
2007-11-27,0.023497095
2007-11-28,0.0253227425
2007-11-29,0.0338724979
2007-11-30,0.0205090014
2007-12-03,0.0267402408
2007-12-04,0.0228240761
2007-12-05,0.0236470137
2007-12-06,0.0264132206
2007-12-07,0.0294323543
2007-12-10,0.0208437726
2007-12-11,0.0269264277
2007-12-12,0.0244555771
2007-12-13,0.0263624442
2007-12-14,0.0238774581
2007-12-17,0.0285912149
2007-12-18,0.0285793911
2007-12-19,0.0226685385
2007-12-20,0.0233093436
2007-12-21,0.0286669824
2007-12-24,0.0265299366
2007-12-26,0.026779298
2007-12-27,0.0303035834
2007-12-28,0.0273079932
2007-12-31,0.0217129722
2008-01-02,0.0273808582
2008-01-03,0.0273624132
2008-01-04,0.026595689
2008-01-07,0.0301642176
2008-01-08,0.0279539793
2008-01-09,0.0287863144
2008-01-10,0.0206182478
2008-01-11,0.0254717213
2008-01-14,0.0212301604
2008-01-15,0.031806636
2008-01-16,0.034378076
2008-01-17,0.0315783057
2008-01-18,0.0292764224
2008-01-22,0.0253518223
2008-01-23,0.0354594259
2008-01-24,0.0290098886
2008-01-25,0.0250792974
2008-01-28,0.0252997542
2008-01-29,0.0227982825
2008-01-30,0.0206899066
2008-01-31,0.0237697376
2008-02-01,0.0233271418
2008-02-04,0.0277951887
2008-02-05,0.0232702871
2008-02-06,0.0218569821
2008-02-07,0.0328023965
2008-02-08,0.0215437354
2008-02-11,0.0292932426
2008-02-12,0.0256136896
2008-02-13,0.033670948
2008-02-14,0.0239223827
2008-02-15,0.0188721135
2008-02-19,0.0227390576
2008-02-20,0.0226455684
2008-02-21,0.0221173481
2008-02-22,0.0212118806
2008-02-25,0.0259229788
2008-02-26,0.0222345324
2008-02-27,0.0281754762
2008-02-28,0.0242192502
2008-02-29,0.0201503566
2008-03-03,0.0250473016
2008-03-04,0.0211388971
2008-03-05,0.026091964
2008-03-06,0.0246490317
2008-03-07,0.0244967203
2008-03-10,0.0321892606
2008-03-11,0.0295635797
2008-03-12,0.0246144645
2008-03-13,0.0249920295
2008-03-14,0.0234625488
2008-03-17,0.0304330159
2008-03-18,0.0340620168
2008-03-19,0.0323007982
2008-03-20,0.033342526
2008-03-24,0.0276506289
2008-03-25,0.0358700723
2008-03-26,0.0223090353
2008-03-27,0.0369012906
2008-03-28,0.0279332449
2008-03-31,0.0242986248
2008-04-01,0.0222156999
2008-04-02,0.0275567561
2008-04-03,0.0258587937
2008-04-04,0.0273746095
2008-04-07,0.0246001051
2008-04-08,0.0162708822
2008-04-09,0.0197792404
2008-04-10,0.0236704674
2008-04-11,0.0244930491
2008-04-14,0.0238088632
2008-04-15,0.020560721
2008-04-16,0.0273746931
2008-04-17,0.0197040963
2008-04-18,0.0218649041
2008-04-21,0.0194174305
2008-04-22,0.0255699297
2008-04-23,0.0245068989
2008-04-24,0.0213331156
2008-04-25,0.0249347513
2008-04-28,0.0233337292
2008-04-29,0.0200718394
2008-04-30,0.0198919428
2008-05-01,0.0245566473
2008-05-02,0.0248791272
2008-05-05,0.024275887
2008-05-06,0.0282286741
2008-05-07,0.0246843099
2008-05-08,0.03282197
2008-05-09,0.0219197906
2008-05-12,0.0250600276
2008-05-13,0.0338639031
2008-05-14,0.0292533194
2008-05-15,0.0221823887
2008-05-16,0.0232682924
2008-05-19,0.0401056337
2008-05-20,0.0253788841
2008-05-21,0.0227277762
2008-05-22,0.0272379633
2008-05-23,0.023697551
2008-05-27,0.0237390007
2008-05-28,0.0254592278
2008-05-29,0.0265991383
2008-05-30,0.0272034393
2008-06-02,0.0222413771
2008-06-03,0.0205382366
2008-06-04,0.0212714088
2008-06-05,0.0293236614
2008-06-06,0.0247785202
2008-06-09,0.0305223741
2008-06-10,0.0274197577
2008-06-11,0.0244281951
2008-06-12,0.0246520018
2008-06-13,0.0214994409
2008-06-16,0.0310875648
2008-06-17,0.0252724021
2008-06-18,0.0237363883
2008-06-19,0.0282406555
2008-06-20,0.02484495
2008-06-23,0.0310667891
2008-06-24,0.0226669949
2008-06-25,0.0255963451
2008-06-26,0.0352010474
2008-06-27,0.0389081012
2008-06-30,0.0360862195
2008-07-01,0.0337826045
2008-07-02,0.0285469575
2008-07-03,0.0266173896
2008-07-07,0.027460002
2008-07-08,0.0293768579
2008-07-09,0.0251025966
2008-07-10,0.0261706634
2008-07-11,0.025906809
2008-07-14,0.0283070035
2008-07-15,0.0257673408
2008-07-16,0.0359763333
2008-07-17,0.0352619974
2008-07-18,0.0258437804
2008-07-21,0.0261449481
2008-07-22,0.0387626548
2008-07-23,0.0300405042
2008-07-24,0.0298454008
2008-07-25,0.0255069983
2008-07-28,0.0235062037
2008-07-29,0.0320523657
2008-07-30,0.0247731595
2008-07-31,0.0259668841
2008-08-01,0.0225047387
2008-08-04,0.0284203806
2008-08-05,0.0303208754
2008-08-06,0.0349165707
2008-08-07,0.0295241998
2008-08-08,0.0337527257
2008-08-11,0.0333634428
2008-08-12,0.0272744385
2008-08-13,0.0319981477
2008-08-14,0.021433946
2008-08-15,0.0301550649
2008-08-18,0.0233636038
2008-08-19,0.0279797979
2008-08-20,0.0259520334
2008-08-21,0.0179034509
2008-08-22,0.0194801103
2008-08-25,0.0193329148
2008-08-26,0.0231784318
2008-08-27,0.0166684167
2008-08-28,0.0204952231
2008-08-29,0.019934458
2008-09-02,0.0275886433
2008-09-03,0.0283675077
2008-09-04,0.026861929
2008-09-05,0.0225547399
2008-09-08,0.026249706
2008-09-09,0.0415381207
2008-09-10,0.0345302166
2008-09-11,0.0245198426
2008-09-12,0.0275853346
2008-09-15,0.0366227361
2008-09-16,0.0380686708
2008-09-17,0.0424570568
2008-09-18,0.052615057
2008-09-19,0.0634124582
2008-09-22,0.0381282062
2008-09-23,0.0322505385
2008-09-24,0.0317419546
2008-09-25,0.0229610104
2008-09-26,0.0380067398
2008-09-29,0.1025210698
2008-09-30,0.0585063735
2008-10-01,0.0431679142
2008-10-02,0.0406063111
2008-10-03,0.0313936513
2008-10-06,0.0467404959
2008-10-07,0.0523587087
2008-10-08,0.0537365539
2008-10-09,0.0485889452
2008-10-10,0.0828922803
2008-10-13,0.0711629188
2008-10-14,0.0474811784
2008-10-15,0.0508898699
2008-10-16,0.0591554483
2008-10-17,0.0434322839
2008-10-20,0.045534229
2008-10-21,0.0330871401
2008-10-22,0.0411296738
2008-10-23,0.0445752293
2008-10-24,0.0391501101
2008-10-27,0.0408689459
2008-10-28,0.0545328693
2008-10-29,0.0639772892
2008-10-30,0.0512962949
2008-10-31,0.0480904848
2008-11-03,0.0582629822
2008-11-04,0.0621188459
2008-11-05,0.0476890924
2008-11-06,0.0439911996
2008-11-07,0.0427360836
2008-11-10,0.0407075669
2008-11-11,0.0424827266
2008-11-12,0.0470086544
2008-11-13,0.0635723219
2008-11-14,0.0413369224
2008-11-17,0.0377525449
2008-11-18,0.0439980462
2008-11-19,0.0446652847
2008-11-20,0.0629889004
2008-11-21,0.0698860639
2008-11-24,0.0781434053
2008-11-25,0.0455417467
2008-11-26,0.0552716628
2008-11-28,0.0373999576
2008-12-01,0.0550817079
2008-12-02,0.0487562353
2008-12-03,0.0531650341
2008-12-04,0.0491129344
2008-12-05,0.0386522151
2008-12-08,0.0592012509
2008-12-09,0.0455309089
2008-12-10,0.0441259451
2008-12-11,0.0390189769
2008-12-12,0.0413467657
2008-12-15,0.0286554
2008-12-16,0.0395890757
2008-12-17,0.0466298499
2008-12-18,0.037981333
2008-12-19,0.0468273759
2008-12-22,0.0395260634
2008-12-23,0.0330879789
2008-12-24,0.023476805
2008-12-26,0.0324316812
2008-12-29,0.0546957515
2008-12-30,0.0532640989
2008-12-31,0.0506729905
2009-01-02,0.0462552369
2009-01-05,0.0469410892
2009-01-06,0.0468848443
2009-01-07,0.0367656786
2009-01-08,0.0389422592
2009-01-09,0.0312680308
2009-01-12,0.0401232014
2009-01-13,0.031915129
2009-01-14,0.031526365
2009-01-15,0.0398568277
2009-01-16,0.0290220759
2009-01-20,0.0341315422
2009-01-21,0.0414392059
2009-01-22,0.0310686315
2009-01-23,0.033433311
2009-01-26,0.0297081598
2009-01-27,0.0238102031
2009-01-28,0.0299471609
2009-01-29,0.0287501394
2009-01-30,0.031827058
2009-02-02,0.0360449394
2009-02-03,0.0296905482
2009-02-04,0.032218613
2009-02-05,0.0313439478
2009-02-06,0.032091142
2009-02-09,0.0293671938
2009-02-10,0.0304108207
2009-02-11,0.0254684812
2009-02-12,0.0256364859
2009-02-13,0.0246581354
2009-02-17,0.0319712059
2009-02-18,0.0298222963
2009-02-19,0.0330781755
2009-02-20,0.0322501529
2009-02-23,0.0326371308
2009-02-24,0.043347525
2009-02-25,0.0415822078
2009-02-26,0.0310122057
2009-02-27,0.0419611354
2009-03-02,0.041967303
2009-03-03,0.0419322672
2009-03-04,0.0373621344
2009-03-05,0.0394349174
2009-03-06,0.0404434007
2009-03-09,0.0400426118
2009-03-10,0.0523469737
2009-03-11,0.0418460882
2009-03-12,0.0448323037
2009-03-13,0.0331145204
2009-03-16,0.0388895291
2009-03-17,0.0430163873
2009-03-18,0.0329947408
2009-03-19,0.0402331484
2009-03-20,0.0403253796
2009-03-23,0.0518440173
2009-03-24,0.0284151207
2009-03-25,0.0372402864
2009-03-26,0.0573686282
2009-03-27,0.0449038369
2009-03-30,0.037735245
2009-03-31,0.1062398343
2009-04-01,0.0399125283
2009-04-02,0.0485849328
2009-04-03,0.0297615083
2009-04-06,0.0292837382
2009-04-07,0.0362025621
2009-04-08,0.0260613488
2009-04-09,0.0337465827
2009-04-13,0.0341536734
2009-04-14,0.0295549518
2009-04-15,0.0260244923
2009-04-16,0.0346308669
2009-04-17,0.0379398701
2009-04-20,0.0343192805
2009-04-21,0.0341216045
2009-04-22,0.0339037389
2009-04-23,0.0269043382
2009-04-24,0.0293456033
2009-04-27,0.0311753493
2009-04-28,0.0299472541
2009-04-29,0.0302402172
2009-04-30,0.0358279188
2009-05-01,0.0290416424
2009-05-04,0.041071258
2009-05-05,0.0374320119
2009-05-06,0.0372601806
2009-05-07,0.0388351632
2009-05-08,0.0489194721
2009-05-11,0.0299596723
2009-05-12,0.0296608628
2009-05-13,0.0275076059
2009-05-14,0.0253183812
2009-05-15,0.0222135872
2009-05-18,0.0306990781
2009-05-19,0.034743722
2009-05-20,0.0298493351
2009-05-21,0.0251854689
2009-05-22,0.0204496629
2009-05-26,0.0298062056
2009-05-27,0.0292934744
2009-05-28,0.0274018602
2009-05-29,0.0345356069
2009-06-01,0.0331409529
2009-06-02,0.0303514664
2009-06-03,0.0277627443
2009-06-04,0.028118285
2009-06-05,0.0306720647
2009-06-08,0.045429361
2009-06-09,0.0310745041
2009-06-10,0.0296173059
2009-06-11,0.0432696796
2009-06-12,0.0260380606
2009-06-15,0.0243864599
2009-06-16,0.0297162311
2009-06-17,0.0246341501
2009-06-18,0.0251664259
2009-06-19,0.025715158
2009-06-22,0.0384380772
2009-06-23,0.0299858184
2009-06-24,0.0263455765
2009-06-25,0.0273516545
2009-06-26,0.0493632335
2009-06-29,0.0398591619
2009-06-30,0.0223075844
2009-07-01,0.0234293762
2009-07-02,0.0229374155
2009-07-06,0.0290245167
2009-07-07,0.0208793582
2009-07-08,0.0258611422
2009-07-09,0.021523285
2009-07-10,0.0199910891
2009-07-13,0.0217026223
2009-07-14,0.0231609749
2009-07-15,0.0231452807
2009-07-16,0.0239374743
2009-07-17,0.0183728501
2009-07-20,0.0235192338
2009-07-21,0.024153051
2009-07-22,0.0175205104
2009-07-23,0.0270173997
2009-07-24,0.0301270648
2009-07-27,0.0211296286
2009-07-28,0.0279367564
2009-07-29,0.0188336297
2009-07-30,0.0257182324
2009-07-31,0.0235488414
2009-08-03,0.0259258364
2009-08-04,0.016483682
2009-08-05,0.0247064102
2009-08-06,0.0310708408
2009-08-07,0.0236466153
2009-08-10,0.0362685896
2009-08-11,0.0259712706
2009-08-12,0.0212401091
2009-08-13,0.022599286
2009-08-14,0.0200623797
2009-08-17,0.0191740013
2009-08-18,0.0261261359
2009-08-19,0.0229775714
2009-08-20,0.0199517498
2009-08-21,0.0243299305
2009-08-24,0.0206457061
2009-08-25,0.0177328903
2009-08-26,0.0165373608
2009-08-27,0.0183621301
2009-08-28,0.0197651401
2009-08-31,0.0177893678
2009-09-01,0.0196853527
2009-09-02,0.0157326245
2009-09-03,0.0203221045
2009-09-04,0.0155422783
2009-09-08,0.0284949529
2009-09-09,0.019859835
2009-09-10,0.0243719052
2009-09-11,0.0218539814
2009-09-14,0.017696854
2009-09-15,0.0228294253
2009-09-16,0.0210598157
2009-09-17,0.0227257556
2009-09-18,0.0202203325
2009-09-21,0.0224299233
2009-09-22,0.0273851202
2009-09-23,0.0223225378
2009-09-24,0.024256931
2009-09-25,0.0265940989
2009-09-28,0.0228422292
2009-09-29,0.0195063013
2009-09-30,0.01723275
2009-10-01,0.0235056367
2009-10-02,0.0185423027
2009-10-05,0.0172708228
2009-10-06,0.0181289067
2009-10-07,0.0143274335
2009-10-08,0.020653449
2009-10-09,0.0158903972
2009-10-12,0.0186132239
2009-10-13,0.0191345266
2009-10-14,0.0220483638
2009-10-15,0.0201543214
2009-10-16,0.0167632461
2009-10-19,0.0175553828
2009-10-20,0.0160625309
2009-10-21,0.0177052385
2009-10-22,0.0163093093
2009-10-23,0.0225112195
2009-10-26,0.0205874937
2009-10-27,0.0230908755
2009-10-28,0.027233771
2009-10-29,0.0296385725
2009-10-30,0.0229104747
2009-11-02,0.0214209282
2009-11-03,0.0282552484
2009-11-04,0.0234696868
2009-11-05,0.0290975078
2009-11-06,0.0211262085
2009-11-09,0.0239562394
2009-11-10,0.020003824
2009-11-11,0.0178247287
2009-11-12,0.0187875053
2009-11-13,0.022012936
2009-11-16,0.0234255536
2009-11-17,0.0194769003
2009-11-18,0.0166407293
2009-11-19,0.0196997435
2009-11-20,0.0181001674
2009-11-23,0.0167684309
2009-11-24,0.0164971877
2009-11-25,0.0236022203
2009-11-27,0.0182099155
2009-11-30,0.0226963292
2009-12-01,0.0274291926
2009-12-02,0.0215996226
2009-12-03,0.0190557521
2009-12-04,0.0219533139
2009-12-07,0.0228727214
2009-12-08,0.0188047723
2009-12-09,0.0194408581
2009-12-10,0.0214882297
2009-12-11,0.0165828521
2009-12-14,0.0245741507
2009-12-15,0.0201211674
2009-12-16,0.0196263584
2009-12-17,0.0169796302
2009-12-18,0.0249771049
2009-12-21,0.0255423846
2009-12-22,0.0225175064
2009-12-23,0.0174214023
2009-12-24,0.0114420501
2009-12-28,0.0235761796
2009-12-29,0.0268582482
2009-12-30,0.0167878364
2009-12-31,0.0141660948
2010-01-04,0.0222189731
2010-01-05,0.0244164978
2010-01-06,0.0214691186
2010-01-07,0.0180899031
2010-01-08,0.0259791062
2010-01-11,0.0230579912
2010-01-12,0.023394544
2010-01-13,0.0193575237
2010-01-14,0.0198283836
2010-01-15,0.0194259701
2010-01-19,0.0181321322
2010-01-20,0.0193953357
2010-01-21,0.0202204447
2010-01-22,0.0219113595
2010-01-25,0.0202594898
2010-01-26,0.0174558487
2010-01-27,0.0190120939
2010-01-28,0.018258703
2010-01-29,0.0189463021
2010-02-01,0.0216678965
2010-02-02,0.0189314282
2010-02-03,0.015931613
2010-02-04,0.0222935324
2010-02-05,0.0225506526
2010-02-08,0.0201077517
2010-02-09,0.0197370281
2010-02-10,0.0209162286
2010-02-11,0.0195654383
2010-02-12,0.0163408567
2010-02-16,0.0228693759
2010-02-17,0.0199074199
2010-02-18,0.0174951717
2010-02-19,0.0202657495
2010-02-22,0.0206822161
2010-02-23,0.0183848415
2010-02-24,0.0156848505
2010-02-25,0.0177369588
2010-02-26,0.0204250069
2010-03-01,0.0187727631
2010-03-02,0.0166850145
2010-03-03,0.0160660256
2010-03-04,0.0153961488
2010-03-05,0.0180199041
2010-03-08,0.0153775879
2010-03-09,0.0175504529
2010-03-10,0.0187740177
2010-03-11,0.0201204146
2010-03-12,0.0190997733
2010-03-15,0.0177555947
2010-03-16,0.0138808044
2010-03-17,0.0174775797
2010-03-18,0.0181022145
2010-03-19,0.0215416939
2010-03-22,0.0230467449
2010-03-23,0.0180514217
2010-03-24,0.0162391412
2010-03-25,0.0183206669
2010-03-26,0.014099307
2010-03-29,0.0259261148
2010-03-30,0.0177937709
2010-03-31,0.0182422665
2010-04-01,0.0207109206
2010-04-05,0.0198542437
2010-04-06,0.0149857528
2010-04-07,0.0208069453
2010-04-08,0.0166392474
2010-04-09,0.0163380204
2010-04-12,0.0160454858
2010-04-13,0.0148191714
2010-04-14,0.0215454484
2010-04-15,0.0184342699
2010-04-16,0.0196725152
2010-04-19,0.0157661496
2010-04-20,0.016867197
2010-04-21,0.0193315798
2010-04-22,0.0176453679
2010-04-23,0.0176974107
2010-04-26,0.0169710473
2010-04-27,0.0185773804
2010-04-28,0.0148296727
2010-04-29,0.0222745716
2010-04-30,0.0259005889
2010-05-03,0.0195933025
2010-05-04,0.0169415308
2010-05-05,0.0194033993
2010-05-06,0.0257850071
2010-05-07,0.0247194379
2010-05-10,0.0272916613
2010-05-11,0.0207159404
2010-05-12,0.0248670017
2010-05-13,0.018272926
2010-05-14,0.0207270378
2010-05-17,0.0239872364
2010-05-18,0.0183484779
2010-05-19,0.0189569695
2010-05-20,0.023101493
2010-05-21,0.0231739181
2010-05-24,0.018647611
2010-05-25,0.0224428346
2010-05-26,0.0239318592
2010-05-27,0.0256266723
2010-05-28,0.0221357638
2010-06-01,0.0236593612
2010-06-02,0.0253033573
2010-06-03,0.0205079579
2010-06-04,0.0197056651
2010-06-07,0.0232804114
2010-06-08,0.0192371125
2010-06-09,0.0178531116
2010-06-10,0.0216943428
2010-06-11,0.0182075871
2010-06-14,0.0182685183
2010-06-15,0.0262132454
2010-06-16,0.0189960571
2010-06-17,0.0152459268
2010-06-18,0.0190170321
2010-06-21,0.0172615844
2010-06-22,0.0174843215
2010-06-23,0.0155796429
2010-06-24,0.0200594133
2010-06-25,0.0271096887
2010-06-28,0.0240475885
2010-06-29,0.0241310632
2010-06-30,0.0245160744
2010-07-01,0.0217122331
2010-07-02,0.0179908678
2010-07-06,0.0236437241
2010-07-07,0.0265422576
2010-07-08,0.018495051
2010-07-09,0.0179577938
2010-07-12,0.0181847842
2010-07-13,0.0195066336
2010-07-14,0.0192813375
2010-07-15,0.0188664073
2010-07-16,0.0168435367
2010-07-19,0.0185580158
2010-07-20,0.0173826473
2010-07-21,0.02211423
2010-07-22,0.0246222769
2010-07-23,0.0194493994
2010-07-26,0.0191383363
2010-07-27,0.0201680635
2010-07-28,0.0193627777
2010-07-29,0.021709111
2010-07-30,0.0230558991
2010-08-02,0.0198855605
2010-08-03,0.0187928975
2010-08-04,0.0191760457
2010-08-05,0.0247124922
2010-08-06,0.0192262306
2010-08-09,0.0205654551
2010-08-10,0.0183914293
2010-08-11,0.0198893076
2010-08-12,0.0192831484
2010-08-13,0.0159769397
2010-08-16,0.0184541695
2010-08-17,0.0200344992
2010-08-18,0.019750237
2010-08-19,0.0209354772
2010-08-20,0.0183106692
2010-08-23,0.0183476477
2010-08-24,0.0179004867
2010-08-25,0.0182767137
2010-08-26,0.0185358614
2010-08-27,0.019607926
2010-08-30,0.0173669855
2010-08-31,0.0206278525
2010-09-01,0.0184891959
2010-09-02,0.0179642145
2010-09-03,0.0160581709
2010-09-07,0.0208951836
2010-09-08,0.0207582094
2010-09-09,0.0162743914
2010-09-10,0.0157955226
2010-09-13,0.0184950448
2010-09-14,0.016135955
2010-09-15,0.0176043705
2010-09-16,0.0156992087
2010-09-17,0.0202432825
2010-09-20,0.020944789
2010-09-21,0.0189118172
2010-09-22,0.0175365069
2010-09-23,0.0197544266
2010-09-24,0.0190001979
2010-09-27,0.0168187844
2010-09-28,0.0226181575
2010-09-29,0.0226980494
2010-09-30,0.0205893044
2010-10-01,0.0184634798
2010-10-04,0.0201797512
2010-10-05,0.0205457768
2010-10-06,0.0211945294
2010-10-07,0.0183056586
2010-10-08,0.0163426191
2010-10-11,0.0238755092
2010-10-12,0.0265358034
2010-10-13,0.0224680336
2010-10-14,0.0197262231
2010-10-15,0.0192647531
2010-10-18,0.0178539936
2010-10-19,0.0205653813
2010-10-20,0.0220873267
2010-10-21,0.0182633522
2010-10-22,0.0196076165
2010-10-25,0.0154732692
2010-10-26,0.0174269364
2010-10-27,0.0185365134
2010-10-28,0.0192819032
2010-10-29,0.0205317086
2010-11-01,0.0221670862
2010-11-02,0.017787028
2010-11-03,0.016104098
2010-11-04,0.0245781925
2010-11-05,0.0201260297
2010-11-08,0.0219789317
2010-11-09,0.0238238702
2010-11-10,0.0221497637
2010-11-11,0.0203340407
2010-11-12,0.0193448627
2010-11-15,0.0140022491
2010-11-16,0.0207224276
2010-11-17,0.0221070792
2010-11-18,0.0190507683
2010-11-19,0.0179541663
2010-11-22,0.0133644303
2010-11-23,0.01646541
2010-11-24,0.017835758
2010-11-26,0.0113693486
2010-11-29,0.0154018884
2010-11-30,0.0180274377
2010-12-01,0.019542472
2010-12-02,0.0197536003
2010-12-03,0.0158004164
2010-12-06,0.020708511
2010-12-07,0.0173911021
2010-12-08,0.0182505063
2010-12-09,0.0161222889
2010-12-10,0.021649846
2010-12-13,0.018209738
2010-12-14,0.018618442
2010-12-15,0.0161365715
2010-12-16,0.0184380213
2010-12-17,0.0218079104
2010-12-20,0.0178587899
2010-12-21,0.0162129618
2010-12-22,0.0172889798
2010-12-23,0.0131544351
2010-12-27,0.0159895938
2010-12-28,0.0133728645
2010-12-29,0.0194999165
2010-12-30,0.0133647504
2010-12-31,0.0128668709
2011-01-03,0.0176882878
2011-01-04,0.0237708585
2011-01-05,0.0185037438
2011-01-06,0.0196691068
2011-01-07,0.0160683056
2011-01-10,0.0194110582
2011-01-11,0.0187873524
2011-01-12,0.0173086937
2011-01-13,0.0174151453
2011-01-14,0.0169873822
2011-01-18,0.0242388162
2011-01-19,0.0241292647
2011-01-20,0.0177881814
2011-01-21,0.017187705
2011-01-24,0.0200265037
2011-01-25,0.0179327194
2011-01-26,0.0176532569
2011-01-27,0.0163511441
2011-01-28,0.0155134611
2011-01-31,0.0175318404
2011-02-01,0.0180269247
2011-02-02,0.0277314178
2011-02-03,0.0150927957
2011-02-04,0.0247220476
2011-02-07,0.0176440234
2011-02-08,0.0188028363
2011-02-09,0.0155699965
2011-02-10,0.0153608941
2011-02-11,0.019450007
2011-02-14,0.0175567861
2011-02-15,0.0136024856
2011-02-16,0.0160316419
2011-02-17,0.0196991691
2011-02-18,0.0178935231
2011-02-22,0.0213929409
2011-02-23,0.0224249784
2011-02-24,0.0190222555
2011-02-25,0.0184816023
2011-02-28,0.0223477022
2011-03-01,0.0186779114
2011-03-02,0.0141452568
2011-03-03,0.017356001
2011-03-04,0.0174681444
2011-03-07,0.017887112
2011-03-08,0.0159579024
2011-03-09,0.0196201202
2011-03-10,0.018761934
2011-03-11,0.0225341506
2011-03-14,0.0250805213
2011-03-15,0.0288303221
2011-03-16,0.0235848279
2011-03-17,0.0182878912
2011-03-18,0.0242226566
2011-03-21,0.0181206972
2011-03-22,0.0159200511
2011-03-23,0.0164380374
2011-03-24,0.0141196975
2011-03-25,0.0153980851
2011-03-28,0.0210477737
2011-03-29,0.0199858241
2011-03-30,0.0175069628
2011-03-31,0.0172659018
2011-04-01,0.0200160515
2011-04-04,0.0194109114
2011-04-05,0.0140318981
2011-04-06,0.0184992018
2011-04-07,0.0158115142
2011-04-08,0.014700754
2011-04-11,0.0189894239
2011-04-12,0.0163469597
2011-04-13,0.0185630674
2011-04-14,0.0179059074
2011-04-15,0.0155695332
2011-04-18,0.0154877737
2011-04-19,0.0160783138
2011-04-20,0.017821242
2011-04-21,0.0159382258
2011-04-25,0.0145897213
2011-04-26,0.0168991742
2011-04-27,0.0149603705
2011-04-28,0.0166454168
2011-04-29,0.0221369457
2011-05-02,0.0136138124
2011-05-03,0.0203729306
2011-05-04,0.0170496891
2011-05-05,0.0213994256
2011-05-06,0.0203754213
2011-05-09,0.0169958408
2011-05-10,0.0219027097
2011-05-11,0.0228219122
2011-05-12,0.0194437068
2011-05-13,0.0172954442
2011-05-16,0.0211849597
2011-05-17,0.0213739074
2011-05-18,0.0204281818
2011-05-19,0.0170728223
2011-05-20,0.0184322262
2011-05-23,0.0179911338
2011-05-24,0.0185615954
2011-05-25,0.0208613486
2011-05-26,0.016452374
2011-05-27,0.0179317342
2011-05-31,0.025352931
2011-06-01,0.0224449239
2011-06-02,0.0163688488
2011-06-03,0.0196024022
2011-06-06,0.0221824395
2011-06-07,0.0151867363
2011-06-08,0.0245926837
2011-06-09,0.0149981449
2011-06-10,0.0174369567
2011-06-13,0.0204554883
2011-06-14,0.0195791096
2011-06-15,0.0212005641
2011-06-16,0.019577778
2011-06-17,0.0200331401
2011-06-20,0.0204105317
2011-06-21,0.017812707
2011-06-22,0.0223595799
2011-06-23,0.0166545572
2011-06-24,0.0184778341
2011-06-27,0.0182234122
2011-06-28,0.0214299019
2011-06-29,0.0211626792
2011-06-30,0.0182109226
2011-07-01,0.0170134245
2011-07-05,0.0166985106
2011-07-06,0.0154655957
2011-07-07,0.0153191584
2011-07-08,0.0140455197
2011-07-11,0.01924432
2011-07-12,0.0256845631
2011-07-13,0.0184013946
2011-07-14,0.0173705656
2011-07-15,0.0162577729
2011-07-18,0.0159688331
2011-07-19,0.0192828471
2011-07-20,0.0168745338
2011-07-21,0.0158576017
2011-07-22,0.0165191411
2011-07-25,0.0164991809
2011-07-26,0.0133967337
2011-07-27,0.0205936711
2011-07-28,0.0187220646
2011-07-29,0.0202658998
2011-08-01,0.0183477352
2011-08-02,0.0219068765
2011-08-03,0.0258618051
2011-08-04,0.0314365188
2011-08-05,0.0316764033
2011-08-08,0.0378712164
2011-08-09,0.0465770528
2011-08-10,0.0384280649
2011-08-11,0.0276095833
2011-08-12,0.0261715523
2011-08-15,0.0359018993
2011-08-16,0.0237760228
2011-08-17,0.0185956256
2011-08-18,0.0272752096
2011-08-19,0.0221046305
2011-08-22,0.0242576733
2011-08-23,0.0300680653
2011-08-24,0.0274275861
2011-08-25,0.0233446856
2011-08-26,0.0213130739
2011-08-29,0.0225792527
2011-08-30,0.0182931021
2011-08-31,0.0212023957
2011-09-01,0.0197825879
2011-09-02,0.0227592442
2011-09-06,0.0189002298
2011-09-07,0.0221980822
2011-09-08,0.0206541937
2011-09-09,0.0173140015
2011-09-12,0.0233238003
2011-09-13,0.0207149363
2011-09-14,0.0198903896
2011-09-15,0.0218633113
2011-09-16,0.0288831785
2011-09-19,0.026487144
2011-09-20,0.0276085482
2011-09-21,0.0257999842
2011-09-22,0.027928858
2011-09-23,0.0300539664
2011-09-26,0.0273990989
2011-09-27,0.0256660466
2011-09-28,0.0287846833
2011-09-29,0.0331477375
2011-09-30,0.0296202208
2011-10-03,0.0360351071
2011-10-04,0.0508106511
2011-10-05,0.0349443083
2011-10-06,0.0283981969
2011-10-07,0.0273872315
2011-10-10,0.026903471
2011-10-11,0.0196708869
2011-10-12,0.0231933449
2011-10-13,0.024188162
2011-10-14,0.028009087
2011-10-17,0.0316553657
2011-10-18,0.0276595362
2011-10-19,0.0255850529
2011-10-20,0.0213128759
2011-10-21,0.0266198829
2011-10-24,0.030705598
2011-10-25,0.0302439181
2011-10-26,0.0265465904
2011-10-27,0.0361798728
2011-10-28,0.0216037059
2011-10-31,0.0342052666
2011-11-01,0.0271726301
2011-11-02,0.0282518441
2011-11-03,0.0322492214
2011-11-04,0.0328713244
2011-11-07,0.0220955526
2011-11-08,0.026117177
2011-11-09,0.0266331474
2011-11-10,0.0258266738
2011-11-11,0.0244678315
2011-11-14,0.021842829
2011-11-15,0.0257721246
2011-11-16,0.0285003806
2011-11-17,0.023767604
2011-11-18,0.0208009498
2011-11-21,0.0237390178
2011-11-22,0.0271470891
2011-11-23,0.0262886255
2011-11-25,0.0195784385
2011-11-28,0.0321013409
2011-11-29,0.0262510752
2011-11-30,0.0404520404
2011-12-01,0.0242049456
2011-12-02,0.0191037917
2011-12-05,0.020956979
2011-12-06,0.0198199592
2011-12-07,0.0174339844
2011-12-08,0.0222330369
2011-12-09,0.0216921326
2011-12-12,0.022171041
2011-12-13,0.0243054848
2011-12-14,0.0284027732
2011-12-15,0.0229827668
2011-12-16,0.0263813985
2011-12-19,0.0210664618
2011-12-20,0.0285748975
2011-12-21,0.022665416
2011-12-22,0.0269844457
2011-12-23,0.0202493293
2011-12-27,0.0218474389
2011-12-28,0.0280803082
2011-12-29,0.0188235596
2011-12-30,0.0207804339
2012-01-03,0.0286758753
2012-01-04,0.0251731885
2012-01-05,0.0200388099
2012-01-06,0.0181409838
2012-01-09,0.0201914563
2012-01-10,0.0202068144
2012-01-11,0.0467482915
2012-01-12,0.0253690105
2012-01-13,0.0343994513
2012-01-17,0.0264109565
2012-01-18,0.0286016496
2012-01-19,0.0296300172
2012-01-20,0.020529542
2012-01-23,0.0206931692
2012-01-24,0.0188428365
2012-01-25,0.0189602047
2012-01-26,0.0235378171
2012-01-27,0.0235262732
2012-01-30,0.0194478416
2012-01-31,0.0228000105
2012-02-01,0.0288343252
2012-02-02,0.0201715002
2012-02-03,0.027285712
2012-02-06,0.0207299567
2012-02-07,0.0245959869
2012-02-08,0.0276247359
2012-02-09,0.0288835819
2012-02-10,0.0296783905
2012-02-13,0.0239811931
2012-02-14,0.0317506168
2012-02-15,0.0185896266
2012-02-16,0.021851059
2012-02-17,0.0236971107
2012-02-21,0.0252158873
2012-02-22,0.0211247307
2012-02-23,0.026071108
2012-02-24,0.0208876826
2012-02-27,0.0196616149
2012-02-28,0.0217082433
2012-02-29,0.0236927451
2012-03-01,0.0179774909
2012-03-02,0.0190383216
2012-03-05,0.0248743506
2012-03-06,0.0225527994
2012-03-07,0.0206914124
2012-03-08,0.0192017205
2012-03-09,0.0248548264
2012-03-12,0.0230074866
2012-03-13,0.0203594527
2012-03-14,0.0170428021
2012-03-15,0.0200257059
2012-03-16,0.0204647653
2012-03-19,0.0192389968
2012-03-20,0.0203080748
2012-03-21,0.0163295974
2012-03-22,0.0160803515
2012-03-23,0.0154503657
2012-03-26,0.0189804053
2012-03-27,0.0174949379
2012-03-28,0.0195822604
2012-03-29,0.018546964
2012-03-30,0.0156913796
2012-04-02,0.0194837243
2012-04-03,0.0200432577
2012-04-04,0.0155701175
2012-04-05,0.0141118947
2012-04-09,0.0183812687
2012-04-10,0.0210279414
2012-04-11,0.0273317481
2012-04-12,0.020472288
2012-04-13,0.0194594851
2012-04-16,0.019958963
2012-04-17,0.0191466305
2012-04-18,0.0180308207
2012-04-19,0.0162381346
2012-04-20,0.0236201045
2012-04-23,0.0212885059
2012-04-24,0.0170917178
2012-04-25,0.0176323225
2012-04-26,0.0201554736
2012-04-27,0.020751693
2012-04-30,0.020788243
2012-05-01,0.0256239503
2012-05-02,0.0219407899
2012-05-03,0.022060644
2012-05-04,0.021308591
2012-05-07,0.0166758528
2012-05-08,0.0208731034
2012-05-09,0.0216343693
2012-05-10,0.0228882361
2012-05-11,0.0217411907
2012-05-14,0.0229749762
2012-05-15,0.0241804221
2012-05-16,0.0218398469
2012-05-17,0.0270858124
2012-05-18,0.0272167094
2012-05-21,0.0240801116
2012-05-22,0.0214046695
2012-05-23,0.0180265792
2012-05-24,0.0210622062
2012-05-25,0.0189136147
2012-05-29,0.0214200452
2012-05-30,0.0222001391
2012-05-31,0.0216478209
2012-06-01,0.0255132401
2012-06-04,0.0273082663
2012-06-05,0.0292281338
2012-06-06,0.0292822447
2012-06-07,0.0221662428
2012-06-08,0.0224339855
2012-06-11,0.0201160465
2012-06-12,0.0253931675
2012-06-13,0.0211160163
2012-06-14,0.0228607198
2012-06-15,0.0267767447
2012-06-18,0.0231302665
2012-06-19,0.0232825298
2012-06-20,0.0217081584
2012-06-21,0.0222017774
2012-06-22,0.0245276616
2012-06-25,0.0256676081
2012-06-26,0.0214863375
2012-06-27,0.0276190379
2012-06-28,0.0284013662
2012-06-29,0.0237456626
2012-07-02,0.0223785282
2012-07-03,0.0176473306
2012-07-05,0.0204661967
2012-07-06,0.0181166178
2012-07-09,0.0209875342
2012-07-10,0.0233499946
2012-07-11,0.0282722704
2012-07-12,0.0203474764
2012-07-13,0.0215642189
2012-07-16,0.0179359609
2012-07-17,0.0202251316
2012-07-18,0.0182669378
2012-07-19,0.0196868187
2012-07-20,0.0206609161
2012-07-23,0.0187388863
2012-07-24,0.0220522041
2012-07-25,0.0224686944
2012-07-26,0.02356892
2012-07-27,0.0220265656
2012-07-30,0.0227637591
2012-07-31,0.0209347366
2012-08-01,0.0242865667
2012-08-02,0.0327879391
2012-08-03,0.0295609846
2012-08-06,0.0258136538
2012-08-07,0.0262390324
2012-08-08,0.0252512381
2012-08-09,0.0278675775
2012-08-10,0.0204763405
2012-08-13,0.0210771786
2012-08-14,0.022065948
2012-08-15,0.0210512831
2012-08-16,0.0190211185
2012-08-17,0.0161598857
2012-08-20,0.0179690112
2012-08-21,0.017165912
2012-08-22,0.0170457684
2012-08-23,0.0170644925
2012-08-24,0.0134746231
2012-08-27,0.0200139166
2012-08-28,0.0186397
2012-08-29,0.0193414982
2012-08-30,0.0206422949
2012-08-31,0.0157432582
2012-09-04,0.0233828507
2012-09-05,0.0166895942
2012-09-06,0.0230823793
2012-09-07,0.0206339112
2012-09-10,0.0179513467
2012-09-11,0.0215389127
2012-09-12,0.017877657
2012-09-13,0.0388687141
2012-09-14,0.02283752
2012-09-17,0.0245103975
2012-09-18,0.020466458
2012-09-19,0.0177678414
2012-09-20,0.023851484
2012-09-21,0.0216414098
2012-09-24,0.0232502741
2012-09-25,0.0248662866
2012-09-26,0.0205450308
2012-09-27,0.018237309
2012-09-28,0.0194518308
2012-10-01,0.0190589557
2012-10-02,0.016730026
2012-10-03,0.0170596052
2012-10-04,0.0182075645
2012-10-05,0.0174369503
2012-10-08,0.0172796462
2012-10-09,0.0214411515
2012-10-10,0.0173830628
2012-10-11,0.017004983
2012-10-12,0.0184557734
2012-10-15,0.0156240438
2012-10-16,0.0220294947
2012-10-17,0.0243277311
2012-10-18,0.024301355
2012-10-19,0.0301762864
2012-10-22,0.0197378163
2012-10-23,0.0190042761
2012-10-24,0.0242076458
2012-10-25,0.0184378756
2012-10-26,0.0193225613
2012-10-31,0.0234240379
2012-11-01,0.0207874015
2012-11-02,0.0215514766
2012-11-05,0.0228617397
2012-11-06,0.020797901
2012-11-07,0.02811684
2012-11-08,0.0278843569
2012-11-09,0.0196739663
2012-11-12,0.0192475093
2012-11-13,0.0216263345
2012-11-14,0.0224915283
2012-11-15,0.0224440237
2012-11-16,0.0219505325
2012-11-19,0.0220966037
2012-11-20,0.0218210788
2012-11-21,0.017507867
2012-11-23,0.018543142
2012-11-26,0.0206484824
2012-11-27,0.0215530737
2012-11-28,0.0234746268
2012-11-29,0.0181666825
2012-11-30,0.0209117923
2012-12-03,0.0209739957
2012-12-04,0.0189741185
2012-12-05,0.0229625769
2012-12-06,0.0202761375
2012-12-07,0.0196166397
2012-12-10,0.0201880404
2012-12-11,0.0255885982
2012-12-12,0.0326975407
2012-12-13,0.0175143535
2012-12-14,0.016757555
2012-12-17,0.0187070524
2012-12-18,0.0225999467
2012-12-19,0.0210365969
2012-12-20,0.0158604483
2012-12-21,0.0160192999
2012-12-24,0.0163801931
2012-12-26,0.0193163827
2012-12-27,0.0170065315
2012-12-28,0.0172528937
2012-12-31,0.0203327065
2013-01-02,0.0208643337
2013-01-03,0.0344056265
2013-01-04,0.0199201405
2013-01-07,0.0223269467
2013-01-08,0.0213986703
2013-01-09,0.0226548914
2013-01-10,0.0212597617
2013-01-11,0.0171509221
2013-01-14,0.0169005479
2013-01-15,0.0179752909
2013-01-16,0.0180868575
2013-01-17,0.0172878253
2013-01-18,0.0178304355
2013-01-22,0.0223671675
2013-01-23,0.0223004236
2013-01-24,0.0201871015
2013-01-25,0.0155248587
2013-01-28,0.0187868846
2013-01-29,0.0165063162
2013-01-30,0.0150039493
2013-01-31,0.0157491378
2013-02-01,0.0182237467
2013-02-04,0.0169201936
2013-02-05,0.0221804315
2013-02-06,0.022538174
2013-02-07,0.0202114082
2013-02-08,0.0151581453
2013-02-11,0.0231271401
2013-02-12,0.0252705586
2013-02-13,0.025050362
2013-02-14,0.0298267569
2013-02-15,0.0199930509
2013-02-19,0.0215009392
2013-02-20,0.0205775657
2013-02-21,0.0225131047
2013-02-22,0.0170679858
2013-02-25,0.0195836062
2013-02-26,0.0173117586
2013-02-27,0.0191742724
2013-02-28,0.0225697271
2013-03-01,0.020851312
2013-03-04,0.0192159951
2013-03-05,0.0223155276
2013-03-06,0.023537236
2013-03-07,0.0240940154
2013-03-08,0.0213314015
2013-03-11,0.0193884284
2013-03-12,0.0201668808
2013-03-13,0.0193476414
2013-03-14,0.0228064841
2013-03-15,0.0220952921
2013-03-18,0.0179010554
2013-03-19,0.0177825671
2013-03-20,0.0209841957
2013-03-21,0.0207917428
2013-03-22,0.0191229104
2013-03-25,0.0219655271
2013-03-26,0.0193451752
2013-03-27,0.0153616881
2013-03-28,0.016796072
2013-04-01,0.0246548451
2013-04-02,0.0186137818
2013-04-03,0.0182033039
2013-04-04,0.0161058796
2013-04-05,0.0182115799
2013-04-08,0.019958338
2013-04-09,0.0339401482
2013-04-10,0.0187855888
2013-04-11,0.0150911216
2013-04-12,0.0150020452
2013-04-15,0.0255601811
2013-04-16,0.0204618521
2013-04-17,0.0192101127
2013-04-18,0.0203309264
2013-04-19,0.0185297048
2013-04-22,0.0215685706
2013-04-23,0.0228702881
2013-04-24,0.0237012854
2013-04-25,0.017764068
2013-04-26,0.0207314645
2013-04-29,0.0191132827
2013-04-30,0.0158467406
2013-05-01,0.0189880152
2013-05-02,0.0257017289
2013-05-03,0.0189625487
2013-05-06,0.0194708216
2013-05-07,0.0216417596
2013-05-08,0.023025846
2013-05-09,0.0268464899
2013-05-10,0.0290910944
2013-05-13,0.0264474628
2013-05-14,0.0213294157
2013-05-15,0.0210296795
2013-05-16,0.0213887727
2013-05-17,0.0336707273
2013-05-20,0.0541636667
2013-05-21,0.027749006
2013-05-22,0.0303237676
2013-05-23,0.0210893864
2013-05-24,0.0240700831
2013-05-28,0.031752197
2013-05-29,0.0193760112
2013-05-30,0.021704778
2013-05-31,0.0215032359
2013-06-03,0.023345703
2013-06-04,0.0184032124
2013-06-05,0.0158078373
2013-06-06,0.0174700444
2013-06-07,0.0199139853
2013-06-10,0.0287062556
2013-06-11,0.0217340021
2013-06-12,0.0172804967
2013-06-13,0.018261897
2013-06-14,0.0214161071
2013-06-17,0.0194941347
2013-06-18,0.0172382602
2013-06-19,0.0181435612
2013-06-20,0.0194066896
2013-06-21,0.0230995532
2013-06-24,0.0249561731
2013-06-25,0.0242722052
2013-06-26,0.0263793304
2013-06-27,0.0250557761
2013-06-28,0.0185245518
2013-07-01,0.0243714297
2013-07-02,0.0200340726
2013-07-03,0.0135679408
2013-07-05,0.0244920048
2013-07-08,0.0225512497
2013-07-09,0.0208633392
2013-07-10,0.0163277645
2013-07-11,0.0170644215
2013-07-12,0.0161556903
2013-07-15,0.0286909509
2013-07-16,0.0165427444
2013-07-17,0.0184723982
2013-07-18,0.0174389396
2013-07-19,0.0155540851
2013-07-22,0.0310469284
2013-07-23,0.0168653747
2013-07-24,0.0179927786
2013-07-25,0.0162660475
2013-07-26,0.01799161
2013-07-29,0.0233517938
2013-07-30,0.0182144867
2013-07-31,0.0181805877
2013-08-01,0.0245615696
2013-08-02,0.0183627898
2013-08-05,0.0205037856
2013-08-06,0.0187923367
2013-08-07,0.024824105
2013-08-08,0.0268333116
2013-08-09,0.0189164638
2013-08-12,0.0193989158
2013-08-13,0.017150817
2013-08-14,0.0201276082
2013-08-15,0.0194122073
2013-08-16,0.0164996505
2013-08-19,0.0217556588
2013-08-20,0.0209663717
2013-08-21,0.0172922506
2013-08-22,0.0144145524
2013-08-23,0.0161931746
2013-08-26,0.0160129298
2013-08-27,0.0205937184
2013-08-28,0.0137627148
2013-08-29,0.013766494
2013-08-30,0.0143667398
2013-09-03,0.0207695367
2013-09-04,0.0226247145
2013-09-05,0.0197966112
2013-09-06,0.0179162585
2013-09-09,0.0197341443
2013-09-10,0.0214485473
2013-09-11,0.0181137927
2013-09-12,0.0158413235
2013-09-13,0.0163321093
2013-09-16,0.0157834915
2013-09-17,0.0170611584
2013-09-18,0.0190455111
2013-09-19,0.0158812792
2013-09-20,0.028674916
2013-09-23,0.0162923611
2013-09-24,0.0241793913
2013-09-25,0.022482047
2013-09-26,0.0201137602
2013-09-27,0.0192378801
2013-09-30,0.0180603409
2013-10-01,0.0247748991
2013-10-02,0.0170763158
2013-10-03,0.0180652137
2013-10-04,0.0171893379
2013-10-07,0.0132127945
2013-10-08,0.0178505521
2013-10-09,0.0166640579
2013-10-10,0.0188908573
2013-10-11,0.0177671848
2013-10-14,0.0139906831
2013-10-15,0.0153977374
2013-10-16,0.0154970693
2013-10-17,0.0211371943
2013-10-18,0.0202862393
2013-10-21,0.0189734955
2013-10-22,0.0155291384
2013-10-23,0.0175734066
2013-10-24,0.0306886068
2013-10-25,0.028544898
2013-10-28,0.0214103308
2013-10-29,0.0154590905
2013-10-30,0.0187971703
2013-10-31,0.0228510256
2013-11-01,0.021466849
2013-11-04,0.0252895032
2013-11-05,0.0245953191
2013-11-06,0.0298046672
2013-11-07,0.0266242791
2013-11-08,0.0278660443
2013-11-11,0.026473792
2013-11-12,0.0234906705
2013-11-13,0.032676453
2013-11-14,0.0184710728
2013-11-15,0.0177070711
2013-11-18,0.0228240985
2013-11-19,0.0209863422
2013-11-20,0.0173843846
2013-11-21,0.0159647644
2013-11-22,0.0184037602
2013-11-25,0.0172045328
2013-11-26,0.0169173083
2013-11-27,0.0186660204
2013-11-29,0.0164527877
2013-12-02,0.0188682014
2013-12-03,0.0203317601
2013-12-04,0.027427626
2013-12-05,0.020142893
2013-12-06,0.0255089333
2013-12-09,0.0234258682
2013-12-10,0.0184408596
2013-12-11,0.0215888617
2013-12-12,0.0161221915
2013-12-13,0.0183261368
2013-12-16,0.0252099285
2013-12-17,0.0226898213
2013-12-18,0.015616982
2013-12-19,0.0191079877
2013-12-20,0.0180578389
2013-12-23,0.0193985998
2013-12-24,0.0133893723
2013-12-26,0.019339555
2013-12-27,0.0201879477
2013-12-30,0.0193343925
2013-12-31,0.0169514054
2014-01-02,0.0387806935
2014-01-03,0.0193519692
2014-01-06,0.0199508759
2014-01-07,0.0262263456
2014-01-08,0.0208265492
2014-01-09,0.0231493465
2014-01-10,0.016790189
2014-01-13,0.0224655288
2014-01-14,0.0249337308
2014-01-15,0.0173230458
2014-01-16,0.0235623098
2014-01-17,0.0175310967
2014-01-21,0.0180112289
2014-01-22,0.0171912686
2014-01-23,0.0218244902
2014-01-24,0.0215441458
2014-01-27,0.0187957537
2014-01-28,0.0168402215
2014-01-29,0.0174993872
2014-01-30,0.0141765503
2014-01-31,0.0223335974
2014-02-03,0.0197234886
2014-02-04,0.0178195805
2014-02-05,0.0167497594
2014-02-06,0.0178256163
2014-02-07,0.019335066
2014-02-10,0.0197290221
2014-02-11,0.0205487193
2014-02-12,0.0181485186
2014-02-13,0.0199374217
2014-02-14,0.0143329615
2014-02-18,0.0223036142
2014-02-19,0.0175920343
2014-02-20,0.0224089479
2014-02-21,0.0150412201
2014-02-24,0.0212685225
2014-02-25,0.0169619946
2014-02-26,0.0233265676
2014-02-27,0.0320032138
2014-02-28,0.0224168076
2014-03-03,0.0209764255
2014-03-04,0.0348218197
2014-03-05,0.0261934315
2014-03-06,0.0237631307
2014-03-07,0.0202169903
2014-03-10,0.0326609097
2014-03-11,0.0315318706
2014-03-12,0.0201677099
2014-03-13,0.0249820965
2014-03-14,0.0203413788
2014-03-17,0.0184130199
2014-03-18,0.025372967
2014-03-19,0.0188828734
2014-03-20,0.018760783
2014-03-21,0.0209387716
2014-03-24,0.0207264356
2014-03-25,0.0262501588
2014-03-26,0.0295039549
2014-03-27,0.0218176665
2014-03-28,0.0198337612
2014-03-31,0.019171585
2014-04-01,0.0280406718
2014-04-02,0.0176568816
2014-04-03,0.0213243029
2014-04-04,0.0216474125
2014-04-07,0.0217986272
2014-04-08,0.0182078213
2014-04-09,0.0166665882
2014-04-10,0.0214276811
2014-04-11,0.0141458328
2014-04-14,0.0169488672
2014-04-15,0.019134352
2014-04-16,0.0195444817
2014-04-17,0.0164497381
2014-04-21,0.0170703014
2014-04-22,0.0257174348
2014-04-23,0.0168244793
2014-04-24,0.0151097385
2014-04-25,0.0213783609
2014-04-28,0.023303418
2014-04-29,0.0175035505
2014-04-30,0.0175082213
2014-05-01,0.0194243086
2014-05-02,0.0186951721
2014-05-05,0.0167994596
2014-05-06,0.0284801114
2014-05-07,0.0309298929
2014-05-08,0.0349185117
2014-05-09,0.026764654
2014-05-12,0.0230339527
2014-05-13,0.0234269124
2014-05-14,0.0219968836
2014-05-15,0.0201610824
2014-05-16,0.0182303063
2014-05-19,0.0187360426
2014-05-20,0.0158388996
2014-05-21,0.0261216548
2014-05-22,0.0168601222
2014-05-23,0.0188102892
2014-05-27,0.019920987
2014-05-28,0.0187134864
2014-05-29,0.0201644582
2014-05-30,0.0167727525
2014-06-02,0.0184135373
2014-06-03,0.0194031166
2014-06-04,0.0182513325
2014-06-05,0.017060306
2014-06-06,0.0134906497
2014-06-09,0.0136024978
2014-06-10,0.0137188277
2014-06-11,0.013870487
2014-06-12,0.0136303102
2014-06-13,0.0137995768
2014-06-16,0.0220439596
2014-06-17,0.0239235364
2014-06-18,0.0179113062
2014-06-19,0.0170171811
2014-06-20,0.0170948955
2014-06-23,0.013173817
2014-06-24,0.0188752117
2014-06-25,0.0177045183
2014-06-26,0.0135828596
2014-06-27,0.016217353
2014-06-30,0.0168889756
2014-07-01,0.0303797247
2014-07-02,0.0173818251
2014-07-03,0.0137781981
2014-07-07,0.0198749929
2014-07-08,0.0181152185
2014-07-09,0.0150650288
2014-07-10,0.011286433
2014-07-11,0.0123834479
2014-07-14,0.0171281816
2014-07-15,0.0219706265
2014-07-16,0.01624912
2014-07-17,0.0174192796
2014-07-18,0.0153846261
2014-07-21,0.0156394329
2014-07-22,0.0185388268
2014-07-23,0.0188892339
2014-07-24,0.0127867424
2014-07-25,0.015389337
2014-07-28,0.0157215413
2014-07-29,0.0153133574
2014-07-30,0.0189101497
2014-07-31,0.0183055445
2014-08-01,0.0220157796
2014-08-04,0.0164599301
2014-08-05,0.0213104086
2014-08-06,0.0150294229
2014-08-07,0.0241358646
2014-08-08,0.0228162699
2014-08-11,0.0185999914
2014-08-12,0.0193760634
2014-08-13,0.0217957601
2014-08-14,0.0193881067
2014-08-15,0.0162258069
2014-08-18,0.0157752314
2014-08-19,0.0167379436
2014-08-20,0.0186940708
2014-08-21,0.0121990574
2014-08-22,0.0118800079
2014-08-25,0.0129325381
2014-08-26,0.0182013954
2014-08-27,0.0124260124
2014-08-28,0.0126895633
2014-08-29,0.0168408894
2014-09-02,0.0180611173
2014-09-03,0.0180339914
2014-09-04,0.0184057984
2014-09-05,0.0171133761
2014-09-08,0.0198533378
2014-09-09,0.0190335411
2014-09-10,0.0214769812
2014-09-11,0.0208032022
2014-09-12,0.0205823538
2014-09-15,0.0267660722
2014-09-16,0.0172120002
2014-09-17,0.0181673475
2014-09-18,0.01993854
2014-09-19,0.0235325281
2014-09-22,0.0265100902
2014-09-23,0.0174428749
2014-09-24,0.0155990698
2014-09-25,0.0152386403
2014-09-26,0.0161426939
2014-09-29,0.0169828021
2014-09-30,0.0231920875
2014-10-01,0.0232687076
2014-10-02,0.0215023533
2014-10-03,0.0143361537
2014-10-06,0.0264630564
2014-10-07,0.0239301604
2014-10-08,0.0199615313
2014-10-09,0.0237943633
2014-10-10,0.0310654737
2014-10-13,0.0363665267
2014-10-14,0.0228848081
2014-10-15,0.0294427618
2014-10-16,0.0328421178
2014-10-17,0.022757281
2014-10-20,0.0191083554
2014-10-21,0.0233734638
2014-10-22,0.0246249008
2014-10-23,0.0175006157
2014-10-24,0.0136456699
2014-10-27,0.017792339
2014-10-28,0.024862146
2014-10-29,0.0153027121
2014-10-30,0.0227473375
2014-10-31,0.0242264318
2014-11-03,0.0204063682
2014-11-04,0.0168097815
2014-11-05,0.0244849242
2014-11-06,0.0319841304
2014-11-07,0.0329825561
2014-11-10,0.020424135
2014-11-11,0.0195945303
2014-11-12,0.0214138678
2014-11-13,0.0178638196
2014-11-14,0.0221195467
2014-11-17,0.0211415892
2014-11-18,0.0243546842
2014-11-19,0.0166299863
2014-11-20,0.0190801187
2014-11-21,0.0168975516
2014-11-24,0.0182853044
2014-11-25,0.0146417109
2014-11-26,0.0176931098
2014-11-28,0.0379125643
2014-12-01,0.0351086164
2014-12-02,0.0224459008
2014-12-03,0.0197808054
2014-12-04,0.0190749017
2014-12-05,0.0206692559
2014-12-08,0.032300638
2014-12-09,0.0288472937
2014-12-10,0.020793811
2014-12-11,0.0236974707
2014-12-12,0.021192218
2014-12-15,0.0253928333
2014-12-16,0.0216893667
2014-12-17,0.0306438006
2014-12-18,0.0205879279
2014-12-19,0.0289999869
2014-12-22,0.0302667262
2014-12-23,0.0193684653
2014-12-24,0.0125490148
2014-12-26,0.0155839028
2014-12-29,0.0199514139
2014-12-30,0.0191404353
2014-12-31,0.0206207891
2015-01-02,0.0212471283
2015-01-05,0.0258430021
2015-01-06,0.0224245471
2015-01-07,0.0185387916
2015-01-08,0.0187919077
2015-01-09,0.0191271377
2015-01-12,0.0183715389
2015-01-13,0.0185384867
2015-01-14,0.0202141967
2015-01-15,0.0220008604
2015-01-16,0.0181807624
2015-01-20,0.0223439582
2015-01-21,0.0193600832
2015-01-22,0.0200248629
2015-01-23,0.0177649988
2015-01-26,0.0256219238
2015-01-27,0.017710293
2015-01-28,0.0183566263
2015-01-29,0.0247809043
2015-01-30,0.0252296555
2015-02-02,0.0267169759
2015-02-03,0.0346955179
2015-02-04,0.0187681964
2015-02-05,0.0185292277
2015-02-06,0.0200386514
2015-02-09,0.0246475601
2015-02-10,0.0204171695
2015-02-11,0.0236659122
2015-02-12,0.0232862923
2015-02-13,0.0208062264
2015-02-17,0.0210217747
2015-02-18,0.0206370272
2015-02-19,0.0287805921
2015-02-20,0.0173868994
2015-02-23,0.0207873877
2015-02-24,0.0239493819
2015-02-25,0.0202667253
2015-02-26,0.0208649704
2015-02-27,0.0202737086
2015-03-02,0.0244203633
2015-03-03,0.0232898148
2015-03-04,0.0162763491
2015-03-05,0.0312482556
2015-03-06,0.0194003782
2015-03-09,0.0230049524
2015-03-10,0.0168879858
2015-03-11,0.0207601923
2015-03-12,0.0202087813
2015-03-13,0.0184637822
2015-03-16,0.0201512602
2015-03-17,0.0280130831
2015-03-18,0.0212095555
2015-03-19,0.0203090213
2015-03-20,0.0215902677
2015-03-23,0.0219885586
2015-03-24,0.0173423458
2015-03-25,0.0193634785
2015-03-26,0.0174844775
2015-03-27,0.0182314468
2015-03-30,0.0182821198
2015-03-31,0.0160823763
2015-04-01,0.0205679875
2015-04-02,0.0174806044
2015-04-06,0.0196955418
2015-04-07,0.0182891495
2015-04-08,0.0157560879
2015-04-09,0.0139655268
2015-04-10,0.0131493171
2015-04-13,0.0153359871
2015-04-14,0.0172008196
2015-04-15,0.0252293418
2015-04-16,0.0173452878
2015-04-17,0.0150655236
2015-04-20,0.0167258833
2015-04-21,0.0205839535
2015-04-22,0.0191437438
2015-04-23,0.0153627954
2015-04-24,0.0226720336
2015-04-27,0.015794979
2015-04-28,0.0150117958
2015-04-29,0.0132988904
2015-04-30,0.0194094993
2015-05-01,0.019788742
2015-05-04,0.0182589964
2015-05-05,0.0154575869
2015-05-06,0.0194829139
2015-05-07,0.0319953858
2015-05-08,0.0264946612
2015-05-11,0.0211799704
2015-05-12,0.0159928269
2015-05-13,0.018212262
2015-05-14,0.018665613
2015-05-15,0.0152931044
2015-05-18,0.0166170572
2015-05-19,0.0208088396
2015-05-20,0.0178457584
2015-05-21,0.0167792686
2015-05-22,0.0135044659
2015-05-26,0.0127161808
2015-05-27,0.0174689742
2015-05-28,0.016569152
2015-05-29,0.0146527199
2015-06-01,0.0217156358
2015-06-02,0.0224303834
2015-06-03,0.0171466254
2015-06-04,0.0154423607
2015-06-05,0.0186544797
2015-06-08,0.0152754337
2015-06-09,0.0129080326
2015-06-10,0.0179485173
2015-06-11,0.0181605035
2015-06-12,0.0150419396
2015-06-15,0.0155297389
2015-06-16,0.0199461367
2015-06-17,0.0133552955
2015-06-18,0.0154844157
2015-06-19,0.0161030054
2015-06-22,0.0197218969
2015-06-23,0.0171646716
2015-06-24,0.0133456878
2015-06-25,0.0187495362
2015-06-26,0.0241773476
2015-06-29,0.0232256142
2015-06-30,0.0188879619
2015-07-01,0.0233545265
2015-07-02,0.0151498399
2015-07-06,0.0228535976
2015-07-07,0.0248654253
2015-07-08,0.0265195838
2015-07-09,0.024149068
2015-07-10,0.0208457209
2015-07-13,0.0169899267
2015-07-14,0.0189130362
2015-07-15,0.016706239
2015-07-16,0.0185211523
2015-07-17,0.0160908996
2015-07-20,0.0238900732
2015-07-21,0.0190237797
2015-07-22,0.0215323479
2015-07-23,0.0196186365
2015-07-24,0.0188509281
2015-07-27,0.027405746
2015-07-28,0.0198055709
2015-07-29,0.0230351101
2015-07-30,0.0245650819
2015-07-31,0.0222978789
2015-08-03,0.0236823392
2015-08-04,0.0218030208
2015-08-05,0.0335643832
2015-08-06,0.0374482936
2015-08-07,0.03457204
2015-08-10,0.0263439146
2015-08-11,0.027934825
2015-08-12,0.02761022
2015-08-13,0.0212043566
2015-08-14,0.0195113927
2015-08-17,0.0201483283
2015-08-18,0.0206829924
2015-08-19,0.0213393426
2015-08-20,0.0243734838
2015-08-21,0.0237386739
2015-08-24,0.0270019034
2015-08-25,0.0347155061
2015-08-26,0.0240142097
2015-08-27,0.0333111723
2015-08-28,0.0295897588
2015-08-31,0.0230317331
2015-09-01,0.0292098907
2015-09-02,0.0231084098
2015-09-03,0.019312765
2015-09-04,0.0179235068
2015-09-08,0.0245302958
2015-09-09,0.0211708311
2015-09-10,0.0193222535
2015-09-11,0.0197347485
2015-09-14,0.0213271888
2015-09-15,0.0195770186
2015-09-16,0.0225103506
2015-09-17,0.0169256942
2015-09-18,0.0266562687
2015-09-21,0.0247632716
2015-09-22,0.0191162531
2015-09-23,0.0266772893
2015-09-24,0.0177387788
2015-09-25,0.0258979858
2015-09-28,0.0296838822
2015-09-29,0.0272651403
2015-09-30,0.0270897542
2015-10-01,0.0254937045
2015-10-02,0.0309926587
2015-10-05,0.0363028657
2015-10-06,0.0288724641
2015-10-07,0.0257522383
2015-10-08,0.0202310322
2015-10-09,0.0190146638
2015-10-12,0.024936115
2015-10-13,0.0179944907
2015-10-14,0.0251878733
2015-10-15,0.0189976646
2015-10-16,0.023146446
2015-10-19,0.0185853799
2015-10-20,0.0415073466
2015-10-21,0.0205603435
2015-10-22,0.0191642485
2015-10-23,0.0196808495
2015-10-26,0.0303008459
2015-10-27,0.0285105811
2015-10-28,0.0236767903
2015-10-29,0.023411532
2015-10-30,0.0267072384
2015-11-02,0.0207327033
2015-11-03,0.023326749
2015-11-04,0.029423238
2015-11-05,0.0290336093
2015-11-06,0.0316151256
2015-11-09,0.0222400735
2015-11-10,0.0401557159
2015-11-11,0.0274558712
2015-11-12,0.0238923396
2015-11-13,0.0270830136
2015-11-16,0.0285780353
2015-11-17,0.0317369377
2015-11-18,0.0243271991
2015-11-19,0.0264603647
2015-11-20,0.022447208
2015-11-23,0.0205053165
2015-11-24,0.0234126095
2015-11-25,0.0228777854
2015-11-27,0.0179773768
2015-11-30,0.0238830044
2015-12-01,0.0305870575
2015-12-02,0.0247426298
2015-12-03,0.0226906713
2015-12-04,0.027944025
2015-12-07,0.0323111449
2015-12-08,0.0258497293
2015-12-09,0.0323523175
2015-12-10,0.0222026604
2015-12-11,0.024717158
2015-12-14,0.0330579315
2015-12-15,0.0310488041
2015-12-16,0.0411617918
2015-12-17,0.0282508851
2015-12-18,0.0331060363
2015-12-21,0.0313363878
2015-12-22,0.0250656002
2015-12-23,0.0263883565
2015-12-24,0.0173144873
2015-12-28,0.0259560741
2015-12-29,0.0238540339
2015-12-30,0.0173113991
2015-12-31,0.0234618017
