date,"Constructed Value-Weighted Renewable Market Index, 2001:01=100"
2001-01-02,100
2001-01-03,104.9321224
2001-01-04,103.4333846712
2001-01-05,101.0224779289
2001-01-08,101.6831084024
2001-01-09,101.2861941237
2001-01-10,101.8083652727
2001-01-11,103.799199675
2001-01-12,105.0821216402
2001-01-16,103.6216296287
2001-01-17,105.7289256564
2001-01-18,109.7339219767
2001-01-19,110.3906774586
2001-01-22,110.6036446218
2001-01-23,112.1453940279
2001-01-24,112.4185522275
2001-01-25,111.6525490416
2001-01-26,111.7909354649
2001-01-29,113.2079570734
2001-01-30,114.2325325002
2001-01-31,113.82671815
2001-02-01,112.9283486196
2001-02-02,111.9252010284
2001-02-05,111.7958127874
2001-02-06,112.7057100981
2001-02-07,113.4906243448
2001-02-08,112.8140858736
2001-02-09,112.4883861926
2001-02-12,112.5356000092
2001-02-13,111.830941492
2001-02-14,113.7295061214
2001-02-15,115.2557985488
2001-02-16,113.2088579869
2001-02-20,112.4891066909
2001-02-21,112.6623254153
2001-02-22,110.559723499
2001-02-23,109.8775466217
2001-02-26,111.7259777358
2001-02-27,109.2535331978
2001-02-28,106.704523894
2001-03-01,108.0854375983
2001-03-02,108.9756437026
2001-03-05,110.8610066531
2001-03-06,113.2435651686
2001-03-07,114.2832886533
2001-03-08,115.4460341686
2001-03-09,111.9421064183
2001-03-12,108.6153375777
2001-03-13,107.5532100123
2001-03-14,105.3494403833
2001-03-15,105.4290651021
2001-03-16,103.3691147908
2001-03-19,105.4167867155
2001-03-20,103.8750294826
2001-03-21,102.4603893921
2001-03-22,102.7376368675
2001-03-23,103.7350388628
2001-03-26,105.5814682908
2001-03-27,108.1842940893
2001-03-28,105.8328571454
2001-03-29,105.003577769
2001-03-30,105.9678426657
2001-04-02,104.4479182937
2001-04-03,101.9413249265
2001-04-04,100.3785111307
2001-04-05,104.6652179287
2001-04-06,101.7917558449
2001-04-09,103.0983532045
2001-04-10,107.835916988
2001-04-11,109.0415410877
2001-04-12,111.2865959487
2001-04-16,110.7683688815
2001-04-17,112.0900519969
2001-04-18,117.8364370076
2001-04-19,119.5154165419
2001-04-20,117.8089920849
2001-04-23,116.1562195288
2001-04-24,115.8483175935
2001-04-25,117.0414624007
2001-04-26,117.3233416646
2001-04-27,118.5976821783
2001-04-30,118.8829956703
2001-05-01,119.0440264803
2001-05-02,118.9746450622
2001-05-03,116.6009683674
2001-05-04,117.8540155551
2001-05-07,116.365169489
2001-05-08,116.4986712799
2001-05-09,116.2693916313
2001-05-10,115.9593138721
2001-05-11,115.8515833442
2001-05-14,115.0836942923
2001-05-15,115.0767777623
2001-05-16,119.4306983622
2001-05-17,121.6048950885
2001-05-18,122.6776891438
2001-05-21,125.2843543375
2001-05-22,124.5641404635
2001-05-23,121.8063578202
2001-05-24,121.4862483854
2001-05-25,120.4805625276
2001-05-29,117.2336425599
2001-05-30,114.776829059
2001-05-31,116.6260936102
2001-06-01,117.1646871038
2001-06-04,116.1782755059
2001-06-05,117.156369777
2001-06-06,117.0040462869
2001-06-07,117.7722858923
2001-06-08,117.231748634
2001-06-11,116.1397396082
2001-06-12,116.1025610361
2001-06-13,114.4530495392
2001-06-14,111.2728460371
2001-06-15,111.4354754187
2001-06-18,110.5124153147
2001-06-19,110.296471635
2001-06-20,110.3525852958
2001-06-21,109.3056549691
2001-06-22,109.2155251003
2001-06-25,109.0827492963
2001-06-26,109.3104119972
2001-06-27,109.1419789392
2001-06-28,109.6956038211
2001-06-29,110.6365361381
2001-07-02,110.7124344172
2001-07-03,111.6046897294
2001-07-05,111.3165690758
2001-07-06,109.1995748655
2001-07-09,110.0579111405
2001-07-10,109.8478701075
2001-07-11,109.945131356
2001-07-12,112.1472674694
2001-07-13,112.020442233
2001-07-16,110.3705054504
2001-07-17,112.3404980287
2001-07-18,109.5544450386
2001-07-19,110.7694879938
2001-07-20,109.3091465744
2001-07-23,107.0725738315
2001-07-24,103.8703283259
2001-07-25,105.0509914258
2001-07-26,108.1962157139
2001-07-27,108.977982764
2001-07-30,109.638171024
2001-07-31,109.7993704261
2001-08-01,111.2823838687
2001-08-02,112.4431020318
2001-08-03,112.5568151787
2001-08-06,110.4833962038
2001-08-07,109.5660839976
2001-08-08,106.0891551506
2001-08-09,105.8717778776
2001-08-10,107.1544269277
2001-08-13,107.0794886185
2001-08-14,106.8361998336
2001-08-15,106.1717791073
2001-08-16,106.2008579651
2001-08-17,103.2065100659
2001-08-20,102.1055972647
2001-08-21,100.7112364691
2001-08-22,102.9662741121
2001-08-23,102.5701954547
2001-08-24,104.9605722995
2001-08-27,105.629802252
2001-08-28,103.4810023633
2001-08-29,102.5091219105
2001-08-30,100.8514290943
2001-08-31,102.2379958995
2001-09-04,102.0067838129
2001-09-05,100.8925163414
2001-09-06,99.5683206185
2001-09-07,98.1027580487
2001-09-10,97.2730241198
2001-09-17,91.004565442
2001-09-18,86.86338652
2001-09-19,84.4459382902
2001-09-20,81.9342970665
2001-09-21,81.8544455884
2001-09-24,84.2452551464
2001-09-25,84.6650815945
2001-09-26,80.7815531694
2001-09-27,80.8750793859
2001-09-28,84.2214500043
2001-10-01,83.6340547779
2001-10-02,85.3040184525
2001-10-03,87.883388346
2001-10-04,89.1775719098
2001-10-05,89.293864734
2001-10-08,89.4090620346
2001-10-09,87.9266701575
2001-10-10,91.6789906609
2001-10-11,94.3775291132
2001-10-12,93.7656870856
2001-10-15,92.9549315329
2001-10-16,94.2932899816
2001-10-17,91.7882743649
2001-10-18,90.1910762496
2001-10-19,91.2295586328
2001-10-22,93.9019301561
2001-10-23,92.9678496547
2001-10-24,92.1016443346
2001-10-25,94.937670117
2001-10-26,95.4245459866
2001-10-29,93.0669171309
2001-10-30,91.1221873498
2001-10-31,92.681022254
2001-11-01,95.2710614673
2001-11-02,95.5307389795
2001-11-05,97.6836877119
2001-11-06,98.8627473959
2001-11-07,97.7425845294
2001-11-08,98.2466485407
2001-11-09,98.5149095899
2001-11-12,98.67995679
2001-11-13,101.1846995795
2001-11-14,100.7726124548
2001-11-15,99.8650413779
2001-11-16,99.7173846927
2001-11-19,100.2218027797
2001-11-20,98.9471618576
2001-11-21,98.1617135082
2001-11-23,99.5101835046
2001-11-26,100.2593314424
2001-11-27,100.733661618
2001-11-28,97.9041466245
2001-11-29,99.2918695952
2001-11-30,98.6490516087
2001-12-03,96.6636636037
2001-12-04,99.7296511009
2001-12-05,103.0654105952
2001-12-06,103.1071057071
2001-12-07,102.2873895239
2001-12-10,99.520670347
2001-12-11,98.5217091068
2001-12-12,99.100800511
2001-12-13,96.9130902549
2001-12-14,97.1460645655
2001-12-17,97.9764399136
2001-12-18,98.8710024623
2001-12-19,99.5515036116
2001-12-20,98.0926945336
2001-12-21,98.1603055118
2001-12-24,98.8463228267
2001-12-26,99.7327772528
2001-12-27,101.0369227219
2001-12-28,101.5137845542
2001-12-31,100.4009703888
2002-01-02,101.3427534487
2002-01-03,103.0171959535
2002-01-04,103.7070297246
2002-01-07,103.2884315337
2002-01-08,103.0466352882
2002-01-09,102.5708110815
2002-01-10,101.5783971996
2002-01-11,98.851283685
2002-01-14,98.4080185744
2002-01-15,98.2015168264
2002-01-16,96.3895192206
2002-01-17,96.937501281
2002-01-18,96.4633306696
2002-01-22,94.971741628
2002-01-23,96.3540242526
2002-01-24,96.4075752948
2002-01-25,97.8809653267
2002-01-28,98.4737029906
2002-01-29,95.3396668759
2002-01-30,97.1864540563
2002-01-31,97.9122597069
2002-02-01,97.692609042
2002-02-04,95.9728223248
2002-02-05,94.8532122954
2002-02-06,93.6277676964
2002-02-07,91.6704824616
2002-02-08,93.1528988507
2002-02-11,96.1167089372
2002-02-12,95.5080366138
2002-02-13,97.8423602841
2002-02-14,96.6605529019
2002-02-15,95.5001168467
2002-02-19,93.6981881433
2002-02-20,94.4162697315
2002-02-21,92.9802197864
2002-02-22,92.8923253429
2002-02-25,94.6221571405
2002-02-26,95.200704251
2002-02-27,95.5353637912
2002-02-28,94.4930988337
2002-03-01,98.2010301433
2002-03-04,101.7782824705
2002-03-05,102.351609744
2002-03-06,104.1448990233
2002-03-07,105.1987538372
2002-03-08,106.4968213959
2002-03-11,106.0811311176
2002-03-12,104.9666277966
2002-03-13,103.3436649412
2002-03-14,103.0434291173
2002-03-15,103.3733742495
2002-03-18,104.7971892597
2002-03-19,105.7561438418
2002-03-20,104.4030932758
2002-03-21,105.7262774917
2002-03-22,104.9739037998
2002-03-25,103.5281995121
2002-03-26,104.6670962046
2002-03-27,105.5380461632
2002-03-28,106.8411364611
2002-04-01,107.2867759696
2002-04-02,106.8625937115
2002-04-03,105.2325530736
2002-04-04,105.6836093243
2002-04-05,105.2503579728
2002-04-08,105.9782992765
2002-04-09,105.1661661298
2002-04-10,106.6317076393
2002-04-11,104.808533428
2002-04-12,105.4698934477
2002-04-15,104.7659627411
2002-04-16,107.1060033729
2002-04-17,107.7545357929
2002-04-18,106.2413634902
2002-04-19,105.7275124425
2002-04-22,104.5201120954
2002-04-23,104.7712071991
2002-04-24,103.2261992522
2002-04-25,103.1202296103
2002-04-26,100.5693569473
2002-04-29,99.8723676867
2002-04-30,101.6024924765
2002-05-01,101.6485828012
2002-05-02,100.5475872868
2002-05-03,99.3009068516
2002-05-06,97.8270058637
2002-05-07,97.0377725242
2002-05-08,102.0557480034
2002-05-09,101.0514112843
2002-05-10,98.346811652
2002-05-13,100.5433606842
2002-05-14,103.7031470051
2002-05-15,103.3627724427
2002-05-16,102.6958031399
2002-05-17,102.5319052799
2002-05-20,102.1662890453
2002-05-21,101.1397903894
2002-05-22,101.9994755027
2002-05-23,102.130763281
2002-05-24,99.8068805674
2002-05-28,99.4401956874
2002-05-29,97.01818787
2002-05-30,94.9651578321
2002-05-31,94.913734446
2002-06-03,90.9777796855
2002-06-04,91.4505801072
2002-06-05,90.838689086
2002-06-06,88.0154112925
2002-06-07,87.7074291208
2002-06-10,87.4071558785
2002-06-11,85.3078003984
2002-06-12,86.8292447579
2002-06-13,86.7014283065
2002-06-14,86.105087646
2002-06-17,89.3670709329
2002-06-18,89.3743990327
2002-06-19,87.5705692292
2002-06-20,85.0587507163
2002-06-21,84.0014156415
2002-06-24,84.3425984037
2002-06-25,82.9478401537
2002-06-26,81.8086284535
2002-06-27,83.5601816052
2002-06-28,84.231242026
2002-07-01,81.7989088657
2002-07-02,78.8097815145
2002-07-03,79.5405596279
2002-07-05,83.5900324033
2002-07-08,81.6144311551
2002-07-09,78.5031884007
2002-07-10,74.9131505901
2002-07-11,77.1915737078
2002-07-12,76.3822795413
2002-07-15,76.5694384985
2002-07-16,74.4814248033
2002-07-17,74.4045253242
2002-07-18,72.21956216
2002-07-19,69.8279754587
2002-07-22,67.4859418729
2002-07-23,64.3663813861
2002-07-24,69.3082187551
2002-07-25,66.8763070452
2002-07-26,66.4989194101
2002-07-29,69.4940456294
2002-07-30,71.6786478972
2002-07-31,70.7698125804
2002-08-01,69.5353094473
2002-08-02,66.9520010799
2002-08-05,64.5606688851
2002-08-06,67.3939322066
2002-08-07,68.7308680913
2002-08-08,70.8926225652
2002-08-09,70.6595580138
2002-08-12,70.4136641581
2002-08-13,69.1487150647
2002-08-14,71.8219248681
2002-08-15,72.2086306737
2002-08-16,72.828246117
2002-08-19,75.1657067435
2002-08-20,74.0301761342
2002-08-21,76.4605191901
2002-08-22,77.1790824723
2002-08-23,74.8069811189
2002-08-26,75.8196626347
2002-08-27,73.7628744946
2002-08-28,72.2664852467
2002-08-29,72.1708255365
2002-08-30,72.040316947
2002-09-03,69.1109593617
2002-09-04,69.5904256198
2002-09-05,67.9129466705
2002-09-06,69.0938367974
2002-09-09,68.7405760604
2002-09-10,69.1589958499
2002-09-11,69.4661388139
2002-09-12,66.8298335408
2002-09-13,67.3111781435
2002-09-16,66.2455912456
2002-09-17,64.5868728085
2002-09-18,64.6363433756
2002-09-19,62.9341595639
2002-09-20,62.4503927538
2002-09-23,60.4383997108
2002-09-24,59.4256406269
2002-09-25,61.1132827837
2002-09-26,61.9803077741
2002-09-27,61.1136235816
2002-09-30,60.900453579
2002-10-01,62.8583073286
2002-10-02,61.592040022
2002-10-03,60.2323645853
2002-10-04,58.7944041153
2002-10-07,57.7293885801
2002-10-08,56.6080718715
2002-10-09,54.8296660512
2002-10-10,58.8157329055
2002-10-11,61.298416729
2002-10-14,61.1102460001
2002-10-15,63.8764251366
2002-10-16,61.350918266
2002-10-17,63.8071713293
2002-10-18,64.3086043623
2002-10-21,66.7228752349
2002-10-22,64.9599749088
2002-10-23,66.7088591642
2002-10-24,64.8615158766
2002-10-25,66.4986280937
2002-10-28,66.6476212624
2002-10-29,65.1157908357
2002-10-30,66.7983695547
2002-10-31,66.9638980521
2002-11-01,68.8290437456
2002-11-04,70.3591695319
2002-11-05,69.5073593507
2002-11-06,72.0796963176
2002-11-07,68.9838627001
2002-11-08,68.1266228651
2002-11-11,65.0422571604
2002-11-12,66.3441990852
2002-11-13,66.0790964032
2002-11-14,68.5015892557
2002-11-15,68.8463256134
2002-11-18,68.3494994437
2002-11-19,67.9537065141
2002-11-20,69.5514262402
2002-11-21,72.5306477007
2002-11-22,72.5903338597
2002-11-25,73.6166208997
2002-11-26,71.6548018814
2002-11-27,73.979342655
2002-11-29,73.4572845121
2002-12-02,73.298099675
2002-12-03,72.4606774182
2002-12-04,70.2486371026
2002-12-05,69.3303625066
2002-12-06,69.6988975121
2002-12-09,67.5434557749
2002-12-10,69.345496918
2002-12-11,69.0520070532
2002-12-12,68.8030907398
2002-12-13,67.6199417554
2002-12-16,69.7230091128
2002-12-17,68.8762509309
2002-12-18,67.1949780778
2002-12-19,66.9958148237
2002-12-20,67.6078862967
2002-12-23,68.2468128548
2002-12-24,67.8473028029
2002-12-26,67.9630607772
2002-12-27,66.9042951289
2002-12-30,66.8483656538
2002-12-31,66.798181222
2003-01-02,69.2159680972
2003-01-03,69.8270753881
2003-01-06,72.2173890317
2003-01-07,71.5985552136
2003-01-08,70.533516459
2003-01-09,71.7547590775
2003-01-10,72.0376074976
2003-01-13,70.3659459141
2003-01-14,71.0074191378
2003-01-15,69.779981887
2003-01-16,69.5793730639
2003-01-17,67.9222508988
2003-01-21,66.8605196627
2003-01-22,66.5845255352
2003-01-23,67.7337736203
2003-01-24,65.8646837696
2003-01-27,64.7586734877
2003-01-28,65.9749476448
2003-01-29,66.578507149
2003-01-30,65.1981776837
2003-01-31,65.0073400292
2003-02-03,65.048640486
2003-02-04,64.869044416
2003-02-05,64.3436237802
2003-02-06,64.0742660315
2003-02-07,63.1513746025
2003-02-10,63.4725042745
2003-02-11,63.0011482733
2003-02-12,61.5522687124
2003-02-13,61.7775456949
2003-02-14,63.1889842005
2003-02-18,64.4039362651
2003-02-19,63.6748823928
2003-02-20,63.8497505828
2003-02-21,64.1741003115
2003-02-24,63.452212114
2003-02-25,63.3957732622
2003-02-26,62.7067514381
2003-02-27,63.3467366436
2003-02-28,63.7856487551
2003-03-03,63.066464666
2003-03-04,61.9451615793
2003-03-05,62.2172642252
2003-03-06,62.0019225588
2003-03-07,62.043112358
2003-03-10,60.6897671828
2003-03-11,60.187919371
2003-03-12,60.6086177962
2003-03-13,63.5433172409
2003-03-14,63.2354148692
2003-03-17,65.7916628892
2003-03-18,66.9522871863
2003-03-19,66.6803604652
2003-03-20,67.2878109475
2003-03-21,68.6770302678
2003-03-24,66.0502657818
2003-03-25,66.9742272628
2003-03-26,66.5418585425
2003-03-27,66.4857777828
2003-03-28,65.8029818363
2003-03-31,64.3861948181
2003-04-01,64.970995078
2003-04-02,67.3571175433
2003-04-03,67.0337733513
2003-04-04,66.9904880685
2003-04-07,67.6263242331
2003-04-08,66.512125879
2003-04-09,65.6710086864
2003-04-10,66.191856292
2003-04-11,65.9880743696
2003-04-14,67.49461524
2003-04-15,67.9750013808
2003-04-16,68.3153245673
2003-04-17,70.1745554805
2003-04-21,70.5148696469
2003-04-22,72.7400474719
2003-04-23,72.8229263545
2003-04-24,72.4437590126
2003-04-25,70.7349314651
2003-04-28,72.4906785311
2003-04-29,73.0744150045
2003-04-30,73.0461921016
2003-05-01,72.4967272933
2003-05-02,74.0573820817
2003-05-05,74.1764690774
2003-05-06,74.5520714421
2003-05-07,73.7501758752
2003-05-08,73.0232883081
2003-05-09,74.3850566887
2003-05-12,75.7230747813
2003-05-13,75.3415849367
2003-05-14,75.2970122147
2003-05-15,75.5096836184
2003-05-16,74.7539388488
2003-05-19,72.8019290426
2003-05-20,72.7851390686
2003-05-21,72.4865596964
2003-05-22,73.6472384253
2003-05-23,74.3226465259
2003-05-27,76.809389903
2003-05-28,76.5058948349
2003-05-29,76.5817132401
2003-05-30,78.321323366
2003-06-02,78.4347945082
2003-06-03,79.1165149249
2003-06-04,80.778321038
2003-06-05,81.1345395642
2003-06-06,79.9705670948
2003-06-09,78.6123871204
2003-06-10,79.0824932597
2003-06-11,79.3872337329
2003-06-12,79.5507111953
2003-06-13,77.90074077
2003-06-16,79.7286099912
2003-06-17,80.2287578467
2003-06-18,80.347761781
2003-06-19,79.8847574341
2003-06-20,79.6061503156
2003-06-23,78.0002925099
2003-06-24,77.466676979
2003-06-25,77.6041150727
2003-06-26,79.0106533397
2003-06-27,78.2576562534
2003-06-30,78.0080007835
2003-07-01,78.0888151455
2003-07-02,79.163170107
2003-07-03,78.4168520457
2003-07-07,81.0433543062
2003-07-08,81.3558328189
2003-07-09,81.1699664616
2003-07-10,79.8303011495
2003-07-11,80.2059415299
2003-07-14,81.3534332577
2003-07-15,81.1885921978
2003-07-16,81.4240490039
2003-07-17,80.7533050223
2003-07-18,81.7092534413
2003-07-21,80.7230526333
2003-07-22,82.6594175799
2003-07-23,83.1480933282
2003-07-24,82.3889630515
2003-07-25,83.6613955727
2003-07-28,83.9702523624
2003-07-29,83.3494127428
2003-07-30,82.3461005714
2003-07-31,83.1124401953
2003-08-01,82.8969807104
2003-08-04,82.7067525655
2003-08-05,81.1089535992
2003-08-06,81.0042019209
2003-08-07,81.1916973248
2003-08-08,80.5526326443
2003-08-11,81.684406332
2003-08-12,82.7379157612
2003-08-13,83.1467618873
2003-08-14,83.6306862436
2003-08-15,83.9267380784
2003-08-18,85.6301796773
2003-08-19,86.1407411462
2003-08-20,86.383593224
2003-08-21,87.7143447959
2003-08-22,87.4164540133
2003-08-25,87.0102977178
2003-08-26,86.7340297727
2003-08-27,87.7682622594
2003-08-28,88.2311332219
2003-08-29,89.012100404
2003-09-02,89.7034633339
2003-09-03,88.9447954316
2003-09-04,89.5185347684
2003-09-05,89.1888178274
2003-09-08,90.8186333785
2003-09-09,89.8585339423
2003-09-10,87.5447661655
2003-09-11,88.4512969728
2003-09-12,88.8209266992
2003-09-15,88.2294355244
2003-09-16,89.70703038
2003-09-17,89.0271810752
2003-09-18,89.5836100644
2003-09-19,89.354553911
2003-09-22,87.6451808861
2003-09-23,88.2794747922
2003-09-24,85.8598036522
2003-09-25,85.3402874281
2003-09-26,84.4687643018
2003-09-29,85.5792573907
2003-09-30,84.2366133474
2003-10-01,85.9922029433
2003-10-02,86.631982491
2003-10-03,88.6773082138
2003-10-06,88.9295207731
2003-10-07,90.0183959956
2003-10-08,90.1882836545
2003-10-09,90.870627312
2003-10-10,91.482025184
2003-10-13,92.299330967
2003-10-14,92.6635979559
2003-10-15,92.8460666003
2003-10-16,93.3157055324
2003-10-17,91.8755834626
2003-10-20,92.4876132039
2003-10-21,92.8474797322
2003-10-22,91.2401398166
2003-10-23,90.2217561712
2003-10-24,90.2082801986
2003-10-27,90.4303609236
2003-10-28,92.8313518176
2003-10-29,93.444802361
2003-10-30,94.4821241413
2003-10-31,94.6467479898
2003-11-03,96.6848288391
2003-11-04,96.996457501
2003-11-05,97.0796359401
2003-11-06,97.6766714491
2003-11-07,97.3218070225
2003-11-10,95.6486394896
2003-11-11,95.5976776554
2003-11-12,97.0479903864
2003-11-13,96.2879375632
2003-11-14,94.7267235763
2003-11-17,93.9072336063
2003-11-18,92.5322747874
2003-11-19,93.4028673041
2003-11-20,92.4640690977
2003-11-21,92.848083685
2003-11-24,95.4629370892
2003-11-25,96.5194413372
2003-11-26,96.3840498298
2003-11-28,97.0894955048
2003-12-01,97.9842628
2003-12-02,97.4757013126
2003-12-03,96.9073386775
2003-12-04,96.6868371823
2003-12-05,95.4873983697
2003-12-08,96.3770834789
2003-12-09,94.8054654531
2003-12-10,94.6998721685
2003-12-11,96.6489908752
2003-12-12,97.037564538
2003-12-15,95.6639330296
2003-12-16,95.5115157126
2003-12-17,95.5154794405
2003-12-18,97.5216912987
2003-12-19,97.4043081057
2003-12-22,98.0522165887
2003-12-23,98.8317446339
2003-12-24,98.5516846447
2003-12-26,98.6988129475
2003-12-29,100.4924072066
2003-12-30,100.3408603554
2003-12-31,100.1332486735
2004-01-02,99.6349559486
2004-01-05,102.3136693979
2004-01-06,102.4808318344
2004-01-07,103.5246637413
2004-01-08,104.3020217246
2004-01-09,103.4827662877
2004-01-12,104.355763689
2004-01-13,103.6055519405
2004-01-14,103.7231801724
2004-01-15,104.4930347129
2004-01-16,105.327451386
2004-01-20,106.1422304028
2004-01-21,105.8428656143
2004-01-22,104.8342722882
2004-01-23,103.4734553231
2004-01-26,104.4229347336
2004-01-27,102.8187152506
2004-01-28,101.3512588575
2004-01-29,100.9354020444
2004-01-30,100.9419426585
2004-02-02,100.6352792803
2004-02-03,100.5721093582
2004-02-04,99.0793887541
2004-02-05,99.4830217962
2004-02-06,101.8483367977
2004-02-09,101.5105394541
2004-02-10,102.3995178816
2004-02-11,103.0046301993
2004-02-12,102.2780043893
2004-02-13,101.2280845189
2004-02-17,102.6018137336
2004-02-18,102.2179384971
2004-02-19,101.3321311202
2004-02-20,100.1822313025
2004-02-23,98.4440587998
2004-02-24,98.3776697115
2004-02-25,99.6171872181
2004-02-26,100.2199415006
2004-02-27,100.0243889633
2004-03-01,101.4003300693
2004-03-02,100.6025222805
2004-03-03,100.2934301353
2004-03-04,100.8792717016
2004-03-05,101.6540444925
2004-03-08,100.0127351592
2004-03-09,99.6703263184
2004-03-10,97.7611711089
2004-03-11,96.703042349
2004-03-12,98.5916115029
2004-03-15,96.9223581609
2004-03-16,97.5326400144
2004-03-17,99.2991045405
2004-03-18,98.5283602824
2004-03-19,96.9608424884
2004-03-22,95.7256536036
2004-03-23,95.6409887238
2004-03-24,95.8657846045
2004-03-25,98.428681686
2004-03-26,98.5020236134
2004-03-29,99.7661848138
2004-03-30,99.9476701092
2004-03-31,99.9074880674
2004-04-01,100.5535637268
2004-04-02,102.1737458329
2004-04-05,102.7413994502
2004-04-06,102.1551891522
2004-04-07,100.5360492733
2004-04-08,100.8290579998
2004-04-12,101.3387354072
2004-04-13,99.7499841277
2004-04-14,99.2906704032
2004-04-15,98.8445586523
2004-04-16,98.6739219266
2004-04-19,99.2510920912
2004-04-20,97.3868992237
2004-04-21,98.0540549549
2004-04-22,98.9597886736
2004-04-23,99.4714701272
2004-04-26,98.1951132284
2004-04-27,97.6194404198
2004-04-28,96.4095428788
2004-04-29,94.1112412526
2004-04-30,93.248118741
2004-05-03,93.7112840397
2004-05-04,94.4122839061
2004-05-05,94.4630961819
2004-05-06,93.9741386178
2004-05-07,91.9431537182
2004-05-10,90.621271091
2004-05-11,92.3458043466
2004-05-12,91.3795467747
2004-05-13,91.5585766141
2004-05-14,91.2795702552
2004-05-17,90.08535218
2004-05-18,90.836411607
2004-05-19,90.5676297626
2004-05-20,90.263293871
2004-05-21,90.5149341511
2004-05-24,91.6543057111
2004-05-25,94.3072366111
2004-05-26,94.6670212745
2004-05-27,95.0870632215
2004-05-28,95.4340412591
2004-06-01,95.3610753019
2004-06-02,94.7099255055
2004-06-03,93.1352149231
2004-06-04,94.0377232918
2004-06-07,96.0230301303
2004-06-08,95.5347276528
2004-06-09,94.102763505
2004-06-10,94.6147415785
2004-06-14,93.5063169092
2004-06-15,94.8671924076
2004-06-16,94.6046286974
2004-06-17,94.6293700972
2004-06-18,94.9503368525
2004-06-21,94.822462287
2004-06-22,95.8472759798
2004-06-23,97.0679795256
2004-06-24,96.6149784855
2004-06-25,97.1433910386
2004-06-28,95.8731091344
2004-06-29,96.5705056425
2004-06-30,97.0108164004
2004-07-01,95.141471528
2004-07-02,94.1559429248
2004-07-06,93.2386872252
2004-07-07,93.5450179345
2004-07-08,93.0841095452
2004-07-09,94.5800299123
2004-07-12,94.0443786936
2004-07-13,94.3952332264
2004-07-14,93.5064464785
2004-07-15,93.8777495811
2004-07-16,93.6806909566
2004-07-19,94.0108859671
2004-07-20,94.7240482423
2004-07-21,94.2178708911
2004-07-22,94.4101628007
2004-07-23,93.5534136377
2004-07-26,93.0584507138
2004-07-27,93.5348791698
2004-07-28,93.6073936188
2004-07-29,95.1600863689
2004-07-30,95.6526681488
2004-08-02,96.2666857448
2004-08-03,95.0519436274
2004-08-04,95.1110300542
2004-08-05,93.5891760103
2004-08-06,91.7978064627
2004-08-09,91.9791469431
2004-08-10,93.0678266499
2004-08-11,92.1477833184
2004-08-12,90.6823435561
2004-08-13,90.6836493818
2004-08-16,92.2106065966
2004-08-17,92.595745717
2004-08-18,93.474989389
2004-08-19,92.9252112567
2004-08-20,93.6029422167
2004-08-23,93.4161629745
2004-08-24,93.132484487
2004-08-25,94.103546793
2004-08-26,93.9329745629
2004-08-27,94.5013098353
2004-08-30,93.8186716573
2004-08-31,94.3089820706
2004-09-01,94.9061588241
2004-09-02,95.8224022043
2004-09-03,94.6593739436
2004-09-07,95.0313054475
2004-09-08,94.4765779158
2004-09-09,95.7505854898
2004-09-10,96.4436103318
2004-09-13,96.5119421631
2004-09-14,96.5579364155
2004-09-15,95.4548127524
2004-09-16,96.2201673315
2004-09-17,96.590977668
2004-09-20,96.9458429904
2004-09-21,97.8560134824
2004-09-22,96.3146212657
2004-09-23,95.7509098367
2004-09-24,95.626532986
2004-09-27,94.9408770603
2004-09-28,95.6373514953
2004-09-29,96.1645211794
2004-09-30,96.9905892449
2004-10-01,98.94669702
2004-10-04,99.4224206381
2004-10-05,99.815292857
2004-10-06,100.1117413422
2004-10-07,99.0530667354
2004-10-08,97.7506409114
2004-10-11,98.2536120543
2004-10-12,97.7006305269
2004-10-13,96.859393512
2004-10-14,95.9499855093
2004-10-15,96.5531764653
2004-10-18,96.2850587317
2004-10-19,95.7486940404
2004-10-20,96.2675190534
2004-10-21,96.7077285556
2004-10-22,95.9538516198
2004-10-25,96.4102685123
2004-10-26,97.6007974039
2004-10-27,99.0010992244
2004-10-28,98.8162222254
2004-10-29,98.7717000132
2004-11-01,99.1731225437
2004-11-02,99.0174118455
2004-11-03,99.8673947854
2004-11-04,101.3583014802
2004-11-05,102.038801088
2004-11-08,102.1719516624
2004-11-09,102.3425346425
2004-11-10,102.2251884159
2004-11-11,103.5232808844
2004-11-12,104.6073665573
2004-11-15,104.7299833582
2004-11-16,104.423005984
2004-11-17,105.5837726929
2004-11-18,106.3064894781
2004-11-19,104.7904021254
2004-11-22,106.0676051513
2004-11-23,106.0563704387
2004-11-24,107.1449560922
2004-11-26,107.717241646
2004-11-29,106.9684784176
2004-11-30,105.9679690573
2004-12-01,107.5561351703
2004-12-02,106.1924729116
2004-12-03,107.123794874
2004-12-06,107.2301621606
2004-12-07,105.2192604643
2004-12-08,105.0906199015
2004-12-09,105.4280627083
2004-12-10,105.1346000584
2004-12-13,106.1834505316
2004-12-14,107.1301830791
2004-12-15,107.9671503722
2004-12-16,106.8587788246
2004-12-17,106.2424697598
2004-12-20,106.6032333834
2004-12-21,107.4357821322
2004-12-22,107.7451284796
2004-12-23,107.9226639312
2004-12-27,107.0366177703
2004-12-28,108.3149350101
2004-12-29,108.7610055366
2004-12-30,108.9244788095
2004-12-31,108.6396979708
2005-01-03,106.9305334719
2005-01-04,104.9247679721
2005-01-05,103.5381601452
2005-01-06,103.766593375
2005-01-07,103.5986590249
2005-01-10,104.2356566694
2005-01-11,103.2966127631
2005-01-12,104.2993540746
2005-01-13,104.0749027511
2005-01-14,104.4624491621
2005-01-18,105.2242212755
2005-01-19,103.9560830886
2005-01-20,103.2549501427
2005-01-21,102.7621593261
2005-01-24,101.961143092
2005-01-25,102.3440669947
2005-01-26,103.8843156664
2005-01-27,104.4042529785
2005-01-28,103.7986101712
2005-01-31,105.2002683635
2005-02-01,106.5470278498
2005-02-02,106.7714812784
2005-02-03,106.2926639086
2005-02-04,108.0407115094
2005-02-07,107.612189603
2005-02-08,107.9959969893
2005-02-09,106.7868451125
2005-02-10,107.5059650483
2005-02-11,108.4592430381
2005-02-14,109.0498364796
2005-02-15,109.2835885445
2005-02-16,109.9967278142
2005-02-17,108.7572621578
2005-02-18,109.2072167051
2005-02-22,108.0340517364
2005-02-23,108.7522066801
2005-02-24,110.1975694764
2005-02-25,111.666926137
2005-02-28,110.5925475861
2005-03-01,111.2900729762
2005-03-02,110.2444768768
2005-03-03,110.323615632
2005-03-04,111.4116861966
2005-03-07,112.0461033987
2005-03-08,112.1769160592
2005-03-09,110.7376466052
2005-03-10,110.4933319714
2005-03-11,110.0746400195
2005-03-14,111.2301220251
2005-03-15,110.4066669008
2005-03-16,109.0336524839
2005-03-17,109.7441192308
2005-03-18,109.4184656288
2005-03-21,108.9263007467
2005-03-22,107.7764377138
2005-03-23,107.096482721
2005-03-24,108.1504179973
2005-03-28,108.3086340449
2005-03-29,106.4293014664
2005-03-30,107.9170436679
2005-03-31,108.4646604503
2005-04-01,108.2963108673
2005-04-04,108.5770194318
2005-04-05,108.9185752432
2005-04-06,109.1855469245
2005-04-07,109.7043029841
2005-04-08,108.4988072457
2005-04-11,108.0049815538
2005-04-12,107.7456183803
2005-04-13,105.9765644597
2005-04-14,104.3016610789
2005-04-15,101.893616755
2005-04-18,103.1271774898
2005-04-19,105.5316324624
2005-04-20,103.8911367245
2005-04-21,106.08999148
2005-04-22,105.0165486835
2005-04-25,105.9192285513
2005-04-26,104.6585125409
2005-04-27,104.1196293554
2005-04-28,102.8735441854
2005-04-29,104.0428882471
2005-05-02,105.0094321961
2005-05-03,104.7917419096
2005-05-04,106.0821781025
2005-05-05,105.7468584797
2005-05-06,105.935520255
2005-05-09,106.1792959279
2005-05-10,105.1393150522
2005-05-11,105.3949013148
2005-05-12,103.4673430602
2005-05-13,102.7072126506
2005-05-16,103.6133600575
2005-05-17,104.5582287829
2005-05-18,106.2590418152
2005-05-19,106.0287569754
2005-05-20,106.2387398247
2005-05-23,106.7311472472
2005-05-24,107.291751787
2005-05-25,106.7375642785
2005-05-26,107.8524840558
2005-05-27,108.2347598624
2005-05-31,108.013442984
2005-06-01,108.984096457
2005-06-02,109.3192283625
2005-06-03,108.8944954588
2005-06-06,108.8961397657
2005-06-07,108.9066373536
2005-06-08,108.8856899242
2005-06-09,109.7256918675
2005-06-10,109.9072003703
2005-06-13,110.4278391534
2005-06-14,111.0046091572
2005-06-15,111.0673605956
2005-06-16,111.966863717
2005-06-17,112.4407188265
2005-06-20,112.1755879967
2005-06-21,112.0143239002
2005-06-22,112.2331371947
2005-06-23,111.2371603129
2005-06-24,109.652918907
2005-06-27,110.0198773236
2005-06-28,111.1845551382
2005-06-29,111.307336765
2005-06-30,110.9751601317
2005-07-01,111.6626660417
2005-07-05,112.9040200006
2005-07-06,111.8295273794
2005-07-07,112.9219060484
2005-07-08,114.4326345916
2005-07-11,116.043768364
2005-07-12,116.0517869884
2005-07-13,116.0883226208
2005-07-14,115.5177062126
2005-07-15,115.562196159
2005-07-18,115.1446038196
2005-07-19,116.8820174535
2005-07-20,117.8316197706
2005-07-21,115.9377595497
2005-07-22,117.4267792553
2005-07-25,116.8848692299
2005-07-26,117.162447768
2005-07-27,117.1134450078
2005-07-28,117.9169102763
2005-07-29,117.4048211074
2005-08-01,117.5397392762
2005-08-02,119.1884869357
2005-08-03,118.7106625919
2005-08-04,117.8023691114
2005-08-05,116.8421288511
2005-08-08,115.8414799252
2005-08-09,116.3888154878
2005-08-10,116.1263082078
2005-08-11,117.2785759486
2005-08-12,116.3601500162
2005-08-15,116.3935531987
2005-08-16,114.4096318818
2005-08-17,114.6159903267
2005-08-18,114.5899412984
2005-08-19,115.1164995307
2005-08-22,116.138534872
2005-08-23,115.9958236081
2005-08-24,115.6779865489
2005-08-25,117.0291863485
2005-08-26,116.6588337374
2005-08-29,117.3095932262
2005-08-30,117.8658364291
2005-08-31,119.2719145557
2005-09-01,119.3485740264
2005-09-02,118.571384228
2005-09-06,119.6093758164
2005-09-07,119.9669038019
2005-09-08,119.8210542066
2005-09-09,121.3131274178
2005-09-12,121.2868623614
2005-09-13,121.0737334847
2005-09-14,121.1513759512
2005-09-15,120.9710036867
2005-09-16,121.5308694679
2005-09-19,120.9051961153
2005-09-20,119.8759600685
2005-09-21,119.0952914462
2005-09-22,118.8334175498
2005-09-23,119.0446922078
2005-09-26,119.491758609
2005-09-27,119.5988084197
2005-09-28,121.1564774611
2005-09-29,122.890338796
2005-09-30,123.4933708807
2005-10-03,124.9140028062
2005-10-04,123.1290139839
2005-10-05,119.5916314665
2005-10-06,117.3485717835
2005-10-07,119.0213191944
2005-10-10,117.1606228003
2005-10-11,117.1279653898
2005-10-12,116.9241705424
2005-10-13,116.7837509275
2005-10-14,117.6875136908
2005-10-17,118.8093215691
2005-10-18,116.4634048776
2005-10-19,117.323978936
2005-10-20,115.3163485132
2005-10-21,115.3666365659
2005-10-24,118.5185191473
2005-10-25,118.585814401
2005-10-26,118.3501775098
2005-10-27,115.4422224714
2005-10-28,116.6014852578
2005-10-31,117.9514132194
2005-11-01,116.8631041683
2005-11-02,118.0582993855
2005-11-03,118.5955022375
2005-11-04,118.2262472902
2005-11-07,117.9518387082
2005-11-08,117.8274677064
2005-11-09,118.23935107
2005-11-10,117.8525670605
2005-11-11,118.3018222836
2005-11-14,117.9995166343
2005-11-15,117.7959204571
2005-11-16,118.1701061248
2005-11-17,119.7525555408
2005-11-18,120.9171210974
2005-11-21,121.8338692568
2005-11-22,122.6544758616
2005-11-23,122.7789161744
2005-11-25,123.2955181637
2005-11-28,121.6565567343
2005-11-29,121.7835947445
2005-11-30,121.6702235342
2005-12-01,124.2883430053
2005-12-02,124.5592043799
2005-12-05,124.2934389947
2005-12-06,124.7605336639
2005-12-07,124.0856275714
2005-12-08,124.4569171694
2005-12-09,124.7882319124
2005-12-12,126.1151736411
2005-12-13,127.3389557616
2005-12-14,127.7857379604
2005-12-15,126.9370998149
2005-12-16,126.2123641852
2005-12-19,124.6008055841
2005-12-20,124.8350495165
2005-12-21,125.2316369991
2005-12-22,125.6422640229
2005-12-23,125.9099394512
2005-12-27,124.0723667085
2005-12-28,124.9177963116
2005-12-29,124.5784936688
2005-12-30,124.1559430145
2006-01-03,126.8084996257
2006-01-04,127.8207546876
2006-01-05,127.9042234427
2006-01-06,129.5847543741
2006-01-09,129.9331451373
2006-01-10,129.8711609982
2006-01-11,130.7357836811
2006-01-12,130.2662454604
2006-01-13,130.7153897707
2006-01-17,130.5788710228
2006-01-18,130.323841308
2006-01-19,132.8434700657
2006-01-20,129.4451042291
2006-01-23,130.6016756018
2006-01-24,131.1820360664
2006-01-25,129.7197232411
2006-01-26,130.8233372788
2006-01-27,131.4734652925
2006-01-30,132.325156685
2006-01-31,131.9472272512
2006-02-01,131.8927943358
2006-02-02,129.7258950269
2006-02-03,128.7684735684
2006-02-06,130.215599016
2006-02-07,128.357445961
2006-02-08,129.2013522186
2006-02-09,128.2839062462
2006-02-10,128.2953491706
2006-02-13,126.9621041843
2006-02-14,127.933703816
2006-02-15,128.5783636814
2006-02-16,129.2536589961
2006-02-17,129.7626549031
2006-02-21,129.5317821607
2006-02-22,130.0072556781
2006-02-23,129.10411441
2006-02-24,129.6166096013
2006-02-27,129.8023947132
2006-02-28,129.0612470269
2006-03-01,130.8054241225
2006-03-02,130.8591813192
2006-03-03,130.2347527122
2006-03-06,128.3633105981
2006-03-07,127.6047020066
2006-03-08,126.9726550797
2006-03-09,126.5276117209
2006-03-10,127.6427068256
2006-03-13,128.750397409
2006-03-14,130.5643940101
2006-03-15,131.5741521893
2006-03-16,131.8299660373
2006-03-17,131.7431849018
2006-03-20,130.7409504934
2006-03-21,130.0542319513
2006-03-22,131.2985280915
2006-03-23,131.5232855946
2006-03-24,132.3866830001
2006-03-27,132.3609426602
2006-03-28,131.9128314062
2006-03-29,133.6210944207
2006-03-30,133.3528669367
2006-03-31,132.6607151499
2006-04-03,132.9438490936
2006-04-04,133.5908960733
2006-04-05,135.3296316823
2006-04-06,135.6544929532
2006-04-07,133.7727382945
2006-04-10,133.249182404
2006-04-11,132.0330377699
2006-04-12,132.153569687
2006-04-13,132.425270171
2006-04-17,132.3768507779
2006-04-18,135.897055495
2006-04-19,138.699856203
2006-04-20,138.5818997841
2006-04-21,138.2423156204
2006-04-24,137.8317954425
2006-04-25,136.7767395528
2006-04-26,136.4667759415
2006-04-27,136.8485331498
2006-04-28,136.8000017334
2006-05-01,136.6020228557
2006-05-02,137.9042523301
2006-05-03,137.9337901798
2006-05-04,139.3092772599
2006-05-05,141.4177333408
2006-05-08,141.6733892383
2006-05-09,141.2319895159
2006-05-10,140.6217313289
2006-05-11,139.0761614376
2006-05-12,136.5786964009
2006-05-15,134.9780851224
2006-05-16,134.2794388238
2006-05-17,130.8743427727
2006-05-18,130.0805811152
2006-05-19,130.8664555965
2006-05-22,129.442645834
2006-05-23,128.558179807
2006-05-24,128.4225171679
2006-05-25,130.4795393869
2006-05-26,131.2824767955
2006-05-30,129.8106949683
2006-05-31,132.5685282066
2006-06-01,135.3610438464
2006-06-02,136.1910920208
2006-06-05,133.4913860818
2006-06-06,131.9983036707
2006-06-07,130.4931732265
2006-06-08,129.6677435658
2006-06-09,129.1055457493
2006-06-12,126.6543034196
2006-06-13,124.2061338435
2006-06-14,125.010905379
2006-06-15,129.1263220891
2006-06-16,127.9607439868
2006-06-19,125.595371323
2006-06-20,125.2628121747
2006-06-21,127.5772127741
2006-06-22,126.7480154558
2006-06-23,128.0339433151
2006-06-26,128.4089360933
2006-06-27,127.0150739007
2006-06-28,127.56950016
2006-06-29,131.0718080282
2006-06-30,131.7178016468
2006-07-03,132.7586740058
2006-07-05,132.0643747104
2006-07-06,131.8673588972
2006-07-07,130.6617814541
2006-07-10,130.1379020439
2006-07-11,131.3491271608
2006-07-12,129.7678719719
2006-07-13,127.4390823584
2006-07-14,126.8799688469
2006-07-17,126.1859737605
2006-07-18,125.999067563
2006-07-19,129.0671837163
2006-07-20,124.500478544
2006-07-21,125.0257631569
2006-07-24,126.5564230314
2006-07-25,128.3545770107
2006-07-26,128.7144683812
2006-07-27,127.8796873628
2006-07-28,129.7442087423
2006-07-31,130.4925237371
2006-08-01,129.9014792255
2006-08-02,130.1845271444
2006-08-03,130.9255605676
2006-08-04,129.5753646832
2006-08-07,129.4593680911
2006-08-08,128.9992183993
2006-08-09,128.7047824434
2006-08-10,128.4813201034
2006-08-11,127.4193991616
2006-08-14,127.4465695009
2006-08-15,129.7266883434
2006-08-16,131.471149054
2006-08-17,131.0005002599
2006-08-18,130.9796512158
2006-08-21,130.1239761254
2006-08-22,130.6913453797
2006-08-23,129.5081342379
2006-08-24,129.647936909
2006-08-25,130.1745039884
2006-08-28,130.6999049748
2006-08-29,131.0572504087
2006-08-30,131.0280818877
2006-08-31,132.005477256
2006-09-01,132.6141879882
2006-09-05,132.4179050655
2006-09-06,129.894749166
2006-09-07,129.3276493444
2006-09-08,129.2569048958
2006-09-11,127.8262888778
2006-09-12,130.2288386869
2006-09-13,131.0041756384
2006-09-14,130.3831803438
2006-09-15,130.1737977337
2006-09-18,130.635324755
2006-09-19,129.862791991
2006-09-20,129.803714485
2006-09-21,128.4381775265
2006-09-22,127.3468275818
2006-09-25,128.5637400235
2006-09-26,129.9801262974
2006-09-27,130.7113734702
2006-09-28,131.3647410805
2006-09-29,130.1902297518
2006-10-02,130.1297989493
2006-10-03,130.0505776194
2006-10-04,131.7534479051
2006-10-05,132.7472318303
2006-10-06,132.1168247443
2006-10-09,133.1320254077
2006-10-10,135.1327205318
2006-10-11,135.1555189758
2006-10-12,136.861476913
2006-10-13,137.3893113101
2006-10-16,139.1603455798
2006-10-17,138.398783074
2006-10-18,137.5906703652
2006-10-19,138.099626758
2006-10-20,137.7434868645
2006-10-23,138.1236964647
2006-10-24,138.1895071988
2006-10-25,139.0434333806
2006-10-26,139.9471517654
2006-10-27,138.5606663778
2006-10-30,139.2313767795
2006-10-31,138.8684908857
2006-11-01,138.2865632245
2006-11-02,137.8960796393
2006-11-03,138.1806662175
2006-11-06,138.7975506981
2006-11-07,139.4736715148
2006-11-08,140.8364562483
2006-11-09,140.2594548079
2006-11-10,141.1573915176
2006-11-13,142.0700167256
2006-11-14,143.2514258775
2006-11-15,143.8142609589
2006-11-16,143.2868975587
2006-11-17,143.2787588629
2006-11-20,142.9705560655
2006-11-21,143.1458361944
2006-11-22,144.0438179096
2006-11-24,143.9223317713
2006-11-27,141.3285493462
2006-11-28,142.1449906952
2006-11-29,144.0003981714
2006-11-30,144.1118711116
2006-12-01,144.0546900143
2006-12-04,145.9997473386
2006-12-05,146.4649576193
2006-12-06,146.4007690148
2006-12-07,145.5727167492
2006-12-08,145.2816065734
2006-12-11,145.3988448492
2006-12-12,144.4841898465
2006-12-13,144.7852630394
2006-12-14,145.6051922782
2006-12-15,145.3499869418
2006-12-18,143.7391457115
2006-12-19,143.5972352871
2006-12-20,144.1919632688
2006-12-21,143.1532834259
2006-12-22,142.2903742437
2006-12-26,142.9840264856
2006-12-27,143.8897228266
2006-12-28,143.3814479639
2006-12-29,142.8044659336
2007-01-03,142.3418031409
2007-01-04,142.5893629516
2007-01-05,140.9861044383
2007-01-08,141.3676336888
2007-01-09,141.3661351919
2007-01-10,141.5676118476
2007-01-11,142.4673112673
2007-01-12,143.0950635135
2007-01-16,143.0819703152
2007-01-17,143.4515833381
2007-01-18,142.0264925463
2007-01-19,143.5595659761
2007-01-22,143.9977054359
2007-01-23,145.055248733
2007-01-24,146.0901727335
2007-01-25,144.6601808672
2007-01-26,146.0607028533
2007-01-29,146.0476596326
2007-01-30,147.2691622845
2007-01-31,148.2549283478
2007-02-01,149.7297664476
2007-02-02,150.2650991447
2007-02-05,151.3149781313
2007-02-06,151.36502494
2007-02-07,151.8516332676
2007-02-08,152.2143778006
2007-02-09,151.3608903981
2007-02-12,150.4236697284
2007-02-13,152.0539002535
2007-02-14,153.6371570956
2007-02-15,153.2974980199
2007-02-16,153.5573665741
2007-02-20,154.6043768861
2007-02-21,155.4456959961
2007-02-22,155.8939366091
2007-02-23,156.3647548647
2007-02-26,157.3439016559
2007-02-27,151.5114513969
2007-02-28,151.7405957857
2007-03-01,151.6855001411
2007-03-02,149.1594064836
2007-03-05,146.6772639076
2007-03-06,149.8144474357
2007-03-07,150.1719624008
2007-03-08,151.4072395256
2007-03-09,151.3834378231
2007-03-12,152.5448010868
2007-03-13,149.5993687896
2007-03-14,150.2775380039
2007-03-15,150.9681187434
2007-03-16,150.3157967947
2007-03-19,151.43105341
2007-03-20,153.032543695
2007-03-21,155.5246078762
2007-03-22,155.9032577913
2007-03-23,156.2874809804
2007-03-26,156.4192943888
2007-03-27,155.8922397485
2007-03-28,155.0462410137
2007-03-29,155.3955832811
2007-03-30,154.5953511304
2007-04-02,156.0764702579
2007-04-03,156.4238487681
2007-04-04,156.9400305283
2007-04-05,157.2495486139
2007-04-09,158.0545331596
2007-04-10,159.2045300085
2007-04-11,157.8574633695
2007-04-12,158.5171612957
2007-04-13,158.511169347
2007-04-16,160.4839521244
2007-04-17,160.4699739721
2007-04-18,161.0274010561
2007-04-19,160.3905528537
2007-04-20,162.8133721267
2007-04-23,163.9028517757
2007-04-24,164.6235714435
2007-04-25,166.5176338366
2007-04-26,165.9396500971
2007-04-27,164.5502656829
2007-04-30,162.0747654306
2007-05-01,162.3745414127
2007-05-02,165.2448544483
2007-05-03,165.1534135973
2007-05-04,166.5629785933
2007-05-07,166.4347747522
2007-05-08,166.0819523695
2007-05-09,166.9602385093
2007-05-10,164.4640151819
2007-05-11,166.6535367535
2007-05-14,166.9310458731
2007-05-15,165.2789671386
2007-05-16,166.1513557061
2007-05-17,166.108321209
2007-05-18,167.0818241244
2007-05-21,168.3469252078
2007-05-22,168.784691202
2007-05-23,168.3048960072
2007-05-24,164.3365250588
2007-05-25,165.3812002206
2007-05-29,165.680041486
2007-05-30,167.3855794685
2007-05-31,167.6264561218
2007-06-01,168.3695532369
2007-06-04,168.7863873393
2007-06-05,167.5070770941
2007-06-06,166.4335234329
2007-06-07,162.0209933221
2007-06-08,163.9077512013
2007-06-11,164.2510961928
2007-06-12,162.2618262663
2007-06-13,165.7375796982
2007-06-14,167.5965757249
2007-06-15,169.8701756032
2007-06-18,169.375458427
2007-06-19,170.2075377241
2007-06-20,167.70762619
2007-06-21,169.6183209529
2007-06-22,168.3406726974
2007-06-25,167.2851272379
2007-06-26,165.869968048
2007-06-27,168.7370338792
2007-06-28,168.0984844142
2007-06-29,167.8031875213
2007-07-02,170.880808999
2007-07-03,171.3559339121
2007-07-05,170.947595292
2007-07-06,171.3384853455
2007-07-09,173.8283674077
2007-07-10,171.5141195695
2007-07-11,172.0056748512
2007-07-12,175.1670113032
2007-07-13,176.406544294
2007-07-16,175.3212533061
2007-07-17,175.4799225994
2007-07-18,175.7191884385
2007-07-19,178.0337006316
2007-07-20,175.6579102052
2007-07-23,175.530744646
2007-07-24,170.5834733429
2007-07-25,171.0400430116
2007-07-26,167.7166954143
2007-07-27,165.1067060956
2007-07-30,168.9359767943
2007-07-31,167.748404737
2007-08-01,169.4281373176
2007-08-02,169.7166487497
2007-08-03,165.060807461
2007-08-06,167.3959629625
2007-08-07,170.3319137765
2007-08-08,174.1661833349
2007-08-09,170.4212286732
2007-08-10,168.9410302516
2007-08-13,168.8187352758
2007-08-14,164.6069235135
2007-08-15,160.1454917786
2007-08-16,158.6057252726
2007-08-17,162.0355368727
2007-08-20,163.0661839002
2007-08-21,163.138152818
2007-08-22,165.3264354205
2007-08-23,164.1455324827
2007-08-24,166.032076309
2007-08-27,162.9677210989
2007-08-28,158.9258044478
2007-08-29,163.1210948089
2007-08-30,163.0372549378
2007-08-31,165.4986158706
2007-09-04,168.1368600393
2007-09-05,166.6862590775
2007-09-06,167.9727998317
2007-09-07,164.5099123999
2007-09-10,164.1382380338
2007-09-11,166.3422747223
2007-09-12,165.8163479737
2007-09-13,166.0387103494
2007-09-14,166.663903427
2007-09-17,165.9260578269
2007-09-18,171.8062828344
2007-09-19,173.4086011444
2007-09-20,172.5486137358
2007-09-21,174.6286456384
2007-09-24,173.9016822159
2007-09-25,174.3993490765
2007-09-26,175.8110783052
2007-09-27,175.8751247163
2007-09-28,175.1174728469
2007-10-01,178.7978820304
2007-10-02,179.1454117598
2007-10-03,177.1108418761
2007-10-04,178.332231326
2007-10-05,181.3535603493
2007-10-08,179.8658561589
2007-10-09,181.5899571755
2007-10-10,181.1916258944
2007-10-11,180.7316103253
2007-10-12,182.978202632
2007-10-15,182.0094493683
2007-10-16,181.7515200828
2007-10-17,182.2977672608
2007-10-18,183.3757011594
2007-10-19,177.897886224
2007-10-22,178.4464818905
2007-10-23,180.4931704062
2007-10-24,181.3302711258
2007-10-25,181.7708836839
2007-10-26,185.2837348685
2007-10-29,187.3800043433
2007-10-30,185.6053146621
2007-10-31,188.9799211326
2007-11-01,184.3452219407
2007-11-02,185.728465752
2007-11-05,185.5495853734
2007-11-06,189.5754188976
2007-11-07,185.1085179853
2007-11-08,189.1162797213
2007-11-09,184.3783922679
2007-11-12,177.6667803512
2007-11-13,180.957474266
2007-11-14,181.1723741509
2007-11-15,179.9196203034
2007-11-16,181.3113228555
2007-11-19,177.7796240176
2007-11-20,177.9015358436
2007-11-21,175.1665126248
2007-11-23,177.3099817284
2007-11-26,175.415654527
2007-11-27,176.0388504601
2007-11-28,181.7945139608
2007-11-29,183.6392876622
2007-11-30,184.2413833339
2007-12-03,183.3047316278
2007-12-04,182.8314648767
2007-12-05,185.9159078933
2007-12-06,187.4229351779
2007-12-07,189.0052759863
2007-12-10,191.162488233
2007-12-11,186.1722205344
2007-12-12,188.6248237663
2007-12-13,188.8520443036
2007-12-14,187.68903251
2007-12-17,183.4203524498
2007-12-18,187.2240796796
2007-12-19,187.6431017734
2007-12-20,189.6042846315
2007-12-21,192.9042107094
2007-12-24,194.4466018088
2007-12-26,196.0277915241
2007-12-27,193.0686649943
2007-12-28,193.677422446
2007-12-31,191.6370728866
2008-01-02,189.8757166386
2008-01-03,190.5982831529
2008-01-04,185.7711013001
2008-01-07,184.5213983882
2008-01-08,181.8596391312
2008-01-09,183.4282477163
2008-01-10,183.4662211239
2008-01-11,180.7255844762
2008-01-14,183.9779217511
2008-01-15,177.5226872147
2008-01-16,172.8811262928
2008-01-17,166.2809081338
2008-01-18,166.0906269045
2008-01-22,163.3194761306
2008-01-23,164.3737504993
2008-01-24,165.5561144743
2008-01-25,164.7957423089
2008-01-28,167.7212101033
2008-01-29,168.6699866987
2008-01-30,167.636017146
2008-01-31,169.5077713445
2008-02-01,173.8392033578
2008-02-04,174.7417492784
2008-02-05,168.4666018674
2008-02-06,166.6130699304
2008-02-07,167.540525383
2008-02-08,168.7647456606
2008-02-11,173.3725647832
2008-02-12,172.6997293686
2008-02-13,178.588753096
2008-02-14,176.4953920591
2008-02-15,175.4467124062
2008-02-19,176.1838737343
2008-02-20,178.1129754687
2008-02-21,175.8282431204
2008-02-22,176.9994877611
2008-02-25,180.6756875606
2008-02-26,181.6883007847
2008-02-27,179.7694409483
2008-02-28,178.6617364925
2008-02-29,173.5375870023
2008-03-03,175.257832616
2008-03-04,174.6336770297
2008-03-05,177.365229702
2008-03-06,173.0449579479
2008-03-07,170.1671371837
2008-03-10,166.42718378
2008-03-11,173.5692527097
2008-03-12,173.4789561872
2008-03-13,176.5854370032
2008-03-14,173.1254327753
2008-03-17,169.4347458208
2008-03-18,175.3356310926
2008-03-19,168.6356163608
2008-03-20,169.8329793892
2008-03-24,173.8957898174
2008-03-25,175.8879058324
2008-03-26,176.0518055527
2008-03-27,174.5025211435
2008-03-28,172.8640831539
2008-03-31,174.5429473059
2008-04-01,178.9713876059
2008-04-02,181.7260467474
2008-04-03,181.5163514083
2008-04-04,184.7758580832
2008-04-07,183.2399760767
2008-04-08,183.7438338242
2008-04-09,183.5198067272
2008-04-10,184.1502542279
2008-04-11,180.740071428
2008-04-14,181.6237375615
2008-04-15,183.8369408228
2008-04-16,189.7781655566
2008-04-17,187.5707194903
2008-04-18,190.6508347625
2008-04-21,191.7462717151
2008-04-22,190.6592854171
2008-04-23,189.842398845
2008-04-24,189.0712839282
2008-04-25,192.2387313552
2008-04-28,191.8949809173
2008-04-29,188.9081923786
2008-04-30,188.2537441831
2008-05-01,188.4296543175
2008-05-02,191.0344748056
2008-05-05,190.6004233122
2008-05-06,193.3488326989
2008-05-07,190.7268234942
2008-05-08,192.549391034
2008-05-09,192.4656048609
2008-05-12,194.1232944288
2008-05-13,196.8317385455
2008-05-14,197.6095781508
2008-05-15,198.3109413179
2008-05-16,200.6626070543
2008-05-19,200.46485253
2008-05-20,199.8279925727
2008-05-21,196.2392510804
2008-05-22,195.1148289992
2008-05-23,192.8633963339
2008-05-27,192.8534831553
2008-05-28,195.3476987743
2008-05-29,193.4436888248
2008-05-30,196.9075859561
2008-06-02,195.0994036591
2008-06-03,194.4543082223
2008-06-04,193.8505391264
2008-06-05,198.7684675012
2008-06-06,195.2997122642
2008-06-09,196.7501287204
2008-06-10,194.5723981302
2008-06-11,193.8864560418
2008-06-12,193.9543875353
2008-06-13,198.1803882906
2008-06-16,200.6564518621
2008-06-17,202.1800395718
2008-06-18,201.1383776001
2008-06-19,200.5611892624
2008-06-20,197.7905111217
2008-06-23,201.0269127128
2008-06-24,197.9223326996
2008-06-25,198.8175282456
2008-06-26,193.0135975748
2008-06-27,193.0978784484
2008-06-30,194.7228159805
2008-07-01,195.0037104578
2008-07-02,189.5600455533
2008-07-03,187.3371771099
2008-07-07,184.8533944609
2008-07-08,184.7347983459
2008-07-09,181.1844760046
2008-07-10,185.3281766572
2008-07-11,185.6834398004
2008-07-14,185.5807301755
2008-07-15,182.5266237564
2008-07-16,183.000656788
2008-07-17,180.8178714909
2008-07-18,181.441770845
2008-07-21,183.9007575776
2008-07-22,180.1868986236
2008-07-23,177.2157842391
2008-07-24,173.3113834479
2008-07-25,174.1361657359
2008-07-28,172.8215316659
2008-07-29,175.1309296001
2008-07-30,179.4284743467
2008-07-31,177.1587165089
2008-08-01,174.6664495275
2008-08-04,169.104168321
2008-08-05,170.9253323811
2008-08-06,172.8265483221
2008-08-07,171.3517030211
2008-08-08,172.1920615504
2008-08-11,172.2637337065
2008-08-12,171.8742147244
2008-08-13,175.5342063632
2008-08-14,175.0318872516
2008-08-15,176.0993321508
2008-08-18,174.3058959261
2008-08-19,175.0303957679
2008-08-20,178.0186209454
2008-08-21,178.6253891015
2008-08-22,178.8939577506
2008-08-25,176.563844523
2008-08-26,178.0289526244
2008-08-27,179.7073318089
2008-08-28,180.2518368296
2008-08-29,177.7268454142
2008-09-02,172.4285893885
2008-09-03,168.0929921737
2008-09-04,164.4371698599
2008-09-05,164.5443647079
2008-09-08,163.5951354671
2008-09-09,154.0550528814
2008-09-10,156.822511285
2008-09-11,158.2454837653
2008-09-12,161.6852003797
2008-09-15,152.7603796839
2008-09-16,155.0244310821
2008-09-17,148.5165246263
2008-09-18,154.3501258409
2008-09-19,162.9372177283
2008-09-22,157.1204524999
2008-09-23,153.5702193252
2008-09-24,153.4090170038
2008-09-25,155.9556386872
2008-09-26,152.1461822121
2008-09-29,138.8271701481
2008-09-30,143.6580031454
2008-10-01,141.8980951349
2008-10-02,132.4133549341
2008-10-03,130.2500230539
2008-10-06,123.3469402323
2008-10-07,113.7986752856
2008-10-08,113.0741946141
2008-10-09,105.0099659009
2008-10-10,102.4608250889
2008-10-13,118.6477163002
2008-10-14,116.4454220611
2008-10-15,102.5963218032
2008-10-16,108.8745315798
2008-10-17,109.5993321784
2008-10-20,119.9363279781
2008-10-21,114.2637952069
2008-10-22,105.5213977356
2008-10-23,105.1627704445
2008-10-24,101.5207564788
2008-10-27,95.9749154358
2008-10-28,103.9800699875
2008-10-29,105.9304049759
2008-10-30,111.665950462
2008-10-31,113.9098717624
2008-11-03,113.9152255263
2008-11-04,119.9966842882
2008-11-05,112.9741976514
2008-11-06,105.9710811567
2008-11-07,110.8725091283
2008-11-10,108.1976176773
2008-11-11,104.4386572997
2008-11-12,97.3420838939
2008-11-13,106.5785143804
2008-11-14,100.8039563742
2008-11-17,98.9694936785
2008-11-18,98.931914556
2008-11-19,91.658900251
2008-11-20,82.2613731437
2008-11-21,89.6934338304
2008-11-24,95.8967233808
2008-11-25,96.6139436632
2008-11-26,102.0923308798
2008-11-28,101.4237048563
2008-12-01,90.6382114048
2008-12-02,93.9647584453
2008-12-03,96.3488947268
2008-12-04,90.78558803
2008-12-05,93.6407213098
2008-12-08,98.678339998
2008-12-09,97.3062317026
2008-12-10,100.9259987575
2008-12-11,97.2698746806
2008-12-12,98.4722924902
2008-12-15,95.9764064187
2008-12-16,100.7168074271
2008-12-17,100.2997837854
2008-12-18,98.2553907146
2008-12-19,99.4706090244
2008-12-22,97.2135709515
2008-12-23,95.8949764478
2008-12-24,96.071480588
2008-12-26,96.9466913726
2008-12-29,97.0510248008
2008-12-30,99.6467798588
2008-12-31,101.4464505264
2009-01-02,106.5847532763
2009-01-05,108.7888690152
2009-01-06,111.1383238976
2009-01-07,106.7678479309
2009-01-08,108.0983330656
2009-01-09,106.0266662495
2009-01-12,102.7389309473
2009-01-13,102.2927960574
2009-01-14,98.3508910227
2009-01-15,99.7724214507
2009-01-16,101.2573363946
2009-01-20,95.6382950031
2009-01-21,98.4733379844
2009-01-22,95.8365239715
2009-01-23,97.5622509361
2009-01-26,98.8051013484
2009-01-27,99.9438399725
2009-01-28,103.351141196
2009-01-29,100.6196860808
2009-01-30,98.997343556
2009-02-02,98.0938183825
2009-02-03,99.7699276913
2009-02-04,101.5498365206
2009-02-05,103.9713500223
2009-02-06,106.6423796084
2009-02-09,106.5376006977
2009-02-10,102.6102084404
2009-02-11,101.9645256694
2009-02-12,101.9357274511
2009-02-13,102.2590400355
2009-02-17,95.9367085917
2009-02-18,94.4055943247
2009-02-19,93.5800496418
2009-02-20,91.7883318453
2009-02-23,87.6040162541
2009-02-24,91.9433670162
2009-02-25,90.3526343109
2009-02-26,89.3361421834
2009-02-27,87.6515423426
2009-03-02,82.2038396179
2009-03-03,81.8419644646
2009-03-04,85.0640631681
2009-03-05,81.5083006039
2009-03-06,80.9495063563
2009-03-09,79.6626659528
2009-03-10,84.0707550657
2009-03-11,85.1671096848
2009-03-12,88.4730068632
2009-03-13,89.4824016093
2009-03-16,89.6914958351
2009-03-17,91.8112550058
2009-03-18,94.0999145217
2009-03-19,95.7467337702
2009-03-20,93.4462266436
2009-03-23,99.6728367542
2009-03-24,97.5650040236
2009-03-25,98.8135496242
2009-03-26,102.3592810772
2009-03-27,99.6993444558
2009-03-30,95.6470618587
2009-03-31,96.4762725598
2009-04-01,98.3757839049
2009-04-02,101.900612846
2009-04-03,104.0329868435
2009-04-06,102.5911842014
2009-04-07,98.9515487984
2009-04-08,101.3626789041
2009-04-09,104.8569175062
2009-04-13,103.9242424249
2009-04-14,103.4736717218
2009-04-15,104.2082486699
2009-04-16,105.7759921288
2009-04-17,106.6029130407
2009-04-20,101.2233037329
2009-04-21,103.1536201604
2009-04-22,104.2384750344
2009-04-23,104.5242102274
2009-04-24,106.681163729
2009-04-27,105.7403213272
2009-04-28,106.0264647032
2009-04-29,108.2078062183
2009-04-30,110.4539902116
2009-05-01,112.2825425994
2009-05-04,117.8932761916
2009-05-05,115.8844046159
2009-05-06,117.2140245309
2009-05-07,114.5311966252
2009-05-08,117.7649582761
2009-05-11,115.7309006602
2009-05-12,114.9953181341
2009-05-13,109.650757757
2009-05-14,111.040861971
2009-05-15,109.1917030604
2009-05-18,112.6770860836
2009-05-19,114.6976319745
2009-05-20,114.6606544329
2009-05-21,111.5627664014
2009-05-22,111.6396285064
2009-05-26,114.7766283964
2009-05-27,113.7119384347
2009-05-28,116.4311187483
2009-05-29,118.7542020991
2009-06-01,124.1437200419
2009-06-02,122.9849793805
2009-06-03,119.0239550218
2009-06-04,121.7549330084
2009-06-05,121.0828920329
2009-06-08,120.5530748772
2009-06-09,121.554472164
2009-06-10,122.1253212234
2009-06-11,124.2583738934
2009-06-12,123.850479056
2009-06-15,120.3768000342
2009-06-16,118.1452644971
2009-06-17,117.3926708094
2009-06-18,117.9220424696
2009-06-19,117.5952323188
2009-06-22,112.9092430312
2009-06-23,112.8895298903
2009-06-24,114.731996013
2009-06-25,116.7422394547
2009-06-26,116.622045801
2009-06-29,117.4791770083
2009-06-30,117.2317311111
2009-07-01,117.9496824526
2009-07-02,114.240108701
2009-07-06,112.9849660613
2009-07-07,109.5501420829
2009-07-08,109.2917277364
2009-07-09,110.693584192
2009-07-10,110.4048153483
2009-07-13,112.7321237388
2009-07-14,113.8945129412
2009-07-15,117.7045077576
2009-07-16,119.0340342697
2009-07-17,118.7284216478
2009-07-20,120.4942729654
2009-07-21,122.1517365521
2009-07-22,122.4593611524
2009-07-23,125.8183799641
2009-07-24,127.4144767786
2009-07-27,128.0185184629
2009-07-28,126.2737841463
2009-07-29,124.662878709
2009-07-30,127.2909082119
2009-07-31,126.8673295122
2009-08-03,129.4163805905
2009-08-04,129.0853669043
2009-08-05,127.9659700477
2009-08-06,126.9780871679
2009-08-07,128.3285318979
2009-08-10,128.3828256722
2009-08-11,126.5637202831
2009-08-12,127.6767656708
2009-08-13,128.3786527688
2009-08-14,126.3564290081
2009-08-17,122.6878216311
2009-08-18,124.2824932151
2009-08-19,125.267221663
2009-08-20,125.951733485
2009-08-21,128.1729464516
2009-08-24,127.790810514
2009-08-25,126.9260530512
2009-08-26,126.5327887066
2009-08-27,126.2799136116
2009-08-28,126.5063535878
2009-08-31,124.3232875634
2009-09-01,121.8540393194
2009-09-02,121.2135443542
2009-09-03,122.3088961721
2009-09-04,124.3036559323
2009-09-08,126.6398823113
2009-09-09,127.7238353997
2009-09-10,129.6527568439
2009-09-11,129.3239205015
2009-09-14,130.6028056308
2009-09-15,132.4154960136
2009-09-16,134.9221507758
2009-09-17,134.0947336567
2009-09-18,134.3090760294
2009-09-21,133.554894895
2009-09-22,135.1085034216
2009-09-23,132.7541468485
2009-09-24,130.7841083916
2009-09-25,130.0605048866
2009-09-28,132.2327113844
2009-09-29,132.6651723446
2009-09-30,132.0228319905
2009-10-01,127.0788692178
2009-10-02,126.2979993283
2009-10-05,128.844532097
2009-10-06,131.0868510731
2009-10-07,131.2999694669
2009-10-08,132.9797899087
2009-10-09,134.2409368317
2009-10-12,135.6570011279
2009-10-13,135.0246183411
2009-10-14,136.4058319481
2009-10-15,137.2903842379
2009-10-16,136.030401764
2009-10-19,137.8621111404
2009-10-20,136.5573839275
2009-10-21,136.1103614741
2009-10-22,136.3990152229
2009-10-23,133.1375176451
2009-10-26,131.1962576203
2009-10-27,130.0877104727
2009-10-28,125.9406648654
2009-10-29,128.8332350571
2009-10-30,124.4379814355
2009-11-02,124.4546499155
2009-11-03,125.4084798981
2009-11-04,125.0133527669
2009-11-05,128.0579840537
2009-11-06,127.5079544845
2009-11-09,130.6176382932
2009-11-10,130.00698324
2009-11-11,130.3903899284
2009-11-12,127.6371797248
2009-11-13,129.0433060622
2009-11-16,131.6975114301
2009-11-17,131.0478880637
2009-11-18,130.2896779157
2009-11-19,127.7093885228
2009-11-20,127.2469236836
2009-11-23,128.7534528842
2009-11-24,128.8161509618
2009-11-25,130.6366066992
2009-11-27,128.2470062136
2009-11-30,128.5603083916
2009-12-01,131.2474178998
2009-12-02,131.5917014277
2009-12-03,130.8143678769
2009-12-04,131.3331892501
2009-12-07,132.0485200115
2009-12-08,130.8322533135
2009-12-09,131.1817204051
2009-12-10,132.1357903784
2009-12-11,132.678666428
2009-12-14,135.3590597273
2009-12-15,135.6304335802
2009-12-16,136.2577669642
2009-12-17,134.7822602335
2009-12-18,135.9434765809
2009-12-21,137.3184488024
2009-12-22,137.7442559963
2009-12-23,138.2354654708
2009-12-24,138.9183972185
2009-12-28,138.8159255353
2009-12-29,138.1598844003
2009-12-30,138.3856086654
2009-12-31,136.6214372497
2010-01-04,139.8397989504
2010-01-05,140.3682921324
2010-01-06,141.0532984799
2010-01-07,140.9174218798
2010-01-08,142.0133362329
2010-01-11,142.0673895761
2010-01-12,139.5871365571
2010-01-13,140.6946909434
2010-01-14,139.2107473026
2010-01-15,137.3936099146
2010-01-19,138.9851094134
2010-01-20,137.5337482075
2010-01-21,135.3871198426
2010-01-22,132.0866547606
2010-01-25,133.5081619082
2010-01-26,132.7612682663
2010-01-27,131.8338065429
2010-01-28,129.8571109478
2010-01-29,127.4514279885
2010-02-01,130.6258175758
2010-02-02,131.7892545117
2010-02-03,130.9684115186
2010-02-04,125.3749783512
2010-02-05,125.148491838
2010-02-08,124.1514881805
2010-02-09,125.7076543693
2010-02-10,125.0652119258
2010-02-11,127.1806776916
2010-02-12,127.5047927014
2010-02-16,130.3794425571
2010-02-17,130.5147995218
2010-02-18,131.1509526824
2010-02-19,131.1948539162
2010-02-22,130.237349909
2010-02-23,127.9120167651
2010-02-24,128.5776702096
2010-02-25,128.619725664
2010-02-26,128.2774986839
2010-03-01,130.0092501755
2010-03-02,130.5306992067
2010-03-03,130.7603725796
2010-03-04,130.1788472705
2010-03-05,132.1991192015
2010-03-08,132.0543271247
2010-03-09,131.935709814
2010-03-10,132.8155711195
2010-03-11,133.4722660364
2010-03-12,133.3798665902
2010-03-15,132.5868463098
2010-03-16,133.6881223075
2010-03-17,134.3990282426
2010-03-18,132.8834310313
2010-03-19,131.5747443208
2010-03-22,131.7572921737
2010-03-23,133.3521447066
2010-03-24,132.1388216821
2010-03-25,131.0586734318
2010-03-26,131.5741052421
2010-03-29,133.8049342495
2010-03-30,133.9669995753
2010-03-31,133.8706563502
2010-04-01,135.1551332495
2010-04-05,137.1707575842
2010-04-06,137.155894872
2010-04-07,136.4036602257
2010-04-08,135.998235265
2010-04-09,137.0777286013
2010-04-12,137.6137499079
2010-04-13,137.4791464588
2010-04-14,139.5621085695
2010-04-15,140.33183636
2010-04-16,138.0090801533
2010-04-19,137.4035529899
2010-04-20,139.8557741254
2010-04-21,139.2853780568
2010-04-22,140.546275043
2010-04-23,142.1503040304
2010-04-26,141.5935563017
2010-04-27,137.8316525525
2010-04-28,138.5869882574
2010-04-29,140.3409422705
2010-04-30,138.4460435287
2010-05-03,140.8936739674
2010-05-04,136.2882559584
2010-05-05,133.9173293479
2010-05-06,129.3544283181
2010-05-07,126.9102396583
2010-05-10,132.9590399935
2010-05-11,132.593338893
2010-05-12,135.491691941
2010-05-13,134.1745534926
2010-05-14,131.2178411157
2010-05-17,130.6218904901
2010-05-18,128.6502155296
2010-05-19,126.9610847582
2010-05-20,121.5518778301
2010-05-21,123.5127262492
2010-05-24,121.4945078857
2010-05-25,121.5189455218
2010-05-26,122.0327492174
2010-05-27,126.9591711301
2010-05-28,125.6242455819
2010-06-01,121.9920484661
2010-06-02,126.175130092
2010-06-03,128.3455388222
2010-06-04,123.4907151866
2010-06-07,121.4357595926
2010-06-08,122.3508846131
2010-06-09,121.8079258902
2010-06-10,126.377858879
2010-06-11,127.1746474318
2010-06-14,127.4849496545
2010-06-15,132.0522433852
2010-06-16,132.1302378639
2010-06-17,132.5686373254
2010-06-18,132.7972838762
2010-06-21,131.9607640784
2010-06-22,128.5994591922
2010-06-23,128.1489306627
2010-06-24,125.6707047544
2010-06-25,126.7634379356
2010-06-28,126.3530639199
2010-06-29,121.7586406218
2010-06-30,120.5528304799
2010-07-01,120.5521722615
2010-07-02,120.202548708
2010-07-06,120.4878496617
2010-07-07,125.1624669241
2010-07-08,126.4470213503
2010-07-09,127.5529093976
2010-07-12,127.1244095568
2010-07-13,129.1074978817
2010-07-14,129.0804839065
2010-07-15,129.0973862859
2010-07-16,125.790278867
2010-07-19,127.0536491553
2010-07-20,128.8170427226
2010-07-21,127.5469764744
2010-07-22,131.0684725534
2010-07-23,131.7246217999
2010-07-26,132.7988578516
2010-07-27,132.0586926473
2010-07-28,131.0512138306
2010-07-29,129.7592995108
2010-07-30,129.1931965386
2010-08-02,131.7831605587
2010-08-03,131.5685119491
2010-08-04,132.5287687859
2010-08-05,132.5024895238
2010-08-06,132.1422210187
2010-08-09,133.2297959239
2010-08-10,132.0917722142
2010-08-11,127.2566665308
2010-08-12,126.3381353181
2010-08-13,125.8808575958
2010-08-16,126.2910308411
2010-08-17,128.3931275202
2010-08-18,128.2993689653
2010-08-19,125.9965325983
2010-08-20,125.5350813602
2010-08-23,125.2747923279
2010-08-24,123.47184358
2010-08-25,123.6945649684
2010-08-26,123.0452706245
2010-08-27,125.8309907578
2010-08-30,123.9411515034
2010-08-31,123.6580288765
2010-09-01,127.3290836252
2010-09-02,128.624667594
2010-09-03,130.1866574527
2010-09-07,128.2664409679
2010-09-08,128.2570646911
2010-09-09,128.5222961582
2010-09-10,128.6611825052
2010-09-13,130.3496824327
2010-09-14,130.6216523786
2010-09-15,129.9453403427
2010-09-16,129.9691317232
2010-09-17,129.570268805
2010-09-20,131.5038574322
2010-09-21,131.0990317362
2010-09-22,130.4529272012
2010-09-23,129.8781781642
2010-09-24,133.0670172507
2010-09-27,132.7001835267
2010-09-28,133.8867552335
2010-09-29,134.5335259049
2010-09-30,134.4288437674
2010-10-01,134.8775494764
2010-10-04,132.948647352
2010-10-05,135.635539515
2010-10-06,135.4130333187
2010-10-07,135.2863191239
2010-10-08,136.1501144384
2010-10-11,136.6215823659
2010-10-12,136.8487809698
2010-10-13,138.4054302699
2010-10-14,138.0806405856
2010-10-15,137.9985961067
2010-10-18,138.6370070474
2010-10-19,136.0877806363
2010-10-20,137.6774470693
2010-10-21,137.6062389169
2010-10-22,137.6894941041
2010-10-25,138.4938887548
2010-10-26,138.0544744443
2010-10-27,137.9163267969
2010-10-28,138.0238613844
2010-10-29,138.3131443118
2010-11-01,137.4877357406
2010-11-02,139.4156391741
2010-11-03,139.6792980158
2010-11-04,142.079411151
2010-11-05,142.3840855583
2010-11-08,143.1076757287
2010-11-09,141.88589389
2010-11-10,142.5391033016
2010-11-11,142.0733928439
2010-11-12,139.9924668038
2010-11-15,139.9700851162
2010-11-16,137.295175509
2010-11-17,136.9997337827
2010-11-18,138.9578026833
2010-11-19,139.4247767574
2010-11-22,139.609590113
2010-11-23,137.6486008903
2010-11-24,139.9990819296
2010-11-26,138.9423195095
2010-11-29,138.4728716349
2010-11-30,137.7161528959
2010-12-01,140.342471062
2010-12-02,142.3900479686
2010-12-03,143.0457403562
2010-12-06,143.6154105761
2010-12-07,143.0908642506
2010-12-08,142.8290953117
2010-12-09,143.4410659382
2010-12-10,144.1848484015
2010-12-13,144.1002007788
2010-12-14,143.2880686332
2010-12-15,142.6080310967
2010-12-16,143.3920669777
2010-12-17,143.9615129244
2010-12-20,145.1937973892
2010-12-21,146.2105086504
2010-12-22,146.6287194078
2010-12-23,146.584362402
2010-12-27,146.4489624118
2010-12-28,146.4690051825
2010-12-29,147.2268704259
2010-12-30,146.9355627761
2010-12-31,146.7358220985
2011-01-03,148.3906081567
2011-01-04,148.1992955355
2011-01-05,148.4179559193
2011-01-06,148.3304110092
2011-01-07,148.8870261422
2011-01-10,149.1769916506
2011-01-11,150.0699145218
2011-01-12,151.4612048957
2011-01-13,151.1540063726
2011-01-14,152.1521135513
2011-01-18,152.9405381881
2011-01-19,150.6581960909
2011-01-20,149.7319046504
2011-01-21,149.4554524637
2011-01-24,151.5231792898
2011-01-25,150.4486358447
2011-01-26,151.6397579301
2011-01-27,152.2386978373
2011-01-28,149.3500038043
2011-01-31,151.599701205
2011-02-01,154.3576898966
2011-02-02,154.880064119
2011-02-03,154.6819544735
2011-02-04,154.8114487455
2011-02-07,155.9561651117
2011-02-08,156.2821153994
2011-02-09,154.4597202477
2011-02-10,155.01427919
2011-02-11,155.9503502455
2011-02-14,156.8160243082
2011-02-15,156.1236134713
2011-02-16,157.6926812349
2011-02-17,158.6854587062
2011-02-18,158.4270779337
2011-02-22,155.5474590925
2011-02-23,155.1651551386
2011-02-24,155.7679937843
2011-02-25,157.653304609
2011-02-28,157.8975998028
2011-03-01,154.9954947668
2011-03-02,155.6789402711
2011-03-03,157.3265500588
2011-03-04,157.1526360828
2011-03-07,155.050416915
2011-03-08,155.5998895285
2011-03-09,155.3705917275
2011-03-10,152.0529803556
2011-03-11,153.0855978725
2011-03-14,153.407566461
2011-03-15,152.7819609704
2011-03-16,150.8491399106
2011-03-17,152.4635178421
2011-03-18,152.3559059962
2011-03-21,154.916797763
2011-03-22,154.7199062589
2011-03-23,154.8568785851
2011-03-24,156.5701759574
2011-03-25,157.4119582231
2011-03-28,156.5982467143
2011-03-29,158.540547625
2011-03-30,160.0416618166
2011-03-31,160.0580081198
2011-04-01,160.527611065
2011-04-04,160.2981914565
2011-04-05,160.5353801539
2011-04-06,160.359553843
2011-04-07,159.8603371529
2011-04-08,158.8417419821
2011-04-11,157.1464788068
2011-04-12,154.5484136621
2011-04-13,154.8985910342
2011-04-14,155.2934839413
2011-04-15,156.3021658228
2011-04-18,153.94627034
2011-04-19,154.5908398331
2011-04-20,157.9248113696
2011-04-21,158.6990182379
2011-04-25,158.4216525842
2011-04-26,160.5300127557
2011-04-27,161.4430298681
2011-04-28,162.0144826897
2011-04-29,163.2082167716
2011-05-02,161.7503845746
2011-05-03,159.8758037903
2011-05-04,157.4174004621
2011-05-05,156.668739
2011-05-06,157.8680974178
2011-05-09,159.2711043361
2011-05-10,160.2099575328
2011-05-11,157.4491734041
2011-05-12,158.4981326098
2011-05-13,156.4983241858
2011-05-16,155.1568401758
2011-05-17,154.489039069
2011-05-18,156.7213399794
2011-05-19,156.8211694826
2011-05-20,156.3493659216
2011-05-23,153.7836537522
2011-05-24,153.5691813172
2011-05-25,155.0006535897
2011-05-26,155.1763245105
2011-05-27,156.2729562165
2011-05-31,158.419938745
2011-06-01,153.8512257344
2011-06-02,153.7591058976
2011-06-03,152.2958944223
2011-06-06,150.3889602157
2011-06-07,150.8071453386
2011-06-08,149.7147196265
2011-06-09,150.434979611
2011-06-10,148.6761177034
2011-06-13,147.9599240744
2011-06-14,150.475472891
2011-06-15,147.7796643463
2011-06-16,147.4997386579
2011-06-17,147.9181127428
2011-06-20,148.7054466139
2011-06-21,151.173091562
2011-06-22,150.9597731929
2011-06-23,150.7512687316
2011-06-24,149.3022874404
2011-06-27,150.1457164867
2011-06-28,152.6260135762
2011-06-29,153.8633233793
2011-06-30,155.8699805782
2011-07-01,157.8254952716
2011-07-05,157.1401754157
2011-07-06,156.8105133988
2011-07-07,158.6145504251
2011-07-08,157.3429919633
2011-07-11,153.7952620984
2011-07-12,152.5779391023
2011-07-13,153.0545789741
2011-07-14,151.6521532286
2011-07-15,154.3328648626
2011-07-18,152.3394305406
2011-07-19,155.1736938395
2011-07-20,154.5765607154
2011-07-21,156.7391516292
2011-07-22,156.7315184325
2011-07-25,155.8450544465
2011-07-26,155.0984421831
2011-07-27,152.0552111358
2011-07-28,151.736390938
2011-07-29,150.9769956098
2011-08-01,150.8031776065
2011-08-02,146.5908393915
2011-08-03,147.0617806843
2011-08-04,138.3569849255
2011-08-05,136.5934414837
2011-08-08,126.2113274047
2011-08-09,132.9686184907
2011-08-10,129.5056916947
2011-08-11,136.3339389396
2011-08-12,136.9934307699
2011-08-15,140.8233483053
2011-08-16,138.6402623298
2011-08-17,138.2243449672
2011-08-18,131.2417970041
2011-08-19,128.445191262
2011-08-22,127.464996144
2011-08-23,132.7869591101
2011-08-24,134.518243158
2011-08-25,131.8093118045
2011-08-26,134.4429363529
2011-08-29,138.7830701449
2011-08-30,139.424452287
2011-08-31,139.7383889305
2011-09-01,138.1210489218
2011-09-02,134.5657987994
2011-09-06,133.1122622902
2011-09-07,136.8839112533
2011-09-08,135.2842028053
2011-09-09,131.4717150163
2011-09-12,132.2645740993
2011-09-13,134.1785615776
2011-09-14,136.3533592624
2011-09-15,138.3779347316
2011-09-16,138.7524299253
2011-09-19,137.3335617851
2011-09-20,135.872174246
2011-09-21,131.7661689076
2011-09-22,125.9827295438
2011-09-23,126.4910637095
2011-09-26,129.1154258847
2011-09-27,130.9140270468
2011-09-28,126.989417745
2011-09-29,127.8725029687
2011-09-30,124.5508370764
2011-10-03,119.4762276091
2011-10-04,123.1680468057
2011-10-05,126.0385146559
2011-10-06,128.6904130249
2011-10-07,127.1370044202
2011-10-10,131.3500430747
2011-10-11,130.613491758
2011-10-12,132.1120281074
2011-10-13,132.8052583634
2011-10-14,135.1201625717
2011-10-17,132.8437856937
2011-10-18,136.0262403634
2011-10-19,133.9647048932
2011-10-20,134.2182556301
2011-10-21,136.7257175786
2011-10-24,138.8153558269
2011-10-25,135.1958450793
2011-10-26,137.5083866114
2011-10-27,143.3818338806
2011-10-28,143.8205216848
2011-10-31,139.5786532155
2011-11-01,135.2202385977
2011-11-02,138.1333184736
2011-11-03,141.4389464035
2011-11-04,141.2884874994
2011-11-07,140.8879950806
2011-11-08,142.0451975635
2011-11-09,136.262906661
2011-11-10,137.722258518
2011-11-11,140.4461477192
2011-11-14,138.6057397843
2011-11-15,139.2783578733
2011-11-16,137.3397523824
2011-11-17,134.1548396654
2011-11-18,134.0968858479
2011-11-21,131.3232831874
2011-11-22,130.0952709061
2011-11-23,126.7403898795
2011-11-25,126.2893733532
2011-11-28,130.5268190556
2011-11-29,130.8912627261
2011-11-30,137.1909725641
2011-12-01,136.6045855176
2011-12-02,136.7369845534
2011-12-05,138.0796432363
2011-12-06,137.9992036284
2011-12-07,138.0137184675
2011-12-08,134.3544807432
2011-12-09,136.7090361527
2011-12-12,133.8626639424
2011-12-13,132.3585009256
2011-12-14,129.7107422162
2011-12-15,130.2978961152
2011-12-16,131.1304065084
2011-12-19,129.0252743544
2011-12-20,133.176088162
2011-12-21,133.6880175243
2011-12-22,135.2276805374
2011-12-23,136.4964339659
2011-12-27,136.6935157344
2011-12-28,134.6102775892
2011-12-29,135.835597511
2011-12-30,135.6022845364
2012-01-03,136.404780931
2012-01-04,136.9811639161
2012-01-05,137.6282434968
2012-01-06,137.217969175
2012-01-09,137.8510879998
2012-01-10,139.0029247666
2012-01-11,138.5202464374
2012-01-12,139.3733042316
2012-01-13,137.9189083733
2012-01-17,138.4632701533
2012-01-18,140.750787099
2012-01-19,138.9095890496
2012-01-20,138.7579529529
2012-01-23,139.5701798182
2012-01-24,139.2946371451
2012-01-25,140.6512565339
2012-01-26,139.7383101988
2012-01-27,139.9103858405
2012-01-30,139.4274143211
2012-01-31,138.5438812149
2012-02-01,140.1005926281
2012-02-02,140.573434664
2012-02-03,142.7606947382
2012-02-06,142.4853236198
2012-02-07,142.84635071
2012-02-08,143.2217867455
2012-02-09,144.2031539863
2012-02-10,142.746892883
2012-02-13,143.3227536336
2012-02-14,142.9502959924
2012-02-15,142.4759858239
2012-02-16,144.8934397331
2012-02-17,145.6106338897
2012-02-21,145.355624181
2012-02-22,144.474531442
2012-02-23,144.5167062305
2012-02-24,144.5098416869
2012-02-27,144.262460448
2012-02-28,143.7033621939
2012-02-29,142.4180052721
2012-03-01,143.2780653273
2012-03-02,142.2083250144
2012-03-05,140.9717125921
2012-03-06,138.6953387488
2012-03-07,139.4264886194
2012-03-08,141.3788204213
2012-03-09,142.4400844247
2012-03-12,142.0919357747
2012-03-13,143.8582185199
2012-03-14,142.6656474973
2012-03-15,143.9356671493
2012-03-16,144.5243175223
2012-03-19,144.6889434959
2012-03-20,144.0454921878
2012-03-21,143.8321087558
2012-03-22,141.8215903
2012-03-23,142.6616084432
2012-03-26,144.2331938731
2012-03-27,144.0220417706
2012-03-28,142.1392700629
2012-03-29,142.2067346054
2012-03-30,142.6587544252
2012-04-02,143.4289068839
2012-04-03,142.7952477982
2012-04-04,141.1584169735
2012-04-05,140.7281001552
2012-04-09,138.6513930878
2012-04-10,136.1395932966
2012-04-11,137.1385712286
2012-04-12,139.5461197034
2012-04-13,138.2810310596
2012-04-16,137.8556959208
2012-04-17,139.7840724847
2012-04-18,138.831789493
2012-04-19,138.6231294229
2012-04-20,138.4977584844
2012-04-23,137.0709027922
2012-04-24,137.0287375208
2012-04-25,138.9539312096
2012-04-26,140.3978074421
2012-04-27,141.1550474812
2012-04-30,141.3766919457
2012-05-01,142.7381939946
2012-05-02,141.1517860339
2012-05-03,139.8932594749
2012-05-04,138.0435321829
2012-05-07,138.1532741405
2012-05-08,137.6225137559
2012-05-09,137.2660607795
2012-05-10,137.753469432
2012-05-11,136.902924796
2012-05-14,135.7625045536
2012-05-15,134.0983765386
2012-05-16,132.7299003532
2012-05-17,130.1946807069
2012-05-18,129.0438098805
2012-05-21,132.0366534471
2012-05-22,132.0489724669
2012-05-23,132.2743399992
2012-05-24,132.1066411492
2012-05-25,132.1073835885
2012-05-29,133.9527674938
2012-05-30,131.3540826926
2012-05-31,131.233899526
2012-06-01,127.7453180137
2012-06-04,127.8566775037
2012-06-05,129.1677093138
2012-06-06,132.0433252439
2012-06-07,131.8623741141
2012-06-08,132.5713725184
2012-06-11,130.3697434154
2012-06-12,131.7406724611
2012-06-13,130.1690502268
2012-06-14,131.3686022171
2012-06-15,133.0414360858
2012-06-18,133.5257964633
2012-06-19,135.4246093453
2012-06-20,135.0129072385
2012-06-21,131.5689764391
2012-06-22,132.7490557307
2012-06-25,130.6483966269
2012-06-26,131.1114956903
2012-06-27,133.2144058055
2012-06-28,133.4390438859
2012-06-29,136.5784858218
2012-07-02,136.5573375447
2012-07-03,137.8722347926
2012-07-05,137.5275838757
2012-07-06,135.736649921
2012-07-09,134.8665808998
2012-07-10,133.522699712
2012-07-11,133.8229667608
2012-07-12,133.2290728397
2012-07-13,135.3813987168
2012-07-16,135.1563711946
2012-07-17,135.4607801726
2012-07-18,136.6959460545
2012-07-19,135.9592714659
2012-07-20,134.7453731824
2012-07-23,133.1937310955
2012-07-24,131.188229024
2012-07-25,131.0168022691
2012-07-26,133.8944858804
2012-07-27,135.9917873627
2012-07-30,136.1748652593
2012-07-31,135.2754233566
2012-08-01,134.3223277672
2012-08-02,133.1047458339
2012-08-03,134.9748180512
2012-08-06,135.2789125369
2012-08-07,137.2531920608
2012-08-08,137.1150721286
2012-08-09,137.9318492956
2012-08-10,137.9937641303
2012-08-13,137.3299771149
2012-08-14,137.4272798532
2012-08-15,137.4695090575
2012-08-16,138.6422979786
2012-08-17,138.5257471247
2012-08-20,138.463066108
2012-08-21,137.9673673344
2012-08-22,138.0980843649
2012-08-23,136.2232370829
2012-08-24,136.6287669575
2012-08-27,136.4526250008
2012-08-28,136.1519783454
2012-08-29,135.9662089509
2012-08-30,134.63395735
2012-08-31,135.3111729814
2012-09-04,135.120715997
2012-09-05,134.9014139804
2012-09-06,137.5005132659
2012-09-07,138.1386246991
2012-09-10,137.4630412198
2012-09-11,138.400360184
2012-09-12,138.4688329595
2012-09-13,140.0700287331
2012-09-14,141.1344602271
2012-09-17,140.0345415981
2012-09-18,138.9720040695
2012-09-19,138.9041170098
2012-09-20,138.5906258083
2012-09-21,138.4983378117
2012-09-24,138.2638642253
2012-09-25,136.548923705
2012-09-26,135.7875345805
2012-09-27,137.0273735159
2012-09-28,136.804068501
2012-10-01,137.1967409399
2012-10-02,137.498698962
2012-10-03,137.5240124037
2012-10-04,138.5859432186
2012-10-05,138.2311894521
2012-10-08,138.0873218168
2012-10-09,137.5261364185
2012-10-10,136.1678327008
2012-10-11,136.8664916447
2012-10-12,135.9193242797
2012-10-15,136.9163493648
2012-10-16,138.7454467227
2012-10-17,140.1852011889
2012-10-18,139.9773913196
2012-10-19,137.5967905623
2012-10-22,137.3178952422
2012-10-23,136.0616533532
2012-10-24,135.0474701439
2012-10-25,135.746456281
2012-10-26,136.2278307805
2012-10-31,136.8741021487
2012-11-01,137.718547223
2012-11-02,136.2440608015
2012-11-05,136.5602235372
2012-11-06,137.747074872
2012-11-07,134.4535287437
2012-11-08,132.688006362
2012-11-09,132.3649773707
2012-11-12,131.8744412756
2012-11-13,131.9477536271
2012-11-14,130.1732047557
2012-11-15,129.1236764062
2012-11-16,130.306215452
2012-11-19,132.2067172576
2012-11-20,132.38829229
2012-11-21,132.7069223269
2012-11-23,133.8558977855
2012-11-26,133.8917285196
2012-11-27,133.7467492706
2012-11-28,134.5665214955
2012-11-29,135.1019174391
2012-11-30,135.7908915536
2012-12-03,135.1262362162
2012-12-04,134.9586570767
2012-12-05,135.948243724
2012-12-06,136.2444772582
2012-12-07,136.6326112471
2012-12-10,137.0291325569
2012-12-11,137.77589785
2012-12-12,137.5243429922
2012-12-13,136.9380025099
2012-12-14,136.849625407
2012-12-17,138.4817416086
2012-12-18,140.1410219985
2012-12-19,139.7299901607
2012-12-20,140.6425291111
2012-12-21,139.6357743615
2012-12-24,139.189990531
2012-12-26,138.570399887
2012-12-27,138.0654520104
2012-12-28,136.5759401574
2012-12-31,138.8725465914
2013-01-02,142.1866292621
2013-01-03,142.3906405857
2013-01-04,143.4191065393
2013-01-07,142.5615081412
2013-01-08,141.8357261489
2013-01-09,142.2479919978
2013-01-10,142.604199903
2013-01-11,142.7858676714
2013-01-14,142.6942776051
2013-01-15,143.3515197566
2013-01-16,142.6754782039
2013-01-17,143.8003211589
2013-01-18,144.6995189759
2013-01-22,146.2821126492
2013-01-23,145.7634139925
2013-01-24,145.8948883357
2013-01-25,146.8212576604
2013-01-28,146.2343689443
2013-01-29,146.8704360973
2013-01-30,146.8651193875
2013-01-31,147.1869543671
2013-02-01,148.5023989585
2013-02-04,146.8698224359
2013-02-05,148.4715216975
2013-02-06,149.4145369493
2013-02-07,149.1432975684
2013-02-08,149.9137489651
2013-02-11,149.7773172444
2013-02-12,150.3619752939
2013-02-13,150.637810774
2013-02-14,150.3147510269
2013-02-15,149.510674569
2013-02-19,151.4194904483
2013-02-20,149.5084852789
2013-02-21,147.9464079912
2013-02-22,149.8798492488
2013-02-25,146.8020960558
2013-02-26,148.0315789804
2013-02-27,149.6071062393
2013-02-28,149.6766836871
2013-03-01,149.405491868
2013-03-04,149.7121462516
2013-03-05,151.4248778024
2013-03-06,151.8951869373
2013-03-07,152.6838968019
2013-03-08,153.8285835653
2013-03-11,154.4847397115
2013-03-12,154.0111855273
2013-03-13,154.4353034089
2013-03-14,155.9463878046
2013-03-15,155.4052014254
2013-03-18,154.5207147262
2013-03-19,154.3049236894
2013-03-20,155.7020951963
2013-03-21,154.3189112273
2013-03-22,154.8572723939
2013-03-25,154.6233818697
2013-03-26,155.6109882678
2013-03-27,155.6141316097
2013-03-28,156.5224370884
2013-04-01,155.5717783292
2013-04-02,155.0458697217
2013-04-03,152.7709911842
2013-04-04,153.6237317859
2013-04-05,154.248695264
2013-04-08,155.6902449863
2013-04-09,156.7499631407
2013-04-10,158.3435342724
2013-04-11,158.8116970887
2013-04-12,157.7915623706
2013-04-15,153.2722492939
2013-04-16,155.9763612209
2013-04-17,153.5452915999
2013-04-18,153.4802195045
2013-04-19,154.497745827
2013-04-22,155.3023260554
2013-04-23,156.6146010633
2013-04-24,158.3953696716
2013-04-25,159.4593810003
2013-04-26,159.045013345
2013-04-29,160.8173579163
2013-04-30,161.4992198472
2013-05-01,159.0774713613
2013-05-02,160.381089875
2013-05-03,161.5887672442
2013-05-06,161.3160906432
2013-05-07,161.2291066035
2013-05-08,160.6862097807
2013-05-09,160.9975102922
2013-05-10,162.1631987104
2013-05-13,162.3631818535
2013-05-14,163.6352887619
2013-05-15,164.7747273245
2013-05-16,163.73115872
2013-05-17,166.3985426824
2013-05-20,167.5205732474
2013-05-21,167.2043077732
2013-05-22,164.7619187682
2013-05-23,164.7616436158
2013-05-24,163.9928121238
2013-05-28,165.245430139
2013-05-29,163.9225120751
2013-05-30,164.7972839706
2013-05-31,162.6332879546
2013-06-03,162.9458993838
2013-06-04,162.1783845204
2013-06-05,160.1764302313
2013-06-06,161.5007252443
2013-06-07,163.7593969964
2013-06-10,163.96771187
2013-06-11,161.5522926354
2013-06-12,160.9859126886
2013-06-13,163.1615966818
2013-06-14,163.160754768
2013-06-17,164.4073843353
2013-06-18,165.802662539
2013-06-19,163.6392296885
2013-06-20,158.7129302925
2013-06-21,158.9909801575
2013-06-24,157.7493761413
2013-06-25,159.973225429
2013-06-26,162.1985225191
2013-06-27,162.562258691
2013-06-28,162.6278461411
2013-07-01,163.3411065857
2013-07-02,163.1224637177
2013-07-03,163.2398522866
2013-07-05,164.4947440737
2013-07-08,165.3744316322
2013-07-09,167.2526227886
2013-07-10,167.9083583388
2013-07-11,170.2027336219
2013-07-12,170.8907476552
2013-07-15,172.1755563494
2013-07-16,170.3949492524
2013-07-17,171.3185749215
2013-07-18,172.8250993136
2013-07-19,173.1147276514
2013-07-22,173.126759125
2013-07-23,173.4562982588
2013-07-24,171.5595014096
2013-07-25,173.8092337384
2013-07-26,173.8704633248
2013-07-29,173.8046920754
2013-07-30,174.6037425489
2013-07-31,175.1599546264
2013-08-01,177.5787296468
2013-08-02,177.1837889228
2013-08-05,177.4458908598
2013-08-06,176.1918355536
2013-08-07,174.2439940936
2013-08-08,175.6034929034
2013-08-09,175.1448055696
2013-08-12,174.6683765294
2013-08-13,174.1393235012
2013-08-14,171.7233750403
2013-08-15,169.4212254413
2013-08-16,168.7623923611
2013-08-19,167.2138256111
2013-08-20,169.1198694891
2013-08-21,168.3142798101
2013-08-22,170.7040778587
2013-08-23,171.8830561561
2013-08-26,171.3744418174
2013-08-27,169.4052995595
2013-08-28,169.9858169116
2013-08-29,170.1139872545
2013-08-30,169.511982909
2013-09-03,169.4691696235
2013-09-04,170.1484977546
2013-09-05,170.2436204122
2013-09-06,170.1529481663
2013-09-09,171.6764038078
2013-09-10,173.5656760906
2013-09-11,173.0131113628
2013-09-12,172.1427197357
2013-09-13,172.7209334115
2013-09-16,173.5367796869
2013-09-17,173.9086668539
2013-09-18,177.0372412847
2013-09-19,177.3340185316
2013-09-20,176.0291902658
2013-09-23,175.75280099
2013-09-24,176.5172233862
2013-09-25,176.2677601025
2013-09-26,177.4946806601
2013-09-27,176.4061368452
2013-09-30,176.2369958187
2013-10-01,177.9765859996
2013-10-02,177.3041450025
2013-10-03,175.6282799472
2013-10-04,177.1056051314
2013-10-07,176.0444202421
2013-10-08,174.1526284527
2013-10-09,173.7299335697
2013-10-10,177.5111154875
2013-10-11,179.6170623448
2013-10-14,179.9052931982
2013-10-15,178.3076719114
2013-10-16,180.8424917604
2013-10-17,182.0846076736
2013-10-18,183.7802382443
2013-10-21,183.2309621535
2013-10-22,184.8570110263
2013-10-23,182.0026343442
2013-10-24,183.2827022792
2013-10-25,184.3467617557
2013-10-28,182.9500412235
2013-10-29,184.3102635469
2013-10-30,182.5267320897
2013-10-31,182.1802633697
2013-11-01,183.3195294867
2013-11-04,185.2852664879
2013-11-05,184.5520551125
2013-11-06,183.1104299452
2013-11-07,178.9302600043
2013-11-08,180.961269723
2013-11-11,181.6638555805
2013-11-12,180.2688995081
2013-11-13,181.2511243694
2013-11-14,182.0670186026
2013-11-15,182.861303741
2013-11-18,180.8118235613
2013-11-19,179.3872645932
2013-11-20,178.3736192567
2013-11-21,180.5862864067
2013-11-22,181.04116226
2013-11-25,180.4652659055
2013-11-26,180.0292951911
2013-11-27,180.5448719261
2013-11-29,180.4754718675
2013-12-02,179.5143557519
2013-12-03,180.8983717621
2013-12-04,180.7842530734
2013-12-05,180.3687742692
2013-12-06,181.4896754216
2013-12-09,181.2845853188
2013-12-10,180.73105858
2013-12-11,177.8300530353
2013-12-12,178.3230967269
2013-12-13,178.1906287191
2013-12-16,179.3887977419
2013-12-17,180.4071275464
2013-12-18,181.9578245162
2013-12-19,182.4661040475
2013-12-20,183.7768150571
2013-12-23,184.7289481991
2013-12-24,185.6258960049
2013-12-26,186.0255286413
2013-12-27,186.0452461568
2013-12-30,186.5061081197
2013-12-31,186.7752535364
2014-01-02,185.6064003091
2014-01-03,185.6100567552
2014-01-06,185.1751906934
2014-01-07,186.8992315673
2014-01-08,186.7800113136
2014-01-09,186.4384142819
2014-01-10,187.8315316128
2014-01-13,184.5088097565
2014-01-14,187.7141633888
2014-01-15,188.6715839552
2014-01-16,190.1559584156
2014-01-17,189.2497883937
2014-01-21,191.3354552399
2014-01-22,192.425421788
2014-01-23,190.7469135183
2014-01-24,186.4021710986
2014-01-27,184.7280493209
2014-01-28,187.4482616755
2014-01-29,186.7228554602
2014-01-30,188.6562918127
2014-01-31,188.6241445354
2014-02-03,184.4525362557
2014-02-04,186.112245895
2014-02-05,184.7010379724
2014-02-06,186.5654489815
2014-02-07,188.7254143849
2014-02-10,189.7839426413
2014-02-11,191.5859568149
2014-02-12,191.0032601205
2014-02-13,193.9782342254
2014-02-14,194.2810422603
2014-02-18,195.9610829688
2014-02-19,194.4911788659
2014-02-20,196.8486009214
2014-02-21,196.1947847499
2014-02-24,196.9540896246
2014-02-25,198.1715816552
2014-02-26,198.0420335036
2014-02-27,198.793404444
2014-02-28,198.6425861301
2014-03-03,197.5002329219
2014-03-04,200.9028972058
2014-03-05,200.0979684574
2014-03-06,200.914899709
2014-03-07,201.2552793247
2014-03-10,200.0667777039
2014-03-11,197.9721290782
2014-03-12,199.1496842088
2014-03-13,198.0232741181
2014-03-14,197.9369472183
2014-03-17,199.085397635
2014-03-18,200.822689023
2014-03-19,199.6136179497
2014-03-20,200.3985116105
2014-03-21,199.9949856205
2014-03-24,198.2954285326
2014-03-25,198.9260406546
2014-03-26,195.780752655
2014-03-27,196.3869493434
2014-03-28,197.6690578894
2014-03-31,199.4269410174
2014-04-01,201.2499815586
2014-04-02,202.5599471113
2014-04-03,201.7827937684
2014-04-04,199.2820525293
2014-04-07,196.0471095613
2014-04-08,198.7937360358
2014-04-09,200.2263266742
2014-04-10,196.4044619933
2014-04-11,194.7858003941
2014-04-14,195.5366973171
2014-04-15,196.7954648843
2014-04-16,199.369243981
2014-04-17,199.7115483927
2014-04-21,200.9987052991
2014-04-22,202.8107775699
2014-04-23,201.7266576895
2014-04-24,202.0294694543
2014-04-25,200.0085917835
2014-04-28,199.245770795
2014-04-29,200.1642406396
2014-04-30,201.0684766718
2014-05-01,201.3528992919
2014-05-02,200.3496150595
2014-05-05,201.0490564221
2014-05-06,199.3809144228
2014-05-07,199.8832964668
2014-05-08,197.4308084924
2014-05-09,196.6943096034
2014-05-12,198.4192386047
2014-05-13,198.3584966026
2014-05-14,197.6558101208
2014-05-15,195.9404925179
2014-05-16,196.7338397205
2014-05-19,197.0072218511
2014-05-20,196.1034930061
2014-05-21,197.6261084169
2014-05-22,198.4989429189
2014-05-23,199.4346726725
2014-05-27,201.1418372598
2014-05-28,201.7406829128
2014-05-29,202.9438613397
2014-05-30,202.369467746
2014-06-02,202.6848477313
2014-06-03,202.6767200689
2014-06-04,203.0138320141
2014-06-05,205.3665362307
2014-06-06,205.6829302828
2014-06-09,205.4027005568
2014-06-10,204.3399700303
2014-06-11,203.6322138394
2014-06-12,203.6062294526
2014-06-13,205.2487156932
2014-06-16,209.3880434904
2014-06-17,211.2267992514
2014-06-18,213.6913741334
2014-06-19,214.1131101512
2014-06-20,214.4685123917
2014-06-23,215.0118377632
2014-06-24,212.7099573651
2014-06-25,214.4989788381
2014-06-26,214.1369350207
2014-06-27,215.0349436115
2014-06-30,216.1400444631
2014-07-01,215.8346698558
2014-07-02,214.1692889172
2014-07-03,213.8988901026
2014-07-07,211.6418273031
2014-07-08,211.0647193842
2014-07-09,212.1996905536
2014-07-10,211.2274272635
2014-07-11,210.6197728055
2014-07-14,210.9170420583
2014-07-15,209.8365191771
2014-07-16,210.4648049891
2014-07-17,207.3888959384
2014-07-18,209.8758207266
2014-07-21,209.6505355293
2014-07-22,209.9878793841
2014-07-23,209.6444479451
2014-07-24,209.2848683457
2014-07-25,207.877407431
2014-07-28,208.9376705984
2014-07-29,208.1054802348
2014-07-30,207.1005298181
2014-07-31,202.9571453997
2014-08-01,202.8678622986
2014-08-04,204.1649720433
2014-08-05,201.9306814835
2014-08-06,202.101630728
2014-08-07,202.2752387976
2014-08-08,204.6070743649
2014-08-11,205.7352330663
2014-08-12,204.6813208206
2014-08-13,205.2353411056
2014-08-14,206.3001225172
2014-08-15,207.5489397408
2014-08-18,208.5241920141
2014-08-19,209.9879082498
2014-08-20,210.5268908075
2014-08-21,210.9480562315
2014-08-22,210.642377795
2014-08-25,211.7631306879
2014-08-26,211.4298416941
2014-08-27,212.1323444273
2014-08-28,212.7440868667
2014-08-29,214.5289385501
2014-09-02,214.4541277183
2014-09-03,214.4353200913
2014-09-04,213.9609017165
2014-09-05,214.8491599935
2014-09-08,214.1006210727
2014-09-09,211.6114149931
2014-09-10,211.1989539791
2014-09-11,211.6437636864
2014-09-12,208.9577468395
2014-09-15,206.8741696555
2014-09-16,209.0586800406
2014-09-17,209.2547213265
2014-09-18,209.0177835657
2014-09-19,208.6786080464
2014-09-22,205.5678322175
2014-09-23,204.4599598256
2014-09-24,205.356070168
2014-09-25,202.2507176908
2014-09-26,203.8033311033
2014-09-29,203.5125730837
2014-09-30,201.5823441233
2014-10-01,199.0266532094
2014-10-02,198.9787596545
2014-10-03,200.219383048
2014-10-06,199.0282283039
2014-10-07,196.2595521927
2014-10-08,198.8209312514
2014-10-09,192.4409876425
2014-10-10,188.8653175883
2014-10-13,183.9987510848
2014-10-14,185.2360904854
2014-10-15,186.8722464558
2014-10-16,189.7610717176
2014-10-17,191.1024665276
2014-10-20,193.129227414
2014-10-21,196.8479856524
2014-10-22,194.8680652272
2014-10-23,197.1117510896
2014-10-24,197.7451721854
2014-10-27,195.7001375508
2014-10-28,199.7845601305
2014-10-29,199.023388708
2014-10-30,200.4623924512
2014-10-31,203.6445307851
2014-11-03,203.9048843713
2014-11-04,201.8255926557
2014-11-05,204.6902450545
2014-11-06,204.6276697319
2014-11-07,205.8711083677
2014-11-10,206.0912104811
2014-11-11,206.1635491761
2014-11-12,204.2310352759
2014-11-13,202.1039852594
2014-11-14,202.6285240228
2014-11-17,203.0043140608
2014-11-18,204.9415910915
2014-11-19,204.6931567139
2014-11-20,205.8171021515
2014-11-21,206.6361704505
2014-11-24,206.6026484844
2014-11-25,206.1032241214
2014-11-26,206.5458554864
2014-11-28,203.0059378233
2014-12-01,199.7343684498
2014-12-02,200.7038652326
2014-12-03,201.6775701401
2014-12-04,200.7530745116
2014-12-05,200.2542532896
2014-12-08,195.9112500853
2014-12-09,197.4278254223
2014-12-10,192.1757780531
2014-12-11,192.3838449807
2014-12-12,189.4368333094
2014-12-15,187.3672894972
2014-12-16,186.9177992669
2014-12-17,192.1468970573
2014-12-18,197.0292222989
2014-12-19,198.3542755603
2014-12-22,198.4759501193
2014-12-23,199.471852699
2014-12-24,200.1397660059
2014-12-26,201.7654147647
2014-12-29,202.5765741381
2014-12-30,199.6709475955
2014-12-31,197.7649029463
2015-01-02,198.476780853
2015-01-05,192.5368601466
2015-01-06,190.3569244108
2015-01-07,191.6305792924
2015-01-08,194.6217050738
2015-01-09,193.6191039645
2015-01-12,191.6960550152
2015-01-13,192.0887336489
2015-01-14,191.234366316
2015-01-15,190.1596247598
2015-01-16,191.904852729
2015-01-20,191.6771989767
2015-01-21,194.3285347486
2015-01-22,195.9458436177
2015-01-23,195.6959879387
2015-01-26,196.8726664658
2015-01-27,196.1493009877
2015-01-28,192.5937364052
2015-01-29,195.0194970207
2015-01-30,192.4167005653
2015-02-02,195.7093659705
2015-02-03,199.0618639847
2015-02-04,197.3461327791
2015-02-05,200.0354468572
2015-02-06,197.5631408974
2015-02-09,196.6037583419
2015-02-10,199.3762196771
2015-02-11,197.1599548752
2015-02-12,197.7713262274
2015-02-13,198.4528100254
2015-02-17,198.7244568557
2015-02-18,199.9167744241
2015-02-19,200.1827232093
2015-02-20,201.0926305565
2015-02-23,200.3391380785
2015-02-24,202.1620373387
2015-02-25,200.808172144
2015-02-26,199.7294025703
2015-02-27,199.2093250618
2015-03-02,199.3018494066
2015-03-03,198.5127307741
2015-03-04,197.3065952931
2015-03-05,198.2946111668
2015-03-06,194.3780157175
2015-03-09,194.0481117511
2015-03-10,191.5517707166
2015-03-11,191.4286260484
2015-03-12,193.280685084
2015-03-13,192.2955365052
2015-03-16,194.4943884874
2015-03-17,194.6730777951
2015-03-18,198.9127712601
2015-03-19,196.4585351633
2015-03-20,198.4117752899
2015-03-23,198.66644724
2015-03-24,198.1617923666
2015-03-25,194.9514974555
2015-03-26,193.9157985395
2015-03-27,194.6807362703
2015-03-30,197.3630924843
2015-03-31,196.9322114728
2015-04-01,196.3298348896
2015-04-02,197.5125557945
2015-04-06,199.6613688179
2015-04-07,199.146944356
2015-04-08,199.0062746615
2015-04-09,199.8029612371
2015-04-10,200.2397513898
2015-04-13,199.0831255566
2015-04-14,199.9249039783
2015-04-15,202.5819670492
2015-04-16,201.8576996876
2015-04-17,200.2123158333
2015-04-20,202.2668868502
2015-04-21,201.5100071531
2015-04-22,202.2991491369
2015-04-23,202.9294749297
2015-04-24,202.1387912788
2015-04-27,200.7306734173
2015-04-28,201.8382341343
2015-04-29,201.4242916688
2015-04-30,198.2270209421
2015-05-01,199.751858335
2015-05-04,200.5535880266
2015-05-05,196.8633868852
2015-05-06,195.6939595837
2015-05-07,196.7955504516
2015-05-08,199.7071021273
2015-05-11,198.6834642527
2015-05-12,198.7489907149
2015-05-13,198.8735046521
2015-05-14,200.6698723208
2015-05-15,202.1601629403
2015-05-18,202.1038908706
2015-05-19,200.869884388
2015-05-20,200.7817806873
2015-05-21,201.7566647372
2015-05-22,201.5520371154
2015-05-26,199.307008714
2015-05-27,200.4605687411
2015-05-28,200.5234684365
2015-05-29,199.572653886
2015-06-01,199.8791468707
2015-06-02,199.3131418149
2015-06-03,198.1506565057
2015-06-04,195.8796531392
2015-06-05,195.7494916974
2015-06-08,194.4784901108
2015-06-09,194.1843908698
2015-06-10,195.1924294422
2015-06-11,195.5122702932
2015-06-12,194.0105394502
2015-06-15,193.8735058677
2015-06-16,194.9840323865
2015-06-17,195.8483930534
2015-06-18,197.5326320459
2015-06-19,196.1671313511
2015-06-22,199.923163993
2015-06-23,199.1321264906
2015-06-24,196.9861485826
2015-06-25,195.1119676816
2015-06-26,194.9640200518
2015-06-29,190.9726627258
2015-06-30,191.5236463196
2015-07-01,191.3377416323
2015-07-02,192.4294465168
2015-07-06,190.9347090338
2015-07-07,192.534141845
2015-07-08,188.0928517677
2015-07-09,188.1251269399
2015-07-10,190.0685902669
2015-07-13,191.5650016466
2015-07-14,192.1629585812
2015-07-15,190.7342131292
2015-07-16,191.3853680409
2015-07-17,189.7462190614
2015-07-20,188.5358157862
2015-07-21,186.0224776689
2015-07-22,184.4678867627
2015-07-23,183.528136807
2015-07-24,181.4070798496
2015-07-27,180.7765303368
2015-07-28,183.9346545263
2015-07-29,185.7612269569
2015-07-30,186.2710844591
2015-07-31,185.9041353402
2015-08-03,184.8096714425
2015-08-04,183.3770990377
2015-08-05,183.3626122469
2015-08-06,180.7684599304
2015-08-07,180.6561798857
2015-08-10,183.1476955439
2015-08-11,181.157568051
2015-08-12,183.1030616014
2015-08-13,182.6291699493
2015-08-14,183.3396863426
2015-08-17,185.2976701498
2015-08-18,184.1046064745
2015-08-19,182.0067929553
2015-08-20,177.4799513971
2015-08-21,173.4706271869
2015-08-24,166.6041211886
2015-08-25,163.3897261167
2015-08-26,166.8757158869
2015-08-27,171.8799305702
2015-08-28,173.6202361632
2015-08-31,172.1657527052
2015-09-01,166.5867316466
2015-09-02,168.2682786227
2015-09-03,169.2189957767
2015-09-04,166.5707071382
2015-09-08,170.4477708716
2015-09-09,168.1385655733
2015-09-10,167.2224568821
2015-09-11,167.0261169487
2015-09-14,166.4188362773
2015-09-15,168.4111556718
2015-09-16,171.7224946502
2015-09-17,171.9264260685
2015-09-18,169.544714279
2015-09-21,169.6604924309
2015-09-22,166.2906072523
2015-09-23,163.6618673901
2015-09-24,163.9549932903
2015-09-25,163.6167813065
2015-09-28,158.7027035254
2015-09-29,157.8391215104
2015-09-30,161.3482294287
2015-10-01,160.7960288281
2015-10-02,165.0314788605
2015-10-05,168.9006744596
2015-10-06,169.1509603463
2015-10-07,170.6910197409
2015-10-08,172.578812714
2015-10-09,171.9629870693
2015-10-12,170.5621076367
2015-10-13,169.3731836569
2015-10-14,169.936635784
2015-10-15,172.5201771898
2015-10-16,172.0267633931
2015-10-19,171.5559640047
2015-10-20,171.0596144983
2015-10-21,168.9292724081
2015-10-22,170.8780249024
2015-10-23,170.4099855152
2015-10-26,168.5493862246
2015-10-27,167.077636817
2015-10-28,168.9119679399
2015-10-29,168.2202905251
2015-10-30,168.9649210728
2015-11-02,170.5386717697
2015-11-03,171.2738534103
2015-11-04,172.0362637596
2015-11-05,170.6269073507
2015-11-06,168.9478327254
2015-11-09,167.1978531655
2015-11-10,165.5301015628
2015-11-11,164.8076741706
2015-11-12,161.8830782866
2015-11-13,162.1307494082
2015-11-16,166.1375617173
2015-11-17,163.3573570133
2015-11-18,165.7261873615
2015-11-19,165.8552964472
2015-11-20,165.6073476054
2015-11-23,164.9373179307
2015-11-24,165.6986347287
2015-11-25,165.506218465
2015-11-27,165.6242063751
2015-11-30,166.0106105801
2015-12-01,167.5755907633
2015-12-02,164.6660245789
2015-12-03,162.3016739199
2015-12-04,162.1565319151
2015-12-07,159.5754047183
2015-12-08,158.6084480428
2015-12-09,159.3024488078
2015-12-10,158.7329894838
2015-12-11,155.1990143181
2015-12-14,154.9964355744
2015-12-15,156.7243631486
2015-12-16,161.2248701008
2015-12-17,159.1704903757
2015-12-18,157.5213069545
2015-12-21,159.23375276
2015-12-22,159.9243047851
2015-12-23,163.4259769291
2015-12-24,163.5367037647
2015-12-28,162.5750337336
2015-12-29,163.8570154879
2015-12-30,162.8035240562
2015-12-31,162.2313454868
