date,csadvw
2000-01-03,0.0392026463
2000-01-04,0.0284571692
2000-01-05,0.0252703756
2000-01-06,0.0372510995
2000-01-07,0.0563621164
2000-01-10,0.0453487619
2000-01-11,0.0314311422
2000-01-12,0.0336806529
2000-01-13,0.0336958534
2000-01-14,0.0380034115
2000-01-18,0.0461483887
2000-01-19,0.0378646006
2000-01-20,0.0422649699
2000-01-21,0.0533171874
2000-01-24,0.0637088803
2000-01-25,0.0516364732
2000-01-26,0.0543848766
2000-01-27,0.0330330325
2000-01-28,0.0420448172
2000-01-31,0.0377668352
2000-02-01,0.0384616467
2000-02-02,0.0355633863
2000-02-03,0.0377750242
2000-02-04,0.0365233013
2000-02-07,0.0355710545
2000-02-08,0.0347712859
2000-02-09,0.0325726926
2000-02-10,0.0326492567
2000-02-11,0.0285061942
2000-02-14,0.0352591802
2000-02-15,0.0304260001
2000-02-16,0.0384361814
2000-02-17,0.0492807855
2000-02-18,0.0326058344
2000-02-22,0.035332024
2000-02-23,0.0384876645
2000-02-24,0.0386660838
2000-02-25,0.0350158322
2000-02-28,0.0441660276
2000-02-29,0.0577506917
2000-03-01,0.0502696658
2000-03-02,0.0379553519
2000-03-03,0.0414260303
2000-03-06,0.0413265935
2000-03-07,0.0374888109
2000-03-08,0.0355051359
2000-03-09,0.0293669408
2000-03-10,0.0377769042
2000-03-13,0.0418246833
2000-03-14,0.0384922336
2000-03-15,0.0450871995
2000-03-16,0.0434755246
2000-03-17,0.0367242369
2000-03-20,0.0370852038
2000-03-21,0.041459056
2000-03-22,0.0374208878
2000-03-23,0.0296918634
2000-03-24,0.0294973465
2000-03-27,0.0291913713
2000-03-28,0.0417672684
2000-03-29,0.0483932195
2000-03-30,0.0391005842
2000-03-31,0.0486783705
2000-04-03,0.0547534873
2000-04-04,0.0625473753
2000-04-05,0.0430075304
2000-04-06,0.0352780752
2000-04-07,0.0392959384
2000-04-10,0.0436429003
2000-04-11,0.0384874778
2000-04-12,0.0456008596
2000-04-13,0.0393790666
2000-04-14,0.0664908523
2000-04-17,0.0759027514
2000-04-18,0.0850078783
2000-04-19,0.0459087466
2000-04-20,0.0377144136
2000-04-24,0.0390234915
2000-04-25,0.0506303381
2000-04-26,0.0325455053
2000-04-27,0.0415636962
2000-04-28,0.0330306475
2000-05-01,0.040963223
2000-05-02,0.0324484485
2000-05-03,0.0269019842
2000-05-04,0.0358053975
2000-05-05,0.0309345931
2000-05-08,0.0389042094
2000-05-09,0.0340061065
2000-05-10,0.0514435429
2000-05-11,0.0387190796
2000-05-12,0.0335140649
2000-05-15,0.0347295637
2000-05-16,0.0338108968
2000-05-17,0.0299018553
2000-05-18,0.0299527397
2000-05-19,0.0274308515
2000-05-22,0.0294881907
2000-05-23,0.0369037805
2000-05-24,0.0461410904
2000-05-25,0.0320956811
2000-05-26,0.0271836395
2000-05-30,0.0447036081
2000-05-31,0.0334211485
2000-06-01,0.0401218783
2000-06-02,0.0366829761
2000-06-05,0.0324691051
2000-06-06,0.0375148963
2000-06-07,0.0273244239
2000-06-08,0.0334923752
2000-06-09,0.0277522325
2000-06-12,0.030035657
2000-06-13,0.0271739126
2000-06-14,0.0344170081
2000-06-15,0.0247580211
2000-06-16,0.0313673781
2000-06-19,0.0281381829
2000-06-20,0.0397290789
2000-06-21,0.0319005065
2000-06-22,0.0409340078
2000-06-23,0.0268213471
2000-06-26,0.0312669937
2000-06-27,0.0297629067
2000-06-28,0.0311956614
2000-06-29,0.0311929776
2000-06-30,0.0351546128
2000-07-03,0.0278145134
2000-07-05,0.039444614
2000-07-06,0.0265594541
2000-07-07,0.0364040633
2000-07-10,0.032218497
2000-07-11,0.0262991148
2000-07-12,0.0306814728
2000-07-13,0.025857653
2000-07-14,0.0277318687
2000-07-17,0.0326137686
2000-07-18,0.0267943856
2000-07-19,0.0265888224
2000-07-20,0.0256632298
2000-07-21,0.0295846105
2000-07-24,0.030556714
2000-07-25,0.0290438434
2000-07-26,0.0277142761
2000-07-27,0.0394808452
2000-07-28,0.0409885851
2000-07-31,0.0425777714
2000-08-01,0.0303538829
2000-08-02,0.0385933702
2000-08-03,0.034648006
2000-08-04,0.0286159077
2000-08-07,0.039733996
2000-08-08,0.0321735286
2000-08-09,0.0253459239
2000-08-10,0.0302345029
2000-08-11,0.0237584554
2000-08-14,0.0293910421
2000-08-15,0.0289527662
2000-08-16,0.0416977285
2000-08-17,0.0316592765
2000-08-18,0.0221074468
2000-08-21,0.024450921
2000-08-22,0.0211456905
2000-08-23,0.0328653155
2000-08-24,0.0328098973
2000-08-25,0.0275489971
2000-08-28,0.0252957738
2000-08-29,0.0277659242
2000-08-30,0.02248995
2000-08-31,0.0314231147
2000-09-01,0.0208181541
2000-09-05,0.0230020469
2000-09-06,0.0301661477
2000-09-07,0.0334753553
2000-09-08,0.0241883826
2000-09-11,0.0291192984
2000-09-12,0.040833519
2000-09-13,0.0282306533
2000-09-14,0.0315145577
2000-09-15,0.0354431022
2000-09-18,0.030729839
2000-09-19,0.0357075511
2000-09-20,0.0249371386
2000-09-21,0.0301382297
2000-09-22,0.0274474739
2000-09-25,0.0307179258
2000-09-26,0.0411059186
2000-09-27,0.0327878996
2000-09-28,0.0333443381
2000-09-29,0.0347946201
2000-10-02,0.0305098223
2000-10-03,0.0358697851
2000-10-04,0.0383451263
2000-10-05,0.0310300073
2000-10-06,0.0399524395
2000-10-09,0.038645075
2000-10-10,0.0421711988
2000-10-11,0.0321844497
2000-10-12,0.0422824735
2000-10-13,0.0588486979
2000-10-16,0.0347748693
2000-10-17,0.035539754
2000-10-18,0.0340696883
2000-10-19,0.0543088577
2000-10-20,0.0332377354
2000-10-23,0.0337759169
2000-10-24,0.0359326442
2000-10-25,0.0487902904
2000-10-26,0.0355144839
2000-10-27,0.0428171986
2000-10-30,0.0336335951
2000-10-31,0.0388968939
2000-11-01,0.0327427122
2000-11-02,0.0314775887
2000-11-03,0.0339188534
2000-11-06,0.027030496
2000-11-07,0.0287976628
2000-11-08,0.0292075751
2000-11-09,0.0315801237
2000-11-10,0.0347015919
2000-11-13,0.0301698814
2000-11-14,0.0355381713
2000-11-15,0.0287398749
2000-11-16,0.0357297566
2000-11-17,0.0226540847
2000-11-20,0.0307251075
2000-11-21,0.0309299632
2000-11-22,0.0346529281
2000-11-24,0.0438511747
2000-11-27,0.0305946057
2000-11-28,0.0461831357
2000-11-29,0.0444820464
2000-11-30,0.048906098
2000-12-01,0.0482367466
2000-12-04,0.0349602569
2000-12-05,0.0625693505
2000-12-06,0.0431544282
2000-12-07,0.0346449298
2000-12-08,0.0513475773
2000-12-11,0.0482422192
2000-12-12,0.0399179683
2000-12-13,0.0383386008
2000-12-14,0.0334045676
2000-12-15,0.0364897489
2000-12-18,0.0364147502
2000-12-19,0.0344802323
2000-12-20,0.0513845052
2000-12-21,0.049855621
2000-12-22,0.0518374599
2000-12-26,0.0439377618
2000-12-27,0.042886679
2000-12-28,0.0530825939
2000-12-29,0.0516982025
2001-01-02,0.0601571612
2001-01-03,0.0659580702
2001-01-04,0.0551739635
2001-01-05,0.0446263141
2001-01-08,0.0282105553
2001-01-09,0.0412172781
2001-01-10,0.0361483086
2001-01-11,0.0573432386
2001-01-12,0.0410024967
2001-01-16,0.0576563144
2001-01-17,0.0442635023
2001-01-18,0.0449108697
2001-01-19,0.0388274301
2001-01-22,0.0298584931
2001-01-23,0.0373088154
2001-01-24,0.0338257166
2001-01-25,0.0320382675
2001-01-26,0.0276369678
2001-01-29,0.0275208605
2001-01-30,0.031738239
2001-01-31,0.0303856033
2001-02-01,0.0335929775
2001-02-02,0.0313883705
2001-02-05,0.0284072248
2001-02-06,0.0291668732
2001-02-07,0.0305895838
2001-02-08,0.0391451947
2001-02-09,0.0369321555
2001-02-12,0.0311261593
2001-02-13,0.0280883868
2001-02-14,0.032873704
2001-02-15,0.0310994778
2001-02-16,0.0353950298
2001-02-20,0.0464497215
2001-02-21,0.0348582557
2001-02-22,0.0250653452
2001-02-23,0.0268003069
2001-02-26,0.0284500865
2001-02-27,0.0336370545
2001-02-28,0.0372746865
2001-03-01,0.0332547205
2001-03-02,0.0251904302
2001-03-05,0.0299623589
2001-03-06,0.032882775
2001-03-07,0.0303367875
2001-03-08,0.0294049511
2001-03-09,0.0343405521
2001-03-12,0.0370738282
2001-03-13,0.042878549
2001-03-14,0.0251975291
2001-03-15,0.0276383281
2001-03-16,0.033271885
2001-03-19,0.0330717693
2001-03-20,0.0325372643
2001-03-21,0.0324698337
2001-03-22,0.048393237
2001-03-23,0.0358438892
2001-03-26,0.0289519364
2001-03-27,0.0339851804
2001-03-28,0.0400425936
2001-03-29,0.0282677831
2001-03-30,0.0449074714
2001-04-02,0.0451323498
2001-04-03,0.0434791567
2001-04-04,0.0351528419
2001-04-05,0.0614777993
2001-04-06,0.0317798273
2001-04-09,0.038929018
2001-04-10,0.0447163728
2001-04-11,0.0337886934
2001-04-12,0.0281034121
2001-04-16,0.0375141916
2001-04-17,0.0251049195
2001-04-18,0.0637189204
2001-04-19,0.0351781555
2001-04-20,0.0240369909
2001-04-23,0.0374092972
2001-04-24,0.029270457
2001-04-25,0.0230388305
2001-04-26,0.0333509415
2001-04-27,0.0278177819
2001-04-30,0.0377487663
2001-05-01,0.0299562527
2001-05-02,0.0364911015
2001-05-03,0.0241352288
2001-05-04,0.0253342283
2001-05-07,0.0264911704
2001-05-08,0.0209612976
2001-05-09,0.0259322595
2001-05-10,0.0196842966
2001-05-11,0.0225780902
2001-05-14,0.0284650141
2001-05-15,0.0265840686
2001-05-16,0.0321847063
2001-05-17,0.0423166945
2001-05-18,0.0455072655
2001-05-21,0.0363121942
2001-05-22,0.0264683333
2001-05-23,0.0276998082
2001-05-24,0.0275449225
2001-05-25,0.0227822771
2001-05-29,0.0311098127
2001-05-30,0.0401401811
2001-05-31,0.0256281047
2001-06-01,0.023546705
2001-06-04,0.0312202792
2001-06-05,0.032070057
2001-06-06,0.0234761454
2001-06-07,0.02927776
2001-06-08,0.0205380698
2001-06-11,0.0322839435
2001-06-12,0.0319048441
2001-06-13,0.0233469113
2001-06-14,0.0266571831
2001-06-15,0.0340071712
2001-06-18,0.0375828311
2001-06-19,0.0313556399
2001-06-20,0.0344227851
2001-06-21,0.0372507384
2001-06-22,0.027613741
2001-06-25,0.0278162477
2001-06-26,0.0334127276
2001-06-27,0.0252075749
2001-06-28,0.0283142153
2001-06-29,0.0471668536
2001-07-02,0.0317010276
2001-07-03,0.0212039274
2001-07-05,0.0272204879
2001-07-06,0.0285530747
2001-07-09,0.0224856095
2001-07-10,0.031556187
2001-07-11,0.0223564512
2001-07-12,0.0408190834
2001-07-13,0.0263372363
2001-07-16,0.0288632091
2001-07-17,0.0253068281
2001-07-18,0.0294043966
2001-07-19,0.0297915181
2001-07-20,0.0282453648
2001-07-23,0.0381867167
2001-07-24,0.0344318165
2001-07-25,0.0371865206
2001-07-26,0.0365425978
2001-07-27,0.0302472152
2001-07-30,0.0257955051
2001-07-31,0.0255043828
2001-08-01,0.031413646
2001-08-02,0.0239198211
2001-08-03,0.021842152
2001-08-06,0.0252396002
2001-08-07,0.0240587504
2001-08-08,0.0290398545
2001-08-09,0.0229436065
2001-08-10,0.0323605401
2001-08-13,0.0290166251
2001-08-14,0.0257797503
2001-08-15,0.0315079666
2001-08-16,0.0261209668
2001-08-17,0.0306005625
2001-08-20,0.0237946754
2001-08-21,0.0267870056
2001-08-22,0.0360252685
2001-08-23,0.0274916498
2001-08-24,0.0296438474
2001-08-27,0.0247603021
2001-08-28,0.0257277026
2001-08-29,0.0221117729
2001-08-30,0.0262430147
2001-08-31,0.0241919036
2001-09-04,0.0286645806
2001-09-05,0.0274064923
2001-09-06,0.0244449467
2001-09-07,0.0229278247
2001-09-10,0.0358602531
2001-09-17,0.0533032503
2001-09-18,0.0446250574
2001-09-19,0.0427166375
2001-09-20,0.0453618068
2001-09-21,0.0457664925
2001-09-24,0.0633065861
2001-09-25,0.0341432386
2001-09-26,0.0440305178
2001-09-27,0.0386101255
2001-09-28,0.0481849029
2001-10-01,0.059145325
2001-10-02,0.035450015
2001-10-03,0.0439728144
2001-10-04,0.0353184186
2001-10-05,0.0300457264
2001-10-08,0.0313420291
2001-10-09,0.0320049162
2001-10-10,0.0410841079
2001-10-11,0.0456665032
2001-10-12,0.029932047
2001-10-15,0.0267509123
2001-10-16,0.0363064882
2001-10-17,0.040211891
2001-10-18,0.0271185921
2001-10-19,0.0248369857
2001-10-22,0.0285635105
2001-10-23,0.0284237691
2001-10-24,0.0383084046
2001-10-25,0.0332177565
2001-10-26,0.0362278095
2001-10-29,0.0424794105
2001-10-30,0.0331631733
2001-10-31,0.0246815042
2001-11-01,0.0292954152
2001-11-02,0.0252961827
2001-11-05,0.0274263298
2001-11-06,0.0249548354
2001-11-07,0.0218914099
2001-11-08,0.0260755578
2001-11-09,0.0220500913
2001-11-12,0.0196625273
2001-11-13,0.0276951068
2001-11-14,0.0383370288
2001-11-15,0.0327789489
2001-11-16,0.0212192286
2001-11-19,0.0226471814
2001-11-20,0.0306602115
2001-11-21,0.020539947
2001-11-23,0.0187267464
2001-11-26,0.025147973
2001-11-27,0.0229695548
2001-11-28,0.0287674304
2001-11-29,0.0237652078
2001-11-30,0.0209506935
2001-12-03,0.0259807357
2001-12-04,0.0342722555
2001-12-05,0.0360211138
2001-12-06,0.0220262993
2001-12-07,0.0220143599
2001-12-10,0.0245523336
2001-12-11,0.0282828347
2001-12-12,0.0282707671
2001-12-13,0.0299579966
2001-12-14,0.0228487358
2001-12-17,0.0289385072
2001-12-18,0.0275156303
2001-12-19,0.0362179031
2001-12-20,0.0216030146
2001-12-21,0.0262046603
2001-12-24,0.0189907758
2001-12-26,0.0229081379
2001-12-27,0.0332117864
2001-12-28,0.0219677274
2001-12-31,0.0284173052
2002-01-02,0.0275798545
2002-01-03,0.0427372569
2002-01-04,0.0267290444
2002-01-07,0.022241136
2002-01-08,0.0473967063
2002-01-09,0.0336153515
2002-01-10,0.0219108649
2002-01-11,0.0266539094
2002-01-14,0.0337148994
2002-01-15,0.0207067921
2002-01-16,0.0258064297
2002-01-17,0.0293223996
2002-01-18,0.0335483277
2002-01-22,0.0274164443
2002-01-23,0.0225604697
2002-01-24,0.0238303541
2002-01-25,0.0252501423
2002-01-28,0.0236970869
2002-01-29,0.0258258153
2002-01-30,0.0304977765
2002-01-31,0.0267401016
2002-02-01,0.0332411806
2002-02-04,0.0339979777
2002-02-05,0.028984615
2002-02-06,0.0304179577
2002-02-07,0.0302524345
2002-02-08,0.0272468947
2002-02-11,0.0255252433
2002-02-12,0.0197310833
2002-02-13,0.032553839
2002-02-14,0.022859296
2002-02-15,0.0266068723
2002-02-19,0.0291493316
2002-02-20,0.0244780688
2002-02-21,0.0298243064
2002-02-22,0.0234522852
2002-02-25,0.0372756233
2002-02-26,0.0197082306
2002-02-27,0.0217844097
2002-02-28,0.0316586753
2002-03-01,0.0345486006
2002-03-04,0.0347815287
2002-03-05,0.0282367146
2002-03-06,0.03225469
2002-03-07,0.0270495018
2002-03-08,0.0282825675
2002-03-11,0.0262242004
2002-03-12,0.0192685948
2002-03-13,0.0293648076
2002-03-14,0.0189295876
2002-03-15,0.0202458185
2002-03-18,0.0224274358
2002-03-19,0.0191915331
2002-03-20,0.0219840582
2002-03-21,0.0225176727
2002-03-22,0.0191853422
2002-03-25,0.0191985933
2002-03-26,0.0236377887
2002-03-27,0.0246443675
2002-03-28,0.0238622689
2002-04-01,0.0210363864
2002-04-02,0.0267937998
2002-04-03,0.0238634304
2002-04-04,0.0183004002
2002-04-05,0.0180380122
2002-04-08,0.0181520427
2002-04-09,0.0160096704
2002-04-10,0.0258115506
2002-04-11,0.0238159586
2002-04-12,0.0280518447
2002-04-15,0.0227240824
2002-04-16,0.0285394618
2002-04-17,0.0231451132
2002-04-18,0.0238085089
2002-04-19,0.0177517427
2002-04-22,0.0232673027
2002-04-23,0.0233169006
2002-04-24,0.0245030606
2002-04-25,0.0255153485
2002-04-26,0.0289276485
2002-04-29,0.0265527867
2002-04-30,0.0337021351
2002-05-01,0.0213180486
2002-05-02,0.0262971965
2002-05-03,0.025839757
2002-05-06,0.0279496844
2002-05-07,0.0290046709
2002-05-08,0.0448202032
2002-05-09,0.0234240437
2002-05-10,0.0236232523
2002-05-13,0.0282132993
2002-05-14,0.0330352203
2002-05-15,0.022723373
2002-05-16,0.0216558802
2002-05-17,0.0201750816
2002-05-20,0.023972557
2002-05-21,0.0263102167
2002-05-22,0.0194920912
2002-05-23,0.0243276224
2002-05-24,0.0244642413
2002-05-28,0.0164342566
2002-05-29,0.0269761544
2002-05-30,0.0238001442
2002-05-31,0.0202108913
2002-06-03,0.0362248258
2002-06-04,0.0273957041
2002-06-05,0.0341796954
2002-06-06,0.0279652732
2002-06-07,0.0325330713
2002-06-10,0.0268183967
2002-06-11,0.024259366
2002-06-12,0.0366149313
2002-06-13,0.0251644486
2002-06-14,0.0294666677
2002-06-17,0.0268200518
2002-06-18,0.0247578182
2002-06-19,0.0312756542
2002-06-20,0.0370976443
2002-06-21,0.0345470858
2002-06-24,0.0362326918
2002-06-25,0.0339270291
2002-06-26,0.0272836291
2002-06-27,0.0412714473
2002-06-28,0.0455692182
2002-07-01,0.0366208563
2002-07-02,0.0333053828
2002-07-03,0.0337903789
2002-07-05,0.0341279961
2002-07-08,0.0296707857
2002-07-09,0.0357338739
2002-07-10,0.0251023546
2002-07-11,0.0422375621
2002-07-12,0.0311483614
2002-07-15,0.0343821783
2002-07-16,0.0268015339
2002-07-17,0.032127297
2002-07-18,0.038127566
2002-07-19,0.0336526046
2002-07-22,0.0441362752
2002-07-23,0.0485177061
2002-07-24,0.0550442181
2002-07-25,0.0523828236
2002-07-26,0.0385171717
2002-07-29,0.0561128109
2002-07-30,0.0442569841
2002-07-31,0.0379403351
2002-08-01,0.0380059815
2002-08-02,0.0309640409
2002-08-05,0.0406715051
2002-08-06,0.0397008365
2002-08-07,0.0302938111
2002-08-08,0.0292859043
2002-08-09,0.0268605968
2002-08-12,0.0283975253
2002-08-13,0.0321096438
2002-08-14,0.0390854678
2002-08-15,0.0355372157
2002-08-16,0.0376046135
2002-08-19,0.0351862742
2002-08-20,0.0292614299
2002-08-21,0.0392804652
2002-08-22,0.0311640338
2002-08-23,0.0306046695
2002-08-26,0.0292728954
2002-08-27,0.0314227905
2002-08-28,0.0233724515
2002-08-29,0.0243457124
2002-08-30,0.0258709764
2002-09-03,0.0348252932
2002-09-04,0.030785978
2002-09-05,0.0314048366
2002-09-06,0.0323225748
2002-09-09,0.0289032155
2002-09-10,0.0346437583
2002-09-11,0.0257117249
2002-09-12,0.0266168772
2002-09-13,0.0314217485
2002-09-16,0.0281232029
2002-09-17,0.0326078943
2002-09-18,0.0286332547
2002-09-19,0.0368942057
2002-09-20,0.0380796831
2002-09-23,0.0324658086
2002-09-24,0.0404731082
2002-09-25,0.0428571472
2002-09-26,0.0418235305
2002-09-27,0.0300202413
2002-09-30,0.0303675158
2002-10-01,0.0426114665
2002-10-02,0.0342833561
2002-10-03,0.0378392298
2002-10-04,0.036632513
2002-10-07,0.046120007
2002-10-08,0.0427230278
2002-10-09,0.0405129538
2002-10-10,0.0582127099
2002-10-11,0.054648714
2002-10-14,0.037349694
2002-10-15,0.0468376979
2002-10-16,0.0477542201
2002-10-17,0.0498537702
2002-10-18,0.0418495974
2002-10-21,0.0352713004
2002-10-22,0.038936964
2002-10-23,0.0340535994
2002-10-24,0.0378545946
2002-10-25,0.0361769753
2002-10-28,0.0373048337
2002-10-29,0.0417417166
2002-10-30,0.0351630594
2002-10-31,0.0415778134
2002-11-01,0.0373232072
2002-11-04,0.0327598822
2002-11-05,0.0264134706
2002-11-06,0.0421437995
2002-11-07,0.0395166374
2002-11-08,0.0301205963
2002-11-11,0.038159267
2002-11-12,0.0333792496
2002-11-13,0.0275287179
2002-11-14,0.0345966445
2002-11-15,0.026297437
2002-11-18,0.0307756186
2002-11-19,0.0264310012
2002-11-20,0.0436469009
2002-11-21,0.0412588419
2002-11-22,0.0317818
2002-11-25,0.0393429512
2002-11-26,0.0453625144
2002-11-27,0.0369976633
2002-11-29,0.0250268271
2002-12-02,0.0367053898
2002-12-03,0.0397058657
2002-12-04,0.0378693173
2002-12-05,0.0222505056
2002-12-06,0.025303624
2002-12-09,0.034839364
2002-12-10,0.0324404508
2002-12-11,0.0212573226
2002-12-12,0.0267089071
2002-12-13,0.026098475
2002-12-16,0.0357197231
2002-12-17,0.0266204812
2002-12-18,0.0279526099
2002-12-19,0.0236516954
2002-12-20,0.0262008798
2002-12-23,0.0270248066
2002-12-24,0.0181980904
2002-12-26,0.0229520763
2002-12-27,0.0230652951
2002-12-30,0.0220732814
2002-12-31,0.0251120499
2003-01-02,0.037129441
2003-01-03,0.0235754726
2003-01-06,0.0301145059
2003-01-07,0.0274274223
2003-01-08,0.0274512549
2003-01-09,0.0287119483
2003-01-10,0.0270405443
2003-01-13,0.0305587599
2003-01-14,0.0229328022
2003-01-15,0.024944007
2003-01-16,0.0264518682
2003-01-17,0.0264253567
2003-01-21,0.0401780576
2003-01-22,0.0329281568
2003-01-23,0.0230079002
2003-01-24,0.0265969474
2003-01-27,0.0311414001
2003-01-28,0.0443754441
2003-01-29,0.0289967868
2003-01-30,0.0278245266
2003-01-31,0.0281184378
2003-02-03,0.0320984232
2003-02-04,0.031272411
2003-02-05,0.0242189623
2003-02-06,0.033241611
2003-02-07,0.0265230928
2003-02-10,0.0250576157
2003-02-11,0.024414772
2003-02-12,0.0260765209
2003-02-13,0.0258394281
2003-02-14,0.0283824035
2003-02-18,0.0299761399
2003-02-19,0.0266650408
2003-02-20,0.0227631719
2003-02-21,0.0237733952
2003-02-24,0.0261458179
2003-02-25,0.022652326
2003-02-26,0.0210290417
2003-02-27,0.0273777085
2003-02-28,0.0239046214
2003-03-03,0.0238986365
2003-03-04,0.0204564563
2003-03-05,0.0232751953
2003-03-06,0.0190712722
2003-03-07,0.0198354058
2003-03-10,0.0261990544
2003-03-11,0.0245768746
2003-03-12,0.0236189354
2003-03-13,0.0365631578
2003-03-14,0.0238152512
2003-03-17,0.0360140426
2003-03-18,0.0253377675
2003-03-19,0.0253582868
2003-03-20,0.0216892939
2003-03-21,0.029473881
2003-03-24,0.0257010996
2003-03-25,0.0214557119
2003-03-26,0.0260734195
2003-03-27,0.0220739642
2003-03-28,0.0227467527
2003-03-31,0.0255928612
2003-04-01,0.0287144903
2003-04-02,0.0357502647
2003-04-03,0.0247279004
2003-04-04,0.024493156
2003-04-07,0.0252496459
2003-04-08,0.0219307411
2003-04-09,0.0215211338
2003-04-10,0.0201801885
2003-04-11,0.0176829833
2003-04-14,0.0256196542
2003-04-15,0.0225336288
2003-04-16,0.0256269357
2003-04-17,0.0260906114
2003-04-21,0.0271889998
2003-04-22,0.0261813372
2003-04-23,0.0238309535
2003-04-24,0.0235217018
2003-04-25,0.0244425476
2003-04-28,0.0266932755
2003-04-29,0.0245568671
2003-04-30,0.0209520483
2003-05-01,0.025898446
2003-05-02,0.0270201373
2003-05-05,0.0226506145
2003-05-06,0.0297247975
2003-05-07,0.0240266345
2003-05-08,0.0241531331
2003-05-09,0.0244000958
2003-05-12,0.0208796995
2003-05-13,0.0241758983
2003-05-14,0.0373678361
2003-05-15,0.0256349932
2003-05-16,0.0282242023
2003-05-19,0.0269251141
2003-05-20,0.0158211383
2003-05-21,0.017993099
2003-05-22,0.0253092789
2003-05-23,0.0200009578
2003-05-27,0.029258287
2003-05-28,0.0204427205
2003-05-29,0.0312542489
2003-05-30,0.0261494672
2003-06-02,0.0291335401
2003-06-03,0.0265859303
2003-06-04,0.0284864344
2003-06-05,0.0229122258
2003-06-06,0.0259602841
2003-06-09,0.023945408
2003-06-10,0.0231545724
2003-06-11,0.0266533758
2003-06-12,0.0208122495
2003-06-13,0.0212434688
2003-06-16,0.0225818438
2003-06-17,0.0231233366
2003-06-18,0.0251907187
2003-06-19,0.0223966116
2003-06-20,0.0201994079
2003-06-23,0.0266207338
2003-06-24,0.0216531842
2003-06-25,0.0193582831
2003-06-26,0.0272475499
2003-06-27,0.0211750935
2003-06-30,0.0233251039
2003-07-01,0.0293788426
2003-07-02,0.0261084708
2003-07-03,0.0174984152
2003-07-07,0.0301098423
2003-07-08,0.0192954899
2003-07-09,0.0258110898
2003-07-10,0.0204065533
2003-07-11,0.0236720348
2003-07-14,0.0246494609
2003-07-15,0.0215120156
2003-07-16,0.0250975322
2003-07-17,0.0256104987
2003-07-18,0.0185681486
2003-07-21,0.0205712349
2003-07-22,0.0242299816
2003-07-23,0.0190646469
2003-07-24,0.0230562333
2003-07-25,0.0187218929
2003-07-28,0.0193763633
2003-07-29,0.0203851292
2003-07-30,0.0304148021
2003-07-31,0.026238939
2003-08-01,0.023047159
2003-08-04,0.0235276248
2003-08-05,0.0214228267
2003-08-06,0.0286497772
2003-08-07,0.0261455473
2003-08-08,0.0258154885
2003-08-11,0.0198788307
2003-08-12,0.0256141848
2003-08-13,0.0231244116
2003-08-14,0.0192113024
2003-08-15,0.0467580846
2003-08-18,0.0462343117
2003-08-19,0.0353910792
2003-08-20,0.0249624642
2003-08-21,0.0289775368
2003-08-22,0.0219857072
2003-08-25,0.0222895141
2003-08-26,0.0185092449
2003-08-27,0.0239266114
2003-08-28,0.023673542
2003-08-29,0.0206506819
2003-09-02,0.0212249713
2003-09-03,0.0201899887
2003-09-04,0.0211663486
2003-09-05,0.018549736
2003-09-08,0.0232289544
2003-09-09,0.0236580638
2003-09-10,0.0291337493
2003-09-11,0.0234383644
2003-09-12,0.0185166381
2003-09-15,0.0169688363
2003-09-16,0.0215391926
2003-09-17,0.0222007575
2003-09-18,0.022834731
2003-09-19,0.0170707999
2003-09-22,0.0267549286
2003-09-23,0.0246297127
2003-09-24,0.0319224399
2003-09-25,0.0329739559
2003-09-26,0.02545609
2003-09-29,0.0234654589
2003-09-30,0.0220646392
2003-10-01,0.0219613254
2003-10-02,0.0264351758
2003-10-03,0.0261432509
2003-10-06,0.025002373
2003-10-07,0.0210645316
2003-10-08,0.0219126051
2003-10-09,0.0221503738
2003-10-10,0.0243511675
2003-10-13,0.023239159
2003-10-14,0.0232306648
2003-10-15,0.0223210201
2003-10-16,0.0166486721
2003-10-17,0.0189031869
2003-10-20,0.0175097615
2003-10-21,0.0222765065
2003-10-22,0.0222591443
2003-10-23,0.0215290127
2003-10-24,0.0152480646
2003-10-27,0.0212216028
2003-10-28,0.0277729716
2003-10-29,0.0192517185
2003-10-30,0.0251075626
2003-10-31,0.0182405082
2003-11-03,0.0254402145
2003-11-04,0.0179132462
2003-11-05,0.0219111325
2003-11-06,0.0251462225
2003-11-07,0.024578051
2003-11-10,0.0256467697
2003-11-11,0.024046171
2003-11-12,0.0231460356
2003-11-13,0.0218355344
2003-11-14,0.02835518
2003-11-17,0.0269376774
2003-11-18,0.0202664096
2003-11-19,0.0254961148
2003-11-20,0.0194731316
2003-11-21,0.0196355607
2003-11-24,0.0244704451
2003-11-25,0.0198737487
2003-11-26,0.0180819654
2003-11-28,0.0160672505
2003-12-01,0.0261389772
2003-12-02,0.0260321981
2003-12-03,0.0269457815
2003-12-04,0.0218700123
2003-12-05,0.0194902806
2003-12-08,0.0201671898
2003-12-09,0.019757969
2003-12-10,0.0214907309
2003-12-11,0.026396179
2003-12-12,0.0174677501
2003-12-15,0.0210573733
2003-12-16,0.0222023347
2003-12-17,0.0203502992
2003-12-18,0.0209413301
2003-12-19,0.0159094744
2003-12-22,0.0191958089
2003-12-23,0.0189498706
2003-12-24,0.0153126446
2003-12-26,0.0179956617
2003-12-29,0.0241692836
2003-12-30,0.0176098581
2003-12-31,0.0198631198
2004-01-02,0.0162124322
2004-01-05,0.0203114341
2004-01-06,0.0171237367
2004-01-07,0.0206172754
2004-01-08,0.0215968549
2004-01-09,0.0200853073
2004-01-12,0.0244572055
2004-01-13,0.0301205686
2004-01-14,0.0191691464
2004-01-15,0.0202000507
2004-01-16,0.0276897262
2004-01-20,0.0321542013
2004-01-21,0.021854754
2004-01-22,0.0251782519
2004-01-23,0.0246911577
2004-01-26,0.021404261
2004-01-27,0.022748316
2004-01-28,0.027032386
2004-01-29,0.0226951574
2004-01-30,0.0173433586
2004-02-02,0.0172781614
2004-02-03,0.0191383141
2004-02-04,0.0263097879
2004-02-05,0.0227939974
2004-02-06,0.0259992465
2004-02-09,0.0197950413
2004-02-10,0.0226367395
2004-02-11,0.0178037958
2004-02-12,0.0154071968
2004-02-13,0.017544997
2004-02-17,0.0181718116
2004-02-18,0.0172212949
2004-02-19,0.0236786791
2004-02-20,0.0171245337
2004-02-23,0.0270764454
2004-02-24,0.0210222536
2004-02-25,0.0176615213
2004-02-26,0.0206089545
2004-02-27,0.0188256743
2004-03-01,0.0213443529
2004-03-02,0.0212882697
2004-03-03,0.0159919922
2004-03-04,0.0252862875
2004-03-05,0.0199622647
2004-03-08,0.0219665005
2004-03-09,0.0205937287
2004-03-10,0.0261585302
2004-03-11,0.0184360092
2004-03-12,0.0227719025
2004-03-15,0.0234748402
2004-03-16,0.018431664
2004-03-17,0.0209146801
2004-03-18,0.0197860136
2004-03-19,0.0171886781
2004-03-22,0.0216593318
2004-03-23,0.0216916758
2004-03-24,0.0210144428
2004-03-25,0.0214467716
2004-03-26,0.0169830214
2004-03-29,0.0215557218
2004-03-30,0.0180192275
2004-03-31,0.0204398517
2004-04-01,0.0198841562
2004-04-02,0.0202235828
2004-04-05,0.016595892
2004-04-06,0.0159398843
2004-04-07,0.0208562434
2004-04-08,0.017225717
2004-04-12,0.0215706442
2004-04-13,0.0182522965
2004-04-14,0.0150386923
2004-04-15,0.0236879466
2004-04-16,0.0352358033
2004-04-19,0.0276563289
2004-04-20,0.0227550186
2004-04-21,0.0213983565
2004-04-22,0.022490816
2004-04-23,0.0147238489
2004-04-26,0.0178766347
2004-04-27,0.0214632485
2004-04-28,0.0270188694
2004-04-29,0.0214391483
2004-04-30,0.0246665529
2004-05-03,0.0239460965
2004-05-04,0.0186922826
2004-05-05,0.0148629999
2004-05-06,0.0217920851
2004-05-07,0.017254196
2004-05-10,0.0306739631
2004-05-11,0.0228220966
2004-05-12,0.0204235027
2004-05-13,0.018848712
2004-05-14,0.0192551003
2004-05-17,0.0218188952
2004-05-18,0.0192846454
2004-05-19,0.0179365203
2004-05-20,0.0183089156
2004-05-21,0.0149679471
2004-05-24,0.0223571549
2004-05-25,0.0257036981
2004-05-26,0.0188120538
2004-05-27,0.0164468538
2004-05-28,0.0152527878
2004-06-01,0.0225743047
2004-06-02,0.0192897059
2004-06-03,0.0228317865
2004-06-04,0.0197597799
2004-06-07,0.0206566775
2004-06-08,0.0168630607
2004-06-09,0.0175180562
2004-06-10,0.019135322
2004-06-14,0.0166523524
2004-06-15,0.0192614413
2004-06-16,0.0195737989
2004-06-17,0.0198894997
2004-06-18,0.01833413
2004-06-21,0.0152404161
2004-06-22,0.0166838105
2004-06-23,0.0202599137
2004-06-24,0.017759877
2004-06-25,0.0183173727
2004-06-28,0.0175882768
2004-06-29,0.0183429782
2004-06-30,0.0182743369
2004-07-01,0.0222720585
2004-07-02,0.0165927342
2004-07-06,0.0251756352
2004-07-07,0.0160590479
2004-07-08,0.021941758
2004-07-09,0.0180239803
2004-07-12,0.0199341467
2004-07-13,0.0149272177
2004-07-14,0.0192192973
2004-07-15,0.0184621472
2004-07-16,0.0192580487
2004-07-19,0.0231629214
2004-07-20,0.0196391612
2004-07-21,0.0296525524
2004-07-22,0.0237114319
2004-07-23,0.0216370414
2004-07-26,0.0207230639
2004-07-27,0.0250875519
2004-07-28,0.0217158092
2004-07-29,0.024349774
2004-07-30,0.0262665871
2004-08-02,0.0215700573
2004-08-03,0.0248751125
2004-08-04,0.0204079714
2004-08-05,0.0230656549
2004-08-06,0.0308603292
2004-08-09,0.0225029006
2004-08-10,0.0242623366
2004-08-11,0.0229909107
2004-08-12,0.0220544506
2004-08-13,0.018472253
2004-08-16,0.0215780206
2004-08-17,0.0235887698
2004-08-18,0.0240029935
2004-08-19,0.0200216711
2004-08-20,0.0215200044
2004-08-23,0.0207600988
2004-08-24,0.0178522768
2004-08-25,0.0152089939
2004-08-26,0.018799112
2004-08-27,0.0137821681
2004-08-30,0.0205050555
2004-08-31,0.0201537946
2004-09-01,0.0188988712
2004-09-02,0.0174128434
2004-09-03,0.0193091559
2004-09-07,0.0197484598
2004-09-08,0.0166007841
2004-09-09,0.0228835349
2004-09-10,0.0217902052
2004-09-13,0.0214279669
2004-09-14,0.0133722129
2004-09-15,0.0203154642
2004-09-16,0.0142352418
2004-09-17,0.0139162941
2004-09-20,0.0179881693
2004-09-21,0.0181881323
2004-09-22,0.0190363764
2004-09-23,0.0190787864
2004-09-24,0.017959733
2004-09-27,0.0203796592
2004-09-28,0.027922343
2004-09-29,0.0183993862
2004-09-30,0.016250097
2004-10-01,0.0229669849
2004-10-04,0.022423963
2004-10-05,0.0203727638
2004-10-06,0.0187094637
2004-10-07,0.0219780448
2004-10-08,0.0215915435
2004-10-11,0.0195647763
2004-10-12,0.0159012937
2004-10-13,0.023561231
2004-10-14,0.022111984
2004-10-15,0.0179069491
2004-10-18,0.0174858235
2004-10-19,0.0172730943
2004-10-20,0.0174183769
2004-10-21,0.0185683623
2004-10-22,0.0200483582
2004-10-25,0.0149992758
2004-10-26,0.0185502504
2004-10-27,0.0228926991
2004-10-28,0.0178840871
2004-10-29,0.017581737
2004-11-01,0.0168545514
2004-11-02,0.0198056145
2004-11-03,0.0214910555
2004-11-04,0.0235535258
2004-11-05,0.0196344298
2004-11-08,0.0197022212
2004-11-09,0.0146304941
2004-11-10,0.0202245887
2004-11-11,0.0198686808
2004-11-12,0.0193206565
2004-11-15,0.0198490433
2004-11-16,0.016273852
2004-11-17,0.0162963512
2004-11-18,0.0184322661
2004-11-19,0.0213910876
2004-11-22,0.0250612239
2004-11-23,0.0195768487
2004-11-24,0.0211875295
2004-11-26,0.0157449522
2004-11-29,0.020733625
2004-11-30,0.0176554276
2004-12-01,0.02193674
2004-12-02,0.0188249645
2004-12-03,0.0153160524
2004-12-06,0.0220594991
2004-12-07,0.0264193195
2004-12-08,0.0169694804
2004-12-09,0.0159269426
2004-12-10,0.0182106159
2004-12-13,0.0205181739
2004-12-14,0.0364265954
2004-12-15,0.0147801012
2004-12-16,0.019598956
2004-12-17,0.0201498564
2004-12-20,0.0164865225
2004-12-21,0.018039886
2004-12-22,0.0170064997
2004-12-23,0.0137107333
2004-12-27,0.0171564548
2004-12-28,0.0186602986
2004-12-29,0.0122161899
2004-12-30,0.0171854336
2004-12-31,0.0120434494
2005-01-03,0.0214031153
2005-01-04,0.02498932
2005-01-05,0.0215209665
2005-01-06,0.018145135
2005-01-07,0.0170846043
2005-01-10,0.0163628974
2005-01-11,0.0184697326
2005-01-12,0.0159439475
2005-01-13,0.0155278994
2005-01-14,0.0203724157
2005-01-18,0.0166153114
2005-01-19,0.0207334013
2005-01-20,0.0150047168
2005-01-21,0.0162657961
2005-01-24,0.0163127275
2005-01-25,0.0182230784
2005-01-26,0.0193182195
2005-01-27,0.0160428094
2005-01-28,0.0163701488
2005-01-31,0.0210167343
2005-02-01,0.021174394
2005-02-02,0.0201966674
2005-02-03,0.0189731166
2005-02-04,0.0231418877
2005-02-07,0.0182238777
2005-02-08,0.0192538354
2005-02-09,0.0198616837
2005-02-10,0.0207088779
2005-02-11,0.0210054001
2005-02-14,0.0191553489
2005-02-15,0.0196341355
2005-02-16,0.0240493187
2005-02-17,0.0204127509
2005-02-18,0.0163401287
2005-02-22,0.0254959233
2005-02-23,0.0155117446
2005-02-24,0.0205210143
2005-02-25,0.0211049769
2005-02-28,0.0180893365
2005-03-01,0.0283499322
2005-03-02,0.0191637865
2005-03-03,0.0230425062
2005-03-04,0.0205917055
2005-03-07,0.0166650264
2005-03-08,0.0155754602
2005-03-09,0.016973874
2005-03-10,0.0186658086
2005-03-11,0.0146812696
2005-03-14,0.0150818716
2005-03-15,0.0166785238
2005-03-16,0.0166481035
2005-03-17,0.0198855949
2005-03-18,0.0182918206
2005-03-21,0.0165506751
2005-03-22,0.0173314117
2005-03-23,0.023251572
2005-03-24,0.0172343714
2005-03-28,0.0172973723
2005-03-29,0.0226195896
2005-03-30,0.0179449909
2005-03-31,0.0215321235
2005-04-01,0.0192267565
2005-04-04,0.0144438795
2005-04-05,0.018675942
2005-04-06,0.0195464636
2005-04-07,0.0130497444
2005-04-08,0.0142157638
2005-04-11,0.0185341072
2005-04-12,0.0204294634
2005-04-13,0.0229442118
2005-04-14,0.0199776598
2005-04-15,0.0276744901
2005-04-18,0.0251769364
2005-04-19,0.0226066962
2005-04-20,0.0245118288
2005-04-21,0.0274564457
2005-04-22,0.0262492932
2005-04-25,0.021657822
2005-04-26,0.0242015898
2005-04-27,0.0207167317
2005-04-28,0.0242560958
2005-04-29,0.0220143508
2005-05-02,0.0229761759
2005-05-03,0.022871454
2005-05-04,0.0270136158
2005-05-05,0.0206456106
2005-05-06,0.0189826689
2005-05-09,0.0179002589
2005-05-10,0.0226855949
2005-05-11,0.0164143158
2005-05-12,0.0207940265
2005-05-13,0.0219880474
2005-05-16,0.0207539078
2005-05-17,0.0198268341
2005-05-18,0.0254667681
2005-05-19,0.0200891817
2005-05-20,0.0135979406
2005-05-23,0.0200456808
2005-05-24,0.0178118221
2005-05-25,0.0212526617
2005-05-26,0.0215236641
2005-05-27,0.016048799
2005-05-31,0.0174687502
2005-06-01,0.0180381193
2005-06-02,0.019684424
2005-06-03,0.017882624
2005-06-06,0.0149396249
2005-06-07,0.0194944833
2005-06-08,0.0154071875
2005-06-09,0.0203159617
2005-06-10,0.0194023072
2005-06-13,0.0208140701
2005-06-14,0.0248579888
2005-06-15,0.0188174793
2005-06-16,0.0165572884
2005-06-17,0.0184850726
2005-06-20,0.0246881323
2005-06-21,0.017037995
2005-06-22,0.0153265711
2005-06-23,0.0242755834
2005-06-24,0.0246195579
2005-06-27,0.0206466959
2005-06-28,0.0200700606
2005-06-29,0.0230269135
2005-06-30,0.0141261324
2005-07-01,0.0172435749
2005-07-05,0.020693202
2005-07-06,0.0166607235
2005-07-07,0.0144828284
2005-07-08,0.0191322054
2005-07-11,0.0184818153
2005-07-12,0.020642369
2005-07-13,0.019910414
2005-07-14,0.0192357675
2005-07-15,0.0139640989
2005-07-18,0.0169730867
2005-07-19,0.0275169408
2005-07-20,0.018579637
2005-07-21,0.016522043
2005-07-22,0.018835026
2005-07-25,0.0216566487
2005-07-26,0.0260689063
2005-07-27,0.0205432501
2005-07-28,0.0200019629
2005-07-29,0.0194096885
2005-08-01,0.0208035653
2005-08-02,0.0234168466
2005-08-03,0.0194084203
2005-08-04,0.0235953672
2005-08-05,0.0222175519
2005-08-08,0.024547974
2005-08-09,0.0174303512
2005-08-10,0.0215080425
2005-08-11,0.0185266838
2005-08-12,0.0166233385
2005-08-15,0.0196330812
2005-08-16,0.0225068818
2005-08-17,0.0205703388
2005-08-18,0.014771838
2005-08-19,0.015918132
2005-08-22,0.0158999324
2005-08-23,0.0222787749
2005-08-24,0.0202815081
2005-08-25,0.0193209636
2005-08-26,0.0187700964
2005-08-29,0.0154892804
2005-08-30,0.0289807843
2005-08-31,0.0252661467
2005-09-01,0.0220869641
2005-09-02,0.0182483671
2005-09-06,0.0185934672
2005-09-07,0.0158884895
2005-09-08,0.017771257
2005-09-09,0.0203007836
2005-09-12,0.0159898577
2005-09-13,0.0176465353
2005-09-14,0.023204731
2005-09-15,0.0186439501
2005-09-16,0.0184774278
2005-09-19,0.0249072256
2005-09-20,0.0211827947
2005-09-21,0.0234844315
2005-09-22,0.0165170465
2005-09-23,0.018038625
2005-09-26,0.0218074662
2005-09-27,0.019222356
2005-09-28,0.0187328087
2005-09-29,0.0282028003
2005-09-30,0.023296858
2005-10-03,0.0213605627
2005-10-04,0.0224384464
2005-10-05,0.0246200633
2005-10-06,0.0276301568
2005-10-07,0.0194720126
2005-10-10,0.0227961454
2005-10-11,0.0260972768
2005-10-12,0.0276936134
2005-10-13,0.02026198
2005-10-14,0.0202210732
2005-10-17,0.0187587486
2005-10-18,0.020752656
2005-10-19,0.0248390923
2005-10-20,0.0230407398
2005-10-21,0.019146809
2005-10-24,0.0225500639
2005-10-25,0.0200346305
2005-10-26,0.0165993618
2005-10-27,0.0219123731
2005-10-28,0.0260821975
2005-10-31,0.0245848527
2005-11-01,0.0228490651
2005-11-02,0.0251137912
2005-11-03,0.0193016499
2005-11-04,0.0220661171
2005-11-07,0.0224007624
2005-11-08,0.0205468805
2005-11-09,0.0194780719
2005-11-10,0.0221830283
2005-11-11,0.0202169393
2005-11-14,0.0175564624
2005-11-15,0.0250583174
2005-11-16,0.0209608736
2005-11-17,0.0275122847
2005-11-18,0.0188874809
2005-11-21,0.0230775144
2005-11-22,0.02030412
2005-11-23,0.0169940474
2005-11-25,0.012361081
2005-11-28,0.0191448189
2005-11-29,0.0226204898
2005-11-30,0.016861419
2005-12-01,0.0269538543
2005-12-02,0.0180532007
2005-12-05,0.0191711268
2005-12-06,0.0171348134
2005-12-07,0.0125486186
2005-12-08,0.0173065503
2005-12-09,0.0166246441
2005-12-12,0.0153019722
2005-12-13,0.018061648
2005-12-14,0.0146862687
2005-12-15,0.0191193681
2005-12-16,0.0197267278
2005-12-19,0.0182854687
2005-12-20,0.0146656116
2005-12-21,0.0178411599
2005-12-22,0.017831702
2005-12-23,0.011553703
2005-12-27,0.0171307212
2005-12-28,0.0166274621
2005-12-29,0.0204626143
2005-12-30,0.0172271529
2006-01-03,0.0231138781
2006-01-04,0.0198462991
2006-01-05,0.0235017723
2006-01-06,0.0144295445
2006-01-09,0.0179361255
2006-01-10,0.0193911544
2006-01-11,0.0202465059
2006-01-12,0.0226172738
2006-01-13,0.0149645399
2006-01-17,0.0235955767
2006-01-18,0.0156417849
2006-01-19,0.021248922
2006-01-20,0.0217385036
2006-01-23,0.0256375401
2006-01-24,0.0210752954
2006-01-25,0.0201912566
2006-01-26,0.0244166652
2006-01-27,0.0163859008
2006-01-30,0.030413668
2006-01-31,0.0254456405
2006-02-01,0.0291243541
2006-02-02,0.0217352632
2006-02-03,0.0204468786
2006-02-06,0.0177990847
2006-02-07,0.0244139077
2006-02-08,0.019788411
2006-02-09,0.0196480438
2006-02-10,0.0192938766
2006-02-13,0.0188976435
2006-02-14,0.018729769
2006-02-15,0.0182124986
2006-02-16,0.0220984928
2006-02-17,0.0155917321
2006-02-21,0.0211360351
2006-02-22,0.0185365499
2006-02-23,0.0159264121
2006-02-24,0.0203375633
2006-02-27,0.0228077767
2006-02-28,0.0200003206
2006-03-01,0.0255228767
2006-03-02,0.0146262506
2006-03-03,0.0146860056
2006-03-06,0.0181402821
2006-03-07,0.0212622843
2006-03-08,0.020232315
2006-03-09,0.0166041314
2006-03-10,0.0169048036
2006-03-13,0.0159747947
2006-03-14,0.0184181929
2006-03-15,0.0162364186
2006-03-16,0.0223338585
2006-03-17,0.0163760133
2006-03-20,0.0196222681
2006-03-21,0.0189092498
2006-03-22,0.0169082976
2006-03-23,0.0200290304
2006-03-24,0.0174576314
2006-03-27,0.0178281831
2006-03-28,0.0197170451
2006-03-29,0.0309457069
2006-03-30,0.0177586637
2006-03-31,0.0138754102
2006-04-03,0.0163435381
2006-04-04,0.0144319284
2006-04-05,0.0195257076
2006-04-06,0.0174926626
2006-04-07,0.0177160518
2006-04-10,0.0213997202
2006-04-11,0.0244176276
2006-04-12,0.0194078499
2006-04-13,0.0168177986
2006-04-17,0.0227306903
2006-04-18,0.0279911998
2006-04-19,0.0214652766
2006-04-20,0.0225034738
2006-04-21,0.0200441287
2006-04-24,0.0223891259
2006-04-25,0.0198766111
2006-04-26,0.0227635265
2006-04-27,0.0218233091
2006-04-28,0.0181194827
2006-05-01,0.0185177677
2006-05-02,0.0234525625
2006-05-03,0.018809478
2006-05-04,0.0225352586
2006-05-05,0.0190017535
2006-05-08,0.0200844567
2006-05-09,0.0166079207
2006-05-10,0.0202696756
2006-05-11,0.0302774316
2006-05-12,0.0284889645
2006-05-15,0.0293331745
2006-05-16,0.0185573607
2006-05-17,0.0212278981
2006-05-18,0.0244931048
2006-05-19,0.0211290315
2006-05-22,0.0269296819
2006-05-23,0.0270512999
2006-05-24,0.0232466957
2006-05-25,0.0265085992
2006-05-26,0.0163696226
2006-05-30,0.0217888864
2006-05-31,0.020927144
2006-06-01,0.0216232662
2006-06-02,0.0189490128
2006-06-05,0.023387472
2006-06-06,0.0186407112
2006-06-07,0.0181919117
2006-06-08,0.0206810729
2006-06-09,0.014458047
2006-06-12,0.0323375853
2006-06-13,0.0299710487
2006-06-14,0.0249116891
2006-06-15,0.0411228971
2006-06-16,0.0187908667
2006-06-19,0.0264617919
2006-06-20,0.0180273587
2006-06-21,0.021365495
2006-06-22,0.0187140896
2006-06-23,0.0205039224
2006-06-26,0.0153225283
2006-06-27,0.0189578655
2006-06-28,0.0239034778
2006-06-29,0.0315242883
2006-06-30,0.0303956771
2006-07-03,0.0173373532
2006-07-05,0.0199259545
2006-07-06,0.0164478714
2006-07-07,0.0211657448
2006-07-10,0.0196905872
2006-07-11,0.0166663291
2006-07-12,0.0181529449
2006-07-13,0.0232540855
2006-07-14,0.0173928713
2006-07-17,0.0166862506
2006-07-18,0.0209833278
2006-07-19,0.0279782097
2006-07-20,0.0243818484
2006-07-21,0.0291282497
2006-07-24,0.0289220248
2006-07-25,0.0253015074
2006-07-26,0.0230634946
2006-07-27,0.020155976
2006-07-28,0.0205552518
2006-07-31,0.0195829811
2006-08-01,0.0204039872
2006-08-02,0.0201009239
2006-08-03,0.0202281122
2006-08-04,0.0181291999
2006-08-07,0.0157156804
2006-08-08,0.0182408929
2006-08-09,0.0171670046
2006-08-10,0.0203234493
2006-08-11,0.0165827924
2006-08-14,0.0221432803
2006-08-15,0.0217104697
2006-08-16,0.0230010974
2006-08-17,0.0176771121
2006-08-18,0.01419893
2006-08-21,0.0171610088
2006-08-22,0.016084909
2006-08-23,0.0165274282
2006-08-24,0.0153399136
2006-08-25,0.0142021026
2006-08-28,0.0153261811
2006-08-29,0.0146733145
2006-08-30,0.020768224
2006-08-31,0.0149392758
2006-09-01,0.0168023187
2006-09-05,0.0208775596
2006-09-06,0.0251239158
2006-09-07,0.0164451042
2006-09-08,0.0147408056
2006-09-11,0.0247102047
2006-09-12,0.0214211851
2006-09-13,0.0156647449
2006-09-14,0.015743809
2006-09-15,0.0160209678
2006-09-18,0.0184797427
2006-09-19,0.0190462237
2006-09-20,0.0194815449
2006-09-21,0.0185716839
2006-09-22,0.018604249
2006-09-25,0.0223532022
2006-09-26,0.0168796658
2006-09-27,0.0254643218
2006-09-28,0.0213868716
2006-09-29,0.0261019546
2006-10-02,0.0228995662
2006-10-03,0.0240826378
2006-10-04,0.021325376
2006-10-05,0.0182350082
2006-10-06,0.0169977682
2006-10-09,0.0165731411
2006-10-10,0.016437049
2006-10-11,0.0190505144
2006-10-12,0.020814842
2006-10-13,0.014807942
2006-10-16,0.0224477264
2006-10-17,0.0150342108
2006-10-18,0.0188745027
2006-10-19,0.0200207651
2006-10-20,0.0174207201
2006-10-23,0.0130992439
2006-10-24,0.0171835723
2006-10-25,0.0196665854
2006-10-26,0.016447779
2006-10-27,0.0188490257
2006-10-30,0.0172995732
2006-10-31,0.0156127645
2006-11-01,0.021340883
2006-11-02,0.0159326981
2006-11-03,0.0193242636
2006-11-06,0.021310792
2006-11-07,0.0205051919
2006-11-08,0.0213946331
2006-11-09,0.0171751387
2006-11-10,0.0233437555
2006-11-13,0.0166003186
2006-11-14,0.0167125908
2006-11-15,0.0208464679
2006-11-16,0.0186743576
2006-11-17,0.016990534
2006-11-20,0.0127760213
2006-11-21,0.0158204461
2006-11-22,0.0162780142
2006-11-24,0.0119114177
2006-11-27,0.0232032438
2006-11-28,0.018483633
2006-11-29,0.0238561862
2006-11-30,0.0188850957
2006-12-01,0.0154125833
2006-12-04,0.0199409962
2006-12-05,0.0180360674
2006-12-06,0.0158354406
2006-12-07,0.0144545441
2006-12-08,0.0105993635
2006-12-11,0.0144461434
2006-12-12,0.0147158837
2006-12-13,0.0139715789
2006-12-14,0.0154233024
2006-12-15,0.0151056998
2006-12-18,0.0185264171
2006-12-19,0.0148693584
2006-12-20,0.0168930408
2006-12-21,0.0151378727
2006-12-22,0.0127713621
2006-12-26,0.0152181336
2006-12-27,0.0197828222
2006-12-28,0.0143430566
2006-12-29,0.0190160671
2007-01-03,0.0245902016
2007-01-04,0.017681506
2007-01-05,0.0165117788
2007-01-08,0.0166103365
2007-01-09,0.0210022123
2007-01-10,0.017949186
2007-01-11,0.0157586508
2007-01-12,0.0174650605
2007-01-16,0.016043555
2007-01-17,0.0147481294
2007-01-18,0.0173204268
2007-01-19,0.0168785782
2007-01-22,0.0208088543
2007-01-23,0.0194825037
2007-01-24,0.0185841415
2007-01-25,0.0198857687
2007-01-26,0.0177917056
2007-01-29,0.0189162551
2007-01-30,0.0166063699
2007-01-31,0.0133456665
2007-02-01,0.0177430212
2007-02-02,0.0140440252
2007-02-05,0.0185945239
2007-02-06,0.0180477791
2007-02-07,0.0174136633
2007-02-08,0.0146572064
2007-02-09,0.0181902509
2007-02-12,0.0180791398
2007-02-13,0.0143533431
2007-02-14,0.0204001536
2007-02-15,0.0150772188
2007-02-16,0.0137923939
2007-02-20,0.0186720449
2007-02-21,0.019119815
2007-02-22,0.020721104
2007-02-23,0.0190426456
2007-02-26,0.0213940657
2007-02-27,0.0378897196
2007-02-28,0.0196934548
2007-03-01,0.0197073077
2007-03-02,0.0194573837
2007-03-05,0.026660446
2007-03-06,0.0255437269
2007-03-07,0.0176089346
2007-03-08,0.0208286963
2007-03-09,0.0180856689
2007-03-12,0.0207315771
2007-03-13,0.0238520589
2007-03-14,0.0254944014
2007-03-15,0.017310077
2007-03-16,0.0160465773
2007-03-19,0.0191617515
2007-03-20,0.015519345
2007-03-21,0.0160849223
2007-03-22,0.0197443914
2007-03-23,0.0165711737
2007-03-26,0.0137298719
2007-03-27,0.0146757636
2007-03-28,0.0183951067
2007-03-29,0.0214496449
2007-03-30,0.0167865655
2007-04-02,0.0166198264
2007-04-03,0.0198236668
2007-04-04,0.0187400772
2007-04-05,0.012999777
2007-04-09,0.0174102038
2007-04-10,0.0197987138
2007-04-11,0.0152124278
2007-04-12,0.0198071191
2007-04-13,0.018513788
2007-04-16,0.0259458338
2007-04-17,0.0198535949
2007-04-18,0.0200183427
2007-04-19,0.0184886311
2007-04-20,0.0187641383
2007-04-23,0.0171275431
2007-04-24,0.0150570463
2007-04-25,0.0172341759
2007-04-26,0.0181707645
2007-04-27,0.0185658453
2007-04-30,0.0226355806
2007-05-01,0.0198269405
2007-05-02,0.0192364367
2007-05-03,0.0167091478
2007-05-04,0.0174841781
2007-05-07,0.0170126299
2007-05-08,0.0156847411
2007-05-09,0.0176263757
2007-05-10,0.0181740342
2007-05-11,0.0190276448
2007-05-14,0.0169407719
2007-05-15,0.0194410612
2007-05-16,0.0171818422
2007-05-17,0.0166662045
2007-05-18,0.0186588826
2007-05-21,0.0208358278
2007-05-22,0.0191877854
2007-05-23,0.0178087508
2007-05-24,0.0186963342
2007-05-25,0.0188413457
2007-05-29,0.01521056
2007-05-30,0.0192817873
2007-05-31,0.0206029856
2007-06-01,0.0204686232
2007-06-04,0.0138046258
2007-06-05,0.0207234086
2007-06-06,0.018603092
2007-06-07,0.0177304398
2007-06-08,0.0148600411
2007-06-11,0.0176802596
2007-06-12,0.016251976
2007-06-13,0.018399426
2007-06-14,0.0180674072
2007-06-15,0.0212254836
2007-06-18,0.0159580088
2007-06-19,0.018938665
2007-06-20,0.0201266341
2007-06-21,0.0205243448
2007-06-22,0.0230680533
2007-06-25,0.0185420441
2007-06-26,0.0210600834
2007-06-27,0.0211341523
2007-06-28,0.0224231017
2007-06-29,0.0180944115
2007-07-02,0.019920297
2007-07-03,0.0147455945
2007-07-05,0.0174418278
2007-07-06,0.0165357194
2007-07-09,0.0264557214
2007-07-10,0.0228740032
2007-07-11,0.0181028399
2007-07-12,0.0236113352
2007-07-13,0.0160788796
2007-07-16,0.0221687346
2007-07-17,0.0180800558
2007-07-18,0.0186283816
2007-07-19,0.0209836102
2007-07-20,0.0153619522
2007-07-23,0.0184604228
2007-07-24,0.0240600546
2007-07-25,0.0205920116
2007-07-26,0.0270433832
2007-07-27,0.0230732467
2007-07-30,0.0237466956
2007-07-31,0.028215572
2007-08-01,0.0269580705
2007-08-02,0.0205008639
2007-08-03,0.0287908585
2007-08-06,0.0339684674
2007-08-07,0.037115581
2007-08-08,0.0453459001
2007-08-09,0.0331595675
2007-08-10,0.0407048009
2007-08-13,0.0304913509
2007-08-14,0.0241517937
2007-08-15,0.0221302732
2007-08-16,0.0366614843
2007-08-17,0.0225500541
2007-08-20,0.0228631485
2007-08-21,0.017156158
2007-08-22,0.0200004392
2007-08-23,0.0182038401
2007-08-24,0.0148907644
2007-08-27,0.0194220504
2007-08-28,0.021104376
2007-08-29,0.023655296
2007-08-30,0.0179215555
2007-08-31,0.0187485071
2007-09-04,0.0219717188
2007-09-05,0.0183661919
2007-09-06,0.0154842994
2007-09-07,0.0212494381
2007-09-10,0.0174948071
2007-09-11,0.0228189377
2007-09-12,0.020207186
2007-09-13,0.0152676963
2007-09-14,0.017088706
2007-09-17,0.0145126824
2007-09-18,0.0300109136
2007-09-19,0.0198706587
2007-09-20,0.0239152326
2007-09-21,0.0231469751
2007-09-24,0.0244177048
2007-09-25,0.0241034595
2007-09-26,0.0218277093
2007-09-27,0.0258302672
2007-09-28,0.0218807974
2007-10-01,0.0244519088
2007-10-02,0.0211205153
2007-10-03,0.020330457
2007-10-04,0.0191280764
2007-10-05,0.0216650844
2007-10-08,0.0174173415
2007-10-09,0.0196671519
2007-10-10,0.0163861264
2007-10-11,0.0206599042
2007-10-12,0.0205431426
2007-10-15,0.0191420593
2007-10-16,0.0174356642
2007-10-17,0.019875618
2007-10-18,0.0184770914
2007-10-19,0.0262341663
2007-10-22,0.0228932994
2007-10-23,0.0213455705
2007-10-24,0.0185417474
2007-10-25,0.0208288091
2007-10-26,0.0231184129
2007-10-29,0.0232179919
2007-10-30,0.0205499897
2007-10-31,0.0253629534
2007-11-01,0.0283985548
2007-11-02,0.0252258932
2007-11-05,0.0227569481
2007-11-06,0.0326991636
2007-11-07,0.0263658924
2007-11-08,0.0342426777
2007-11-09,0.0341632145
2007-11-12,0.0375010761
2007-11-13,0.0280672223
2007-11-14,0.0240645603
2007-11-15,0.0214742546
2007-11-16,0.0240371516
2007-11-19,0.0344556477
2007-11-20,0.0254630377
2007-11-21,0.024615353
2007-11-23,0.0210539289
2007-11-26,0.0279283241
2007-11-27,0.0234998544
2007-11-28,0.0308979949
2007-11-29,0.030710517
2007-11-30,0.0206173801
2007-12-03,0.0271926242
2007-12-04,0.0230788568
2007-12-05,0.0244543651
2007-12-06,0.030566881
2007-12-07,0.0269756748
2007-12-10,0.0209383539
2007-12-11,0.031699599
2007-12-12,0.025220163
2007-12-13,0.0266230131
2007-12-14,0.0235967873
2007-12-17,0.0302522872
2007-12-18,0.0300845057
2007-12-19,0.0226810639
2007-12-20,0.0244880765
2007-12-21,0.0310755742
2007-12-24,0.0275338987
2007-12-26,0.0256540105
2007-12-27,0.0315612504
2007-12-28,0.027503995
2007-12-31,0.0216885924
2008-01-02,0.027358894
2008-01-03,0.0268269283
2008-01-04,0.0332743473
2008-01-07,0.0303618953
2008-01-08,0.0296054633
2008-01-09,0.0288721826
2008-01-10,0.020231647
2008-01-11,0.0288095837
2008-01-14,0.0214739769
2008-01-15,0.0352862943
2008-01-16,0.0338280525
2008-01-17,0.036128793
2008-01-18,0.0300217172
2008-01-22,0.0268100875
2008-01-23,0.0360463565
2008-01-24,0.0310385898
2008-01-25,0.0256569098
2008-01-28,0.0259710973
2008-01-29,0.0226554204
2008-01-30,0.0209639368
2008-01-31,0.0244728418
2008-02-01,0.0253638877
2008-02-04,0.027900383
2008-02-05,0.0296592965
2008-02-06,0.0235189408
2008-02-07,0.0326074091
2008-02-08,0.0214361482
2008-02-11,0.0288275716
2008-02-12,0.0254796897
2008-02-13,0.033071015
2008-02-14,0.0260225829
2008-02-15,0.0204172725
2008-02-19,0.0226358862
2008-02-20,0.0227898058
2008-02-21,0.0233558995
2008-02-22,0.0213732252
2008-02-25,0.0261974163
2008-02-26,0.0229409357
2008-02-27,0.0290061224
2008-02-28,0.0247963054
2008-02-29,0.025010596
2008-03-03,0.0250939137
2008-03-04,0.0242662485
2008-03-05,0.0261818899
2008-03-06,0.0294813328
2008-03-07,0.0248707639
2008-03-10,0.0365135479
2008-03-11,0.0346023222
2008-03-12,0.0251717235
2008-03-13,0.0253837703
2008-03-14,0.0269795657
2008-03-17,0.0342324746
2008-03-18,0.0389258495
2008-03-19,0.0362920798
2008-03-20,0.0335481854
2008-03-24,0.0319519017
2008-03-25,0.036181717
2008-03-26,0.0221011945
2008-03-27,0.0366613179
2008-03-28,0.0286096992
2008-03-31,0.0244767136
2008-04-01,0.0260812226
2008-04-02,0.0276797089
2008-04-03,0.0245939719
2008-04-04,0.0261056646
2008-04-07,0.0250588511
2008-04-08,0.0161618878
2008-04-09,0.0221078227
2008-04-10,0.0237034647
2008-04-11,0.0274397001
2008-04-14,0.0241559609
2008-04-15,0.0218311544
2008-04-16,0.0303277121
2008-04-17,0.0204137429
2008-04-18,0.0226083073
2008-04-21,0.0195493291
2008-04-22,0.0290262235
2008-04-23,0.0244322614
2008-04-24,0.0211754096
2008-04-25,0.0251225792
2008-04-28,0.0241221857
2008-04-29,0.0205169204
2008-04-30,0.0201727019
2008-05-01,0.0253116913
2008-05-02,0.024987928
2008-05-05,0.0243027585
2008-05-06,0.0275586451
2008-05-07,0.0268890047
2008-05-08,0.0308745117
2008-05-09,0.0223444804
2008-05-12,0.0262833842
2008-05-13,0.0331766312
2008-05-14,0.0288738706
2008-05-15,0.0226683402
2008-05-16,0.0226731908
2008-05-19,0.0377775505
2008-05-20,0.0254433876
2008-05-21,0.0244670069
2008-05-22,0.0270531693
2008-05-23,0.0238428446
2008-05-27,0.0240869863
2008-05-28,0.0255307011
2008-05-29,0.0257913896
2008-05-30,0.0272992617
2008-06-02,0.0228491246
2008-06-03,0.0207854526
2008-06-04,0.0211531284
2008-06-05,0.0310045667
2008-06-06,0.0292614626
2008-06-09,0.031715457
2008-06-10,0.0280757597
2008-06-11,0.0257929245
2008-06-12,0.0246495155
2008-06-13,0.023559661
2008-06-16,0.0310042267
2008-06-17,0.0252681928
2008-06-18,0.0242720867
2008-06-19,0.027614768
2008-06-20,0.0264119004
2008-06-23,0.0328469161
2008-06-24,0.0260216828
2008-06-25,0.0255719973
2008-06-26,0.0380894872
2008-06-27,0.0392506692
2008-06-30,0.0368290531
2008-07-01,0.0335807954
2008-07-02,0.0336975685
2008-07-03,0.0275196295
2008-07-07,0.0274297262
2008-07-08,0.0311172175
2008-07-09,0.0263528748
2008-07-10,0.0275005985
2008-07-11,0.0257337707
2008-07-14,0.0280440308
2008-07-15,0.0256017612
2008-07-16,0.0403242246
2008-07-17,0.0353582991
2008-07-18,0.0257600354
2008-07-21,0.0270074514
2008-07-22,0.0397458381
2008-07-23,0.0300776921
2008-07-24,0.0320991322
2008-07-25,0.0268247374
2008-07-28,0.0239838484
2008-07-29,0.0338732027
2008-07-30,0.0246166927
2008-07-31,0.0265794951
2008-08-01,0.0228226005
2008-08-04,0.0296517172
2008-08-05,0.0288633266
2008-08-06,0.0345424918
2008-08-07,0.029115992
2008-08-08,0.0354161134
2008-08-11,0.0348747578
2008-08-12,0.0274022461
2008-08-13,0.0310561051
2008-08-14,0.0215628642
2008-08-15,0.0309923418
2008-08-18,0.0240500737
2008-08-19,0.0287816207
2008-08-20,0.0256526169
2008-08-21,0.0181521879
2008-08-22,0.0203631633
2008-08-25,0.02147516
2008-08-26,0.0227882438
2008-08-27,0.0185635973
2008-08-28,0.0221064694
2008-08-29,0.020565218
2008-09-02,0.0262945514
2008-09-03,0.0282820238
2008-09-04,0.0320267292
2008-09-05,0.0234143375
2008-09-08,0.0260758044
2008-09-09,0.0511965921
2008-09-10,0.0357256803
2008-09-11,0.0241150362
2008-09-12,0.0274685075
2008-09-15,0.0439535331
2008-09-16,0.0409421491
2008-09-17,0.0459551117
2008-09-18,0.0641663445
2008-09-19,0.0686689311
2008-09-22,0.0440047903
2008-09-23,0.0324355927
2008-09-24,0.0326506316
2008-09-25,0.0233506113
2008-09-26,0.0383970482
2008-09-29,0.1137331811
2008-09-30,0.0595979249
2008-10-01,0.0429160283
2008-10-02,0.0510570194
2008-10-03,0.03358255
2008-10-06,0.0575412993
2008-10-07,0.0594333356
2008-10-08,0.0545168874
2008-10-09,0.0593492361
2008-10-10,0.0814739717
2008-10-13,0.0941792062
2008-10-14,0.0512905995
2008-10-15,0.0712750839
2008-10-16,0.0631380333
2008-10-17,0.0428809106
2008-10-20,0.0501465087
2008-10-21,0.0351784525
2008-10-22,0.0500394941
2008-10-23,0.0505145265
2008-10-24,0.0481642832
2008-10-27,0.0479287645
2008-10-28,0.0596242632
2008-10-29,0.0654942129
2008-10-30,0.0557426197
2008-10-31,0.0532737785
2008-11-03,0.0578106938
2008-11-04,0.0609433528
2008-11-05,0.0571811571
2008-11-06,0.051274805
2008-11-07,0.0421451171
2008-11-10,0.0420876677
2008-11-11,0.0480811133
2008-11-12,0.0619326776
2008-11-13,0.0755909557
2008-11-14,0.0541077705
2008-11-17,0.0389382688
2008-11-18,0.0442445322
2008-11-19,0.0626858774
2008-11-20,0.0792820019
2008-11-21,0.0760381431
2008-11-24,0.0881300348
2008-11-25,0.0454877745
2008-11-26,0.0687766295
2008-11-28,0.0397195206
2008-12-01,0.0823070232
2008-12-02,0.0571947449
2008-12-03,0.0553970158
2008-12-04,0.0538444776
2008-12-05,0.0467584453
2008-12-08,0.0659948569
2008-12-09,0.0472421064
2008-12-10,0.0438759209
2008-12-11,0.0421804916
2008-12-12,0.0460080257
2008-12-15,0.0342447734
2008-12-16,0.0470879853
2008-12-17,0.0460791564
2008-12-18,0.039944762
2008-12-19,0.0479988033
2008-12-22,0.0419505935
2008-12-23,0.033247648
2008-12-24,0.0230513729
2008-12-26,0.032341872
2008-12-29,0.0548872225
2008-12-30,0.0555462345
2008-12-31,0.0517206494
2009-01-02,0.050132886
2009-01-05,0.04522358
2009-01-06,0.04928527
2009-01-07,0.0426266772
2009-01-08,0.0413320149
2009-01-09,0.0367381804
2009-01-12,0.0455933666
2009-01-13,0.0316838514
2009-01-14,0.0402698891
2009-01-15,0.0403415058
2009-01-16,0.0297186188
2009-01-20,0.045768928
2009-01-21,0.0515082785
2009-01-22,0.0375097736
2009-01-23,0.0335764782
2009-01-26,0.0312113501
2009-01-27,0.0245565202
2009-01-28,0.0355858377
2009-01-29,0.0315754553
2009-01-30,0.031140764
2009-02-02,0.0354836628
2009-02-03,0.0299179714
2009-02-04,0.0323492663
2009-02-05,0.0322279834
2009-02-06,0.03719491
2009-02-09,0.0292809303
2009-02-10,0.0370035327
2009-02-11,0.0251752979
2009-02-12,0.0257887377
2009-02-13,0.0252209527
2009-02-17,0.040202244
2009-02-18,0.0321931649
2009-02-19,0.0349467655
2009-02-20,0.0356137419
2009-02-23,0.0442353284
2009-02-24,0.0524888717
2009-02-25,0.0437506395
2009-02-26,0.0326868303
2009-02-27,0.0408792235
2009-03-02,0.0558216519
2009-03-03,0.0422871221
2009-03-04,0.0428720348
2009-03-05,0.0530133704
2009-03-06,0.0404122962
2009-03-09,0.042907395
2009-03-10,0.0695650248
2009-03-11,0.0424566342
2009-03-12,0.0536156061
2009-03-13,0.0335476371
2009-03-16,0.0393123787
2009-03-17,0.0481905922
2009-03-18,0.0349610843
2009-03-19,0.0388789141
2009-03-20,0.0440779198
2009-03-23,0.0702181561
2009-03-24,0.0314653357
2009-03-25,0.0384486067
2009-03-26,0.0627130911
2009-03-27,0.049046636
2009-03-30,0.0439570074
2009-03-31,0.0787617603
2009-04-01,0.0425810739
2009-04-02,0.05357602
2009-04-03,0.0296916645
2009-04-06,0.0317513154
2009-04-07,0.0390411286
2009-04-08,0.0284794271
2009-04-09,0.0440708994
2009-04-13,0.0346960094
2009-04-14,0.0311882367
2009-04-15,0.0264247632
2009-04-16,0.0382380264
2009-04-17,0.0372113381
2009-04-20,0.0472070711
2009-04-21,0.0377493022
2009-04-22,0.0337919329
2009-04-23,0.0274397211
2009-04-24,0.032219095
2009-04-27,0.0325043745
2009-04-28,0.0296569478
2009-04-29,0.0377121671
2009-04-30,0.035180715
2009-05-01,0.0284759477
2009-05-04,0.049000549
2009-05-05,0.0362513569
2009-05-06,0.0356050662
2009-05-07,0.0444353152
2009-05-08,0.0488232878
2009-05-11,0.0307157584
2009-05-12,0.0314419313
2009-05-13,0.0390204474
2009-05-14,0.0271720618
2009-05-15,0.022384663
2009-05-18,0.0348603225
2009-05-19,0.0339980075
2009-05-20,0.0291577717
2009-05-21,0.0274220819
2009-05-22,0.0205060216
2009-05-26,0.0382010393
2009-05-27,0.0291934136
2009-05-28,0.0267862806
2009-05-29,0.0350814951
2009-06-01,0.0398263565
2009-06-02,0.0296390601
2009-06-03,0.0281757105
2009-06-04,0.0312843344
2009-06-05,0.0289936754
2009-06-08,0.0392343765
2009-06-09,0.0310978698
2009-06-10,0.0295482759
2009-06-11,0.0415758237
2009-06-12,0.0258584078
2009-06-15,0.0317402107
2009-06-16,0.0320773036
2009-06-17,0.0244515051
2009-06-18,0.0250043796
2009-06-19,0.0256746376
2009-06-22,0.0484036933
2009-06-23,0.0304071382
2009-06-24,0.0276394604
2009-06-25,0.0320808469
2009-06-26,0.047824382
2009-06-29,0.0397629138
2009-06-30,0.0227526673
2009-07-01,0.0248117016
2009-07-02,0.0270814416
2009-07-06,0.0320241996
2009-07-07,0.0240734333
2009-07-08,0.0303949113
2009-07-09,0.0212078628
2009-07-10,0.0197973349
2009-07-13,0.024004922
2009-07-14,0.0234727713
2009-07-15,0.0324044205
2009-07-16,0.0240763395
2009-07-17,0.0188205896
2009-07-20,0.0236853498
2009-07-21,0.024853783
2009-07-22,0.0176705204
2009-07-23,0.0296751501
2009-07-24,0.0277608401
2009-07-27,0.0211063881
2009-07-28,0.0273461908
2009-07-29,0.0220054589
2009-07-30,0.0273254972
2009-07-31,0.0238128122
2009-08-03,0.0271717828
2009-08-04,0.0163602082
2009-08-05,0.024472539
2009-08-06,0.0319439027
2009-08-07,0.0245329454
2009-08-10,0.0326586272
2009-08-11,0.0280634028
2009-08-12,0.0231764045
2009-08-13,0.0227282034
2009-08-14,0.0224062967
2009-08-17,0.0262963029
2009-08-18,0.0265297615
2009-08-19,0.0230129749
2009-08-20,0.019914081
2009-08-21,0.0259508527
2009-08-24,0.0205639625
2009-08-25,0.0176491139
2009-08-26,0.0163970355
2009-08-27,0.0179415537
2009-08-28,0.0197775459
2009-08-31,0.0221429714
2009-09-01,0.0235385222
2009-09-02,0.0158408871
2009-09-03,0.0211606162
2009-09-04,0.0166142162
2009-09-08,0.0297020363
2009-09-09,0.0206150072
2009-09-10,0.025573118
2009-09-11,0.0223159412
2009-09-14,0.0178919954
2009-09-15,0.0228332822
2009-09-16,0.0221038133
2009-09-17,0.0225702688
2009-09-18,0.0202311961
2009-09-21,0.0224606486
2009-09-22,0.0266039122
2009-09-23,0.0217328376
2009-09-24,0.0273532056
2009-09-25,0.0262396297
2009-09-28,0.0252840721
2009-09-29,0.0195337339
2009-09-30,0.0186211082
2009-10-01,0.0299976054
2009-10-02,0.0193920274
2009-10-05,0.0194105641
2009-10-06,0.0208966306
2009-10-07,0.0143570764
2009-10-08,0.0205260689
2009-10-09,0.0163555258
2009-10-12,0.0177682894
2009-10-13,0.0189770631
2009-10-14,0.0229912425
2009-10-15,0.0202896103
2009-10-16,0.017619487
2009-10-19,0.0187173816
2009-10-20,0.0178952164
2009-10-21,0.0183319409
2009-10-22,0.0165347465
2009-10-23,0.0259492699
2009-10-26,0.0234265902
2009-10-27,0.0234354912
2009-10-28,0.0375024703
2009-10-29,0.0355822341
2009-10-30,0.0287578575
2009-11-02,0.0220168981
2009-11-03,0.029034834
2009-11-04,0.0241155139
2009-11-05,0.0351924769
2009-11-06,0.0203865101
2009-11-09,0.0244282289
2009-11-10,0.0207797887
2009-11-11,0.0175118559
2009-11-12,0.0210067818
2009-11-13,0.0226598465
2009-11-16,0.0277997728
2009-11-17,0.0192631581
2009-11-18,0.0165298645
2009-11-19,0.0225560493
2009-11-20,0.0182469041
2009-11-23,0.017994199
2009-11-24,0.0167691611
2009-11-25,0.0232265756
2009-11-27,0.0211491573
2009-11-30,0.0223191003
2009-12-01,0.0289919579
2009-12-02,0.0222704578
2009-12-03,0.0197469024
2009-12-04,0.0236209033
2009-12-07,0.0214048167
2009-12-08,0.0191694102
2009-12-09,0.0194593758
2009-12-10,0.0224121835
2009-12-11,0.0167558983
2009-12-14,0.0257205454
2009-12-15,0.0199760731
2009-12-16,0.0200915268
2009-12-17,0.0184126981
2009-12-18,0.0252178987
2009-12-21,0.0265700465
2009-12-22,0.021863774
2009-12-23,0.0174989994
2009-12-24,0.0113657365
2009-12-28,0.023068777
2009-12-29,0.0261965355
2009-12-30,0.0167754573
2009-12-31,0.0148327989
2010-01-04,0.0242971017
2010-01-05,0.023594489
2010-01-06,0.0211269839
2010-01-07,0.0176931937
2010-01-08,0.0242231025
2010-01-11,0.022873828
2010-01-12,0.0251524746
2010-01-13,0.0196600583
2010-01-14,0.0190924036
2010-01-15,0.0227310354
2010-01-19,0.0190731703
2010-01-20,0.0214666132
2010-01-21,0.0232961719
2010-01-22,0.0253312084
2010-01-25,0.020229569
2010-01-26,0.0186094903
2010-01-27,0.0183803036
2010-01-28,0.0192056528
2010-01-29,0.0211248084
2010-02-01,0.0240757623
2010-02-02,0.0196840744
2010-02-03,0.0163890107
2010-02-04,0.0315570318
2010-02-05,0.0228423604
2010-02-08,0.0210487019
2010-02-09,0.0216058386
2010-02-10,0.0207801469
2010-02-11,0.0217818735
2010-02-12,0.0170240211
2010-02-16,0.0241145547
2010-02-17,0.0191398161
2010-02-18,0.0176960862
2010-02-19,0.0201344642
2010-02-22,0.0202877315
2010-02-23,0.019606265
2010-02-24,0.0156625313
2010-02-25,0.017682405
2010-02-26,0.0205025712
2010-03-01,0.0210362984
2010-03-02,0.018673802
2010-03-03,0.0160485791
2010-03-04,0.0153311447
2010-03-05,0.0206943726
2010-03-08,0.0152662368
2010-03-09,0.0175765065
2010-03-10,0.0180457722
2010-03-11,0.0192366008
2010-03-12,0.0191061075
2010-03-15,0.0181910567
2010-03-16,0.0140146332
2010-03-17,0.0174582829
2010-03-18,0.017977027
2010-03-19,0.0241401925
2010-03-22,0.0238531461
2010-03-23,0.0187798044
2010-03-24,0.0168107285
2010-03-25,0.0187001689
2010-03-26,0.0140802511
2010-03-29,0.0265479857
2010-03-30,0.0178721842
2010-03-31,0.0184816963
2010-04-01,0.020612059
2010-04-05,0.0214304385
2010-04-06,0.0150947195
2010-04-07,0.0200897256
2010-04-08,0.0166681019
2010-04-09,0.0164233941
2010-04-12,0.0162558
2010-04-13,0.0148112415
2010-04-14,0.0219830634
2010-04-15,0.0183014669
2010-04-16,0.0208175561
2010-04-19,0.0164346929
2010-04-20,0.0185070647
2010-04-21,0.019173171
2010-04-22,0.0182849233
2010-04-23,0.0170067053
2010-04-26,0.0173639689
2010-04-27,0.0219874796
2010-04-28,0.0150119801
2010-04-29,0.0233711705
2010-04-30,0.0289808098
2010-05-03,0.0224163545
2010-05-04,0.0237741767
2010-05-05,0.0218288861
2010-05-06,0.035328993
2010-05-07,0.030507309
2010-05-10,0.0393505266
2010-05-11,0.0207838098
2010-05-12,0.0310460666
2010-05-13,0.0179319994
2010-05-14,0.0254209234
2010-05-17,0.0244350444
2010-05-18,0.0219487523
2010-05-19,0.0215643034
2010-05-20,0.0371722072
2010-05-21,0.0237798137
2010-05-24,0.0198404676
2010-05-25,0.023941522
2010-05-26,0.0245807687
2010-05-27,0.0339408594
2010-05-28,0.0230553963
2010-06-01,0.0272809521
2010-06-02,0.0285884434
2010-06-03,0.0210944272
2010-06-04,0.0308882512
2010-06-07,0.0279635425
2010-06-08,0.0206084534
2010-06-09,0.0177892166
2010-06-10,0.0290816373
2010-06-11,0.0200757706
2010-06-14,0.017959284
2010-06-15,0.0320326437
2010-06-16,0.0189281981
2010-06-17,0.015200766
2010-06-18,0.0188315136
2010-06-21,0.0176080492
2010-06-22,0.019836646
2010-06-23,0.0156211952
2010-06-24,0.0222234156
2010-06-25,0.0278975221
2010-06-28,0.0239374451
2010-06-29,0.033892889
2010-06-30,0.0244422597
2010-07-01,0.0219014255
2010-07-02,0.0180988286
2010-07-06,0.0244187974
2010-07-07,0.0303869356
2010-07-08,0.020176609
2010-07-09,0.0188484061
2010-07-12,0.0205262468
2010-07-13,0.022577586
2010-07-14,0.0185057833
2010-07-15,0.018862276
2010-07-16,0.0237827403
2010-07-19,0.0190036237
2010-07-20,0.0192030275
2010-07-21,0.022416723
2010-07-22,0.0304283506
2010-07-23,0.0224312378
2010-07-26,0.0215980681
2010-07-27,0.0203165529
2010-07-28,0.0209689606
2010-07-29,0.0217187758
2010-07-30,0.0229630955
2010-08-02,0.0210418649
2010-08-03,0.0189077835
2010-08-04,0.0190548129
2010-08-05,0.023880282
2010-08-06,0.0193634615
2010-08-09,0.0212978577
2010-08-10,0.0213224895
2010-08-11,0.0299063934
2010-08-12,0.0200177961
2010-08-13,0.0162794602
2010-08-16,0.0189910651
2010-08-17,0.0224785582
2010-08-18,0.018983758
2010-08-19,0.0255833046
2010-08-20,0.0185788022
2010-08-23,0.0190133888
2010-08-24,0.0204216119
2010-08-25,0.0187903161
2010-08-26,0.0195837738
2010-08-27,0.0252334809
2010-08-30,0.0214107633
2010-08-31,0.0203963528
2010-09-01,0.0265772724
2010-09-02,0.0183542639
2010-09-03,0.0167403573
2010-09-07,0.0238395127
2010-09-08,0.0217090632
2010-09-09,0.0159902027
2010-09-10,0.0157825029
2010-09-13,0.0212630784
2010-09-14,0.0166925863
2010-09-15,0.0176762699
2010-09-16,0.0162790845
2010-09-17,0.0200603815
2010-09-20,0.0248646405
2010-09-21,0.0187643939
2010-09-22,0.0179904417
2010-09-23,0.0199430911
2010-09-24,0.0240042541
2010-09-27,0.0166044704
2010-09-28,0.0231644816
2010-09-29,0.0229038611
2010-09-30,0.0199209285
2010-10-01,0.0188100849
2010-10-04,0.0232451185
2010-10-05,0.0232595341
2010-10-06,0.0206241203
2010-10-07,0.0177716555
2010-10-08,0.0167320227
2010-10-11,0.022220854
2010-10-12,0.0233967954
2010-10-13,0.0250208778
2010-10-14,0.0193556299
2010-10-15,0.0196627086
2010-10-18,0.0177862198
2010-10-19,0.025572987
2010-10-20,0.0222369082
2010-10-21,0.0189015286
2010-10-22,0.0196920693
2010-10-25,0.0159778269
2010-10-26,0.01711165
2010-10-27,0.01876924
2010-10-28,0.0190396449
2010-10-29,0.0198101952
2010-11-01,0.0225248518
2010-11-02,0.0200733051
2010-11-03,0.0163154255
2010-11-04,0.0275968196
2010-11-05,0.0201721326
2010-11-08,0.0213931995
2010-11-09,0.0240807037
2010-11-10,0.0217910708
2010-11-11,0.020527348
2010-11-12,0.0233973889
2010-11-15,0.0140714713
2010-11-16,0.0243473523
2010-11-17,0.0209457745
2010-11-18,0.0207143423
2010-11-19,0.0177828083
2010-11-22,0.0134398461
2010-11-23,0.0175416992
2010-11-24,0.0207906306
2010-11-26,0.0120605286
2010-11-29,0.0154862659
2010-11-30,0.0186878075
2010-12-01,0.0215532344
2010-12-02,0.0209694728
2010-12-03,0.0158224962
2010-12-06,0.0203199446
2010-12-07,0.0170219889
2010-12-08,0.0180378335
2010-12-09,0.0160170442
2010-12-10,0.0210576947
2010-12-13,0.0181875184
2010-12-14,0.0179105957
2010-12-15,0.0171301491
2010-12-16,0.0188887214
2010-12-17,0.0210268329
2010-12-20,0.0177271218
2010-12-21,0.0162970837
2010-12-22,0.0172456986
2010-12-23,0.0131861513
2010-12-27,0.0154942177
2010-12-28,0.0133883284
2010-12-29,0.0186034367
2010-12-30,0.0132114979
2010-12-31,0.0128858555
2011-01-03,0.0190909329
2011-01-04,0.0233298655
2011-01-05,0.0189412612
2011-01-06,0.0198845572
2011-01-07,0.0161447675
2011-01-10,0.0193788334
2011-01-11,0.0194276652
2011-01-12,0.0178046149
2011-01-13,0.0173080231
2011-01-14,0.017012761
2011-01-18,0.0220748226
2011-01-19,0.02801167
2011-01-20,0.0193360905
2011-01-21,0.0176826791
2011-01-24,0.0207044109
2011-01-25,0.0180966254
2011-01-26,0.0196769281
2011-01-27,0.0162011488
2011-01-28,0.0219890847
2011-01-31,0.0179175583
2011-02-01,0.0213342747
2011-02-02,0.0255995515
2011-02-03,0.0152621615
2011-02-04,0.0249001842
2011-02-07,0.0181860068
2011-02-08,0.0182212088
2011-02-09,0.015860446
2011-02-10,0.0154618561
2011-02-11,0.0190505679
2011-02-14,0.0176799435
2011-02-15,0.0141274271
2011-02-16,0.0159827835
2011-02-17,0.0195520615
2011-02-18,0.0176147266
2011-02-22,0.0269244323
2011-02-23,0.0260417126
2011-02-24,0.0189552287
2011-02-25,0.020487048
2011-02-28,0.0225159248
2011-03-01,0.0213244705
2011-03-02,0.014383053
2011-03-03,0.0193121388
2011-03-04,0.0178343891
2011-03-07,0.0199368518
2011-03-08,0.0169315182
2011-03-09,0.0197567845
2011-03-10,0.02478275
2011-03-11,0.0222705889
2011-03-14,0.0255710944
2011-03-15,0.0280681064
2011-03-16,0.024394098
2011-03-17,0.01767754
2011-03-18,0.0248628055
2011-03-21,0.0212007658
2011-03-22,0.0154956774
2011-03-23,0.0163564433
2011-03-24,0.0144608985
2011-03-25,0.015494493
2011-03-28,0.0204846702
2011-03-29,0.020284437
2011-03-30,0.0184285642
2011-03-31,0.0170803148
2011-04-01,0.0198483791
2011-04-04,0.0195615408
2011-04-05,0.0141996075
2011-04-06,0.0177047065
2011-04-07,0.0169835323
2011-04-08,0.0160522497
2011-04-11,0.0195965829
2011-04-12,0.0187549487
2011-04-13,0.0183438639
2011-04-14,0.0180585727
2011-04-15,0.0158322223
2011-04-18,0.019287989
2011-04-19,0.0160696235
2011-04-20,0.0200614296
2011-04-21,0.0159118325
2011-04-25,0.0145493751
2011-04-26,0.0173967731
2011-04-27,0.014745551
2011-04-28,0.0163998842
2011-04-29,0.0215243253
2011-05-02,0.0142447789
2011-05-03,0.0224787191
2011-05-04,0.0192537841
2011-05-05,0.0222518126
2011-05-06,0.0205931394
2011-05-09,0.0171669262
2011-05-10,0.0228880123
2011-05-11,0.0254252979
2011-05-12,0.020224171
2011-05-13,0.0190320648
2011-05-16,0.0236432104
2011-05-17,0.0218225138
2011-05-18,0.0223563931
2011-05-19,0.0170842694
2011-05-20,0.0193914901
2011-05-23,0.0209212759
2011-05-24,0.0197258508
2011-05-25,0.0218920813
2011-05-26,0.0168465665
2011-05-27,0.0174886497
2011-05-31,0.0249783142
2011-06-01,0.0276270877
2011-06-02,0.016267498
2011-06-03,0.0214532252
2011-06-06,0.0233382771
2011-06-07,0.01511304
2011-06-08,0.026691241
2011-06-09,0.0149939723
2011-06-10,0.0183143853
2011-06-13,0.0203293492
2011-06-14,0.0226468629
2011-06-15,0.0241078701
2011-06-16,0.0197468189
2011-06-17,0.0201999414
2011-06-20,0.0203480162
2011-06-21,0.0209790429
2011-06-22,0.020584416
2011-06-23,0.0164372663
2011-06-24,0.0182861767
2011-06-27,0.0185034792
2011-06-28,0.022032295
2011-06-29,0.0203432672
2011-06-30,0.0194909819
2011-07-01,0.018019471
2011-07-05,0.016089544
2011-07-06,0.0155019599
2011-07-07,0.0165547366
2011-07-08,0.0141009416
2011-07-11,0.0242886646
2011-07-12,0.0253866495
2011-07-13,0.0186616129
2011-07-14,0.020103173
2011-07-15,0.0161801074
2011-07-18,0.0180196679
2011-07-19,0.0221602562
2011-07-20,0.0169372234
2011-07-21,0.0163978518
2011-07-22,0.0163089857
2011-07-25,0.0169154572
2011-07-26,0.0140354695
2011-07-27,0.0271635718
2011-07-28,0.0184920015
2011-07-29,0.0205915971
2011-08-01,0.0178604976
2011-08-02,0.027763618
2011-08-03,0.0252872425
2011-08-04,0.0492720462
2011-08-05,0.0322580571
2011-08-08,0.0602814071
2011-08-09,0.0588350563
2011-08-10,0.044900432
2011-08-11,0.0382858144
2011-08-12,0.0257004631
2011-08-15,0.0416953982
2011-08-16,0.0269315408
2011-08-17,0.0184714781
2011-08-18,0.0424924521
2011-08-19,0.0238742464
2011-08-22,0.0246830326
2011-08-23,0.0411542862
2011-08-24,0.0272415574
2011-08-25,0.0266961822
2011-08-26,0.0250744531
2011-08-29,0.0338521166
2011-08-30,0.0181492344
2011-08-31,0.0212770042
2011-09-01,0.0262149783
2011-09-02,0.0309147597
2011-09-06,0.0190845854
2011-09-07,0.0310691084
2011-09-08,0.0251462082
2011-09-09,0.0234930942
2011-09-12,0.0234303749
2011-09-13,0.0228265563
2011-09-14,0.0206634418
2011-09-15,0.0219174459
2011-09-16,0.0281112939
2011-09-19,0.0296600268
2011-09-20,0.029549054
2011-09-21,0.0308872806
2011-09-22,0.0345144718
2011-09-23,0.0308999724
2011-09-26,0.0279511052
2011-09-27,0.0266770636
2011-09-28,0.0376258012
2011-09-29,0.031901103
2011-09-30,0.0340255241
2011-10-03,0.0542248356
2011-10-04,0.0590345028
2011-10-05,0.0354474991
2011-10-06,0.0319081147
2011-10-07,0.0309347543
2011-10-10,0.0323054452
2011-10-11,0.0201032002
2011-10-12,0.0246070021
2011-10-13,0.0235566061
2011-10-14,0.0284745745
2011-10-17,0.0389369435
2011-10-18,0.0315581387
2011-10-19,0.0294885297
2011-10-20,0.0209866947
2011-10-21,0.0283610365
2011-10-24,0.035099611
2011-10-25,0.0342106718
2011-10-26,0.0282276988
2011-10-27,0.0479722935
2011-10-28,0.0212519735
2011-10-31,0.0394547875
2011-11-01,0.0353842902
2011-11-02,0.0315514414
2011-11-03,0.033320308
2011-11-04,0.0321577983
2011-11-07,0.0224459072
2011-11-08,0.0259218692
2011-11-09,0.0371003361
2011-11-10,0.0247776232
2011-11-11,0.0261101724
2011-11-14,0.0238245107
2011-11-15,0.0261959049
2011-11-16,0.028484294
2011-11-17,0.0250614841
2011-11-18,0.0207264114
2011-11-21,0.0281124938
2011-11-22,0.026322567
2011-11-23,0.0305132343
2011-11-25,0.0215944794
2011-11-28,0.0433591051
2011-11-29,0.0269513399
2011-11-30,0.0505902944
2011-12-01,0.0241780642
2011-12-02,0.0190912358
2011-12-05,0.0215996724
2011-12-06,0.0198952611
2011-12-07,0.0174857255
2011-12-08,0.0303218331
2011-12-09,0.0260306575
2011-12-12,0.0240023241
2011-12-13,0.0292920214
2011-12-14,0.029146764
2011-12-15,0.0225450245
2011-12-16,0.0246418135
2011-12-19,0.0239928079
2011-12-20,0.0384501376
2011-12-21,0.0219039183
2011-12-22,0.0274458818
2011-12-23,0.020221424
2011-12-27,0.0191502845
2011-12-28,0.0304956563
2011-12-29,0.0200184981
2011-12-30,0.0203469742
2012-01-03,0.0318675718
2012-01-04,0.0251036697
2012-01-05,0.0199363593
2012-01-06,0.0186540012
2012-01-09,0.0202926268
2012-01-10,0.0208734257
2012-01-11,0.0407773995
2012-01-12,0.0248124875
2012-01-13,0.0341419045
2012-01-17,0.0256264246
2012-01-18,0.029288308
2012-01-19,0.0296917414
2012-01-20,0.0208528997
2012-01-23,0.0207105234
2012-01-24,0.0189444984
2012-01-25,0.0193739926
2012-01-26,0.0234445081
2012-01-27,0.0239316451
2012-01-30,0.0196145906
2012-01-31,0.0222417964
2012-02-01,0.0312645798
2012-02-02,0.0193216794
2012-02-03,0.0291050539
2012-02-06,0.0207117455
2012-02-07,0.0238258554
2012-02-08,0.0272352775
2012-02-09,0.0264169337
2012-02-10,0.0323591789
2012-02-13,0.0237729134
2012-02-14,0.0297722011
2012-02-15,0.0185681292
2012-02-16,0.0231696687
2012-02-17,0.0230188312
2012-02-21,0.0253724215
2012-02-22,0.0212081563
2012-02-23,0.0249641844
2012-02-24,0.0213953894
2012-02-27,0.0197266716
2012-02-28,0.0210003882
2012-02-29,0.0267429656
2012-03-01,0.0180861433
2012-03-02,0.0205971684
2012-03-05,0.0246096713
2012-03-06,0.0250119243
2012-03-07,0.0215632893
2012-03-08,0.0203270705
2012-03-09,0.0249133146
2012-03-12,0.0225064421
2012-03-13,0.0231563404
2012-03-14,0.0185008683
2012-03-15,0.0210314066
2012-03-16,0.0193817514
2012-03-19,0.018586536
2012-03-20,0.0210940141
2012-03-21,0.0159748852
2012-03-22,0.0169191012
2012-03-23,0.0153696242
2012-03-26,0.0201623893
2012-03-27,0.0177977198
2012-03-28,0.019989685
2012-03-29,0.0184330128
2012-03-30,0.0155428238
2012-04-02,0.0196084539
2012-04-03,0.0211917789
2012-04-04,0.020167975
2012-04-05,0.014038605
2012-04-09,0.0220944326
2012-04-10,0.0239561268
2012-04-11,0.0295330163
2012-04-12,0.0211462192
2012-04-13,0.0224516705
2012-04-16,0.0195763507
2012-04-17,0.0202960024
2012-04-18,0.0189085249
2012-04-19,0.0161929627
2012-04-20,0.0235731555
2012-04-23,0.0235930496
2012-04-24,0.0177283644
2012-04-25,0.0192033297
2012-04-26,0.0202933026
2012-04-27,0.0207500935
2012-04-30,0.021753137
2012-05-01,0.0239544571
2012-05-02,0.0219356746
2012-05-03,0.0236886893
2012-05-04,0.0241031335
2012-05-07,0.0166111673
2012-05-08,0.0207490966
2012-05-09,0.0220497452
2012-05-10,0.0226602695
2012-05-11,0.0213967359
2012-05-14,0.0256875345
2012-05-15,0.0235316045
2012-05-16,0.0219828751
2012-05-17,0.0298459648
2012-05-18,0.0285833041
2012-05-21,0.0274058048
2012-05-22,0.0217632428
2012-05-23,0.0185748405
2012-05-24,0.0212040899
2012-05-25,0.0188572478
2012-05-29,0.0210472481
2012-05-30,0.0237037076
2012-05-31,0.0211266873
2012-06-01,0.0298775979
2012-06-04,0.026980613
2012-06-05,0.0298940375
2012-06-06,0.0330691717
2012-06-07,0.0233578916
2012-06-08,0.0226087666
2012-06-11,0.0235569781
2012-06-12,0.0257699638
2012-06-13,0.0219945804
2012-06-14,0.0220915233
2012-06-15,0.0266347022
2012-06-18,0.0227275312
2012-06-19,0.0245619418
2012-06-20,0.0208158551
2012-06-21,0.0271019589
2012-06-22,0.0256523668
2012-06-25,0.0275070307
2012-06-26,0.0213053843
2012-06-27,0.0275922347
2012-06-28,0.0267775546
2012-06-29,0.0311409099
2012-07-02,0.0222500785
2012-07-03,0.0197291029
2012-07-05,0.0203838653
2012-07-06,0.0200706137
2012-07-09,0.0208622905
2012-07-10,0.0249032412
2012-07-11,0.0269071187
2012-07-12,0.0202042962
2012-07-13,0.0217121037
2012-07-16,0.0185827752
2012-07-17,0.020158265
2012-07-18,0.0188776304
2012-07-19,0.0197581442
2012-07-20,0.0222649884
2012-07-23,0.0242725971
2012-07-24,0.0244617088
2012-07-25,0.022231215
2012-07-26,0.0242645991
2012-07-27,0.024523306
2012-07-30,0.0228810737
2012-07-31,0.0209540852
2012-08-01,0.0257643625
2012-08-02,0.0323543764
2012-08-03,0.0321777356
2012-08-06,0.0273737843
2012-08-07,0.0267859382
2012-08-08,0.0254546826
2012-08-09,0.027854098
2012-08-10,0.0199470342
2012-08-13,0.0212194675
2012-08-14,0.0220331575
2012-08-15,0.0221384785
2012-08-16,0.0202793112
2012-08-17,0.0161070388
2012-08-20,0.0172660009
2012-08-21,0.0170195442
2012-08-22,0.0173005889
2012-08-23,0.0177617357
2012-08-24,0.0134911772
2012-08-27,0.019917372
2012-08-28,0.0186915269
2012-08-29,0.0186165333
2012-08-30,0.0224487704
2012-08-31,0.0155021901
2012-09-04,0.0230341138
2012-09-05,0.0167304991
2012-09-06,0.0249351892
2012-09-07,0.0210501621
2012-09-10,0.0178912749
2012-09-11,0.0211604936
2012-09-12,0.0173627877
2012-09-13,0.0347168847
2012-09-14,0.0238556399
2012-09-17,0.024099172
2012-09-18,0.0201534708
2012-09-19,0.0176133288
2012-09-20,0.0238510865
2012-09-21,0.0213951383
2012-09-24,0.0234987857
2012-09-25,0.0263036122
2012-09-26,0.0210679418
2012-09-27,0.0190120863
2012-09-28,0.0200549739
2012-10-01,0.019027388
2012-10-02,0.0166938633
2012-10-03,0.0176909423
2012-10-04,0.0183878682
2012-10-05,0.0169644777
2012-10-08,0.0176826509
2012-10-09,0.0215086324
2012-10-10,0.0165482544
2012-10-11,0.0162993309
2012-10-12,0.0193233572
2012-10-15,0.0158888402
2012-10-16,0.0220361531
2012-10-17,0.0248578701
2012-10-18,0.0251074476
2012-10-19,0.0318028856
2012-10-22,0.0195337132
2012-10-23,0.0198905129
2012-10-24,0.0234332812
2012-10-25,0.0182640756
2012-10-26,0.018791312
2012-10-31,0.023768063
2012-11-01,0.02138002
2012-11-02,0.0221829811
2012-11-05,0.0233293872
2012-11-06,0.0209963141
2012-11-07,0.0330549451
2012-11-08,0.0287339246
2012-11-09,0.0195656403
2012-11-12,0.0193060692
2012-11-13,0.022979915
2012-11-14,0.0248246094
2012-11-15,0.0228251422
2012-11-16,0.0220460963
2012-11-19,0.0254822692
2012-11-20,0.0217833661
2012-11-21,0.0175749002
2012-11-23,0.0192744988
2012-11-26,0.0209825742
2012-11-27,0.0211035882
2012-11-28,0.023216067
2012-11-29,0.0196588911
2012-11-30,0.0209391119
2012-12-03,0.0209279878
2012-12-04,0.0189760289
2012-12-05,0.0225048075
2012-12-06,0.0196109384
2012-12-07,0.0195224909
2012-12-10,0.0210132349
2012-12-11,0.0253425639
2012-12-12,0.0292532881
2012-12-13,0.0174191729
2012-12-14,0.0162569937
2012-12-17,0.0193766642
2012-12-18,0.0235622242
2012-12-19,0.0199973805
2012-12-20,0.0159812405
2012-12-21,0.0177345288
2012-12-24,0.0166408053
2012-12-26,0.0185825778
2012-12-27,0.017290749
2012-12-28,0.0181053441
2012-12-31,0.0230625215
2013-01-02,0.0305294378
2013-01-03,0.0294178816
2013-01-04,0.0199566058
2013-01-07,0.0229377035
2013-01-08,0.0212228444
2013-01-09,0.022625515
2013-01-10,0.0200032962
2013-01-11,0.0166640785
2013-01-14,0.0160472488
2013-01-15,0.0176632565
2013-01-16,0.0186095005
2013-01-17,0.0174345725
2013-01-18,0.018026525
2013-01-22,0.0219969349
2013-01-23,0.0224430191
2013-01-24,0.020016691
2013-01-25,0.0156282347
2013-01-28,0.0181715685
2013-01-29,0.0165546872
2013-01-30,0.0164650607
2013-01-31,0.0149664925
2013-02-01,0.0186028824
2013-02-04,0.0178324532
2013-02-05,0.0217400542
2013-02-06,0.0213904293
2013-02-07,0.0197393885
2013-02-08,0.015356205
2013-02-11,0.0210064555
2013-02-12,0.0236214955
2013-02-13,0.024771377
2013-02-14,0.0296896548
2013-02-15,0.0200201642
2013-02-19,0.0218915927
2013-02-20,0.0239474542
2013-02-21,0.0233510742
2013-02-22,0.0178001926
2013-02-25,0.0242049708
2013-02-26,0.0172306924
2013-02-27,0.019131298
2013-02-28,0.0215140676
2013-03-01,0.0211577014
2013-03-04,0.0190838072
2013-03-05,0.0222493173
2013-03-06,0.0234396537
2013-03-07,0.0233138361
2013-03-08,0.021365615
2013-03-11,0.0192625317
2013-03-12,0.0192938863
2013-03-13,0.0192305608
2013-03-14,0.0229613352
2013-03-15,0.021557303
2013-03-18,0.0186841926
2013-03-19,0.0176293867
2013-03-20,0.0217426663
2013-03-21,0.0219929714
2013-03-22,0.0196011023
2013-03-25,0.0219646564
2013-03-26,0.0195526341
2013-03-27,0.0153109537
2013-03-28,0.0167479537
2013-04-01,0.0258669087
2013-04-02,0.0191450515
2013-04-03,0.0189233855
2013-04-04,0.0165457449
2013-04-05,0.01817941
2013-04-08,0.0195807053
2013-04-09,0.0298297642
2013-04-10,0.0208871163
2013-04-11,0.0147996666
2013-04-12,0.0152278216
2013-04-15,0.0360397898
2013-04-16,0.0219376381
2013-04-17,0.0219329573
2013-04-18,0.0206703462
2013-04-19,0.0189684071
2013-04-22,0.0208346732
2013-04-23,0.0242354393
2013-04-24,0.0230515918
2013-04-25,0.017591529
2013-04-26,0.0201611047
2013-04-29,0.0196882167
2013-04-30,0.0159661943
2013-05-01,0.0234772501
2013-05-02,0.0274277548
2013-05-03,0.0206493605
2013-05-06,0.0196335723
2013-05-07,0.0213039693
2013-05-08,0.0227185988
2013-05-09,0.0262358579
2013-05-10,0.0283496916
2013-05-13,0.0244498656
2013-05-14,0.0223727344
2013-05-15,0.0213784224
2013-05-16,0.020694924
2013-05-17,0.0299915907
2013-05-20,0.0436979615
2013-05-21,0.0259885765
2013-05-22,0.0317647567
2013-05-23,0.0195301793
2013-05-24,0.0221357868
2013-05-28,0.031839593
2013-05-29,0.020440114
2013-05-30,0.0214052366
2013-05-31,0.0223838332
2013-06-03,0.0233239294
2013-06-04,0.0185172904
2013-06-05,0.0183137382
2013-06-06,0.017419086
2013-06-07,0.0198808537
2013-06-10,0.0256187185
2013-06-11,0.0239074223
2013-06-12,0.0184422203
2013-06-13,0.0195376136
2013-06-14,0.0226220833
2013-06-17,0.0198995349
2013-06-18,0.0182579364
2013-06-19,0.0181516436
2013-06-20,0.0248434611
2013-06-21,0.0225471511
2013-06-24,0.0285937354
2013-06-25,0.0247608151
2013-06-26,0.0256764621
2013-06-27,0.0283056311
2013-06-28,0.0181975685
2013-07-01,0.025797541
2013-07-02,0.019525919
2013-07-03,0.0129853665
2013-07-05,0.0254935191
2013-07-08,0.0222213723
2013-07-09,0.0208324952
2013-07-10,0.0164845517
2013-07-11,0.0184658551
2013-07-12,0.0160076043
2013-07-15,0.0268020412
2013-07-16,0.0168584094
2013-07-17,0.0176063378
2013-07-18,0.0175749208
2013-07-19,0.0155164607
2013-07-22,0.0278601561
2013-07-23,0.0167847374
2013-07-24,0.0191153809
2013-07-25,0.015972599
2013-07-26,0.0177349966
2013-07-29,0.0221357635
2013-07-30,0.0183663208
2013-07-31,0.0180656853
2013-08-01,0.0245432823
2013-08-02,0.0185123871
2013-08-05,0.0206277941
2013-08-06,0.0205043
2013-08-07,0.0237455312
2013-08-08,0.0270402806
2013-08-09,0.0188277264
2013-08-12,0.0203006843
2013-08-13,0.0174849325
2013-08-14,0.0196451315
2013-08-15,0.023395243
2013-08-16,0.0162829893
2013-08-19,0.0226533982
2013-08-20,0.0223274681
2013-08-21,0.0173092575
2013-08-22,0.016940729
2013-08-23,0.016090976
2013-08-26,0.0149415016
2013-08-27,0.0256685147
2013-08-28,0.0137459097
2013-08-29,0.0141007944
2013-08-30,0.0168213567
2013-09-03,0.0203298373
2013-09-04,0.0229575334
2013-09-05,0.0191032466
2013-09-06,0.0180693737
2013-09-09,0.0215152591
2013-09-10,0.0220423967
2013-09-11,0.0178679695
2013-09-12,0.0163510011
2013-09-13,0.0165423769
2013-09-16,0.0156654061
2013-09-17,0.0172114169
2013-09-18,0.0194247065
2013-09-19,0.0149713734
2013-09-20,0.0243544804
2013-09-23,0.0166310153
2013-09-24,0.023235003
2013-09-25,0.020185599
2013-09-26,0.0182136782
2013-09-27,0.0193594506
2013-09-30,0.0168105363
2013-10-01,0.0246569714
2013-10-02,0.0162126795
2013-10-03,0.0184981865
2013-10-04,0.0171955741
2013-10-07,0.0144426097
2013-10-08,0.0202189577
2013-10-09,0.0158468623
2013-10-10,0.0217138121
2013-10-11,0.0182415045
2013-10-14,0.0139735223
2013-10-15,0.0157412558
2013-10-16,0.016253252
2013-10-17,0.0211409576
2013-10-18,0.0205718728
2013-10-21,0.0185414004
2013-10-22,0.0149965417
2013-10-23,0.017346413
2013-10-24,0.0270096814
2013-10-25,0.0271198316
2013-10-28,0.0192418967
2013-10-29,0.0150125693
2013-10-30,0.0194448104
2013-10-31,0.0233564853
2013-11-01,0.0214414065
2013-11-04,0.0249001775
2013-11-05,0.0246577248
2013-11-06,0.0290775195
2013-11-07,0.0278382882
2013-11-08,0.028225588
2013-11-11,0.0243754678
2013-11-12,0.0232938639
2013-11-13,0.0317392776
2013-11-14,0.0187953093
2013-11-15,0.0176429801
2013-11-18,0.022245034
2013-11-19,0.0213547029
2013-11-20,0.016179225
2013-11-21,0.0172597349
2013-11-22,0.0181852236
2013-11-25,0.0170971442
2013-11-26,0.0169862679
2013-11-27,0.0170758701
2013-11-29,0.0149958773
2013-12-02,0.0193777915
2013-12-03,0.0206743495
2013-12-04,0.0256682608
2013-12-05,0.0194774778
2013-12-06,0.0257748639
2013-12-09,0.0226152953
2013-12-10,0.0186456298
2013-12-11,0.0229533442
2013-12-12,0.0160050247
2013-12-13,0.0172473827
2013-12-16,0.0264470797
2013-12-17,0.02254586
2013-12-18,0.0159073598
2013-12-19,0.0186545777
2013-12-20,0.0195456901
2013-12-23,0.0194727604
2013-12-24,0.013311433
2013-12-26,0.0187218866
2013-12-27,0.0180969944
2013-12-30,0.0183137665
2013-12-31,0.0168891848
2014-01-02,0.0340811349
2014-01-03,0.0182342307
2014-01-06,0.0199307751
2014-01-07,0.0246507661
2014-01-08,0.0204273441
2014-01-09,0.0231843153
2014-01-10,0.0170459477
2014-01-13,0.0234553342
2014-01-14,0.0254938756
2014-01-15,0.0175399882
2014-01-16,0.0212044062
2014-01-17,0.0176031966
2014-01-21,0.0171636306
2014-01-22,0.0165553305
2014-01-23,0.022651995
2014-01-24,0.0275521725
2014-01-27,0.020905589
2014-01-28,0.017379129
2014-01-29,0.0185030986
2014-01-30,0.0166068495
2014-01-31,0.0222658861
2014-02-03,0.0287790056
2014-02-04,0.0172007256
2014-02-05,0.0172065992
2014-02-06,0.0187025396
2014-02-07,0.0211787147
2014-02-10,0.0197647282
2014-02-11,0.0199517926
2014-02-12,0.0177439653
2014-02-13,0.0202367939
2014-02-14,0.0143550716
2014-02-18,0.0213063972
2014-02-19,0.0201471712
2014-02-20,0.0233036249
2014-02-21,0.0146941988
2014-02-24,0.0217473521
2014-02-25,0.0174567108
2014-02-26,0.0232452477
2014-02-27,0.0283339444
2014-02-28,0.0206866035
2014-03-03,0.0211644726
2014-03-04,0.0378220143
2014-03-05,0.0248736674
2014-03-06,0.0223705561
2014-03-07,0.0201195321
2014-03-10,0.0290060989
2014-03-11,0.0315292907
2014-03-12,0.0201128245
2014-03-13,0.0259740268
2014-03-14,0.0201304892
2014-03-17,0.0188035448
2014-03-18,0.0283258363
2014-03-19,0.0192222934
2014-03-20,0.0184098141
2014-03-21,0.0205594905
2014-03-24,0.0213245632
2014-03-25,0.0248478104
2014-03-26,0.0338929954
2014-03-27,0.021174651
2014-03-28,0.0193223915
2014-03-31,0.0212895311
2014-04-01,0.0258735259
2014-04-02,0.0175497345
2014-04-03,0.0220982624
2014-04-04,0.0269900454
2014-04-07,0.0250400933
2014-04-08,0.0172910511
2014-04-09,0.0178484199
2014-04-10,0.0251598351
2014-04-11,0.0177127101
2014-04-14,0.0170008464
2014-04-15,0.0186455509
2014-04-16,0.0203663961
2014-04-17,0.0167326256
2014-04-21,0.0166548081
2014-04-22,0.0255303829
2014-04-23,0.0171896899
2014-04-24,0.0149532125
2014-04-25,0.0262487002
2014-04-28,0.0242934768
2014-04-29,0.01710375
2014-04-30,0.017578856
2014-05-01,0.0194161259
2014-05-02,0.0187347497
2014-05-05,0.0162185471
2014-05-06,0.0277201493
2014-05-07,0.03035129
2014-05-08,0.0343315023
2014-05-09,0.0265508979
2014-05-12,0.0249370522
2014-05-13,0.0233466536
2014-05-14,0.0246575438
2014-05-15,0.0207539325
2014-05-16,0.0182961146
2014-05-19,0.0197117639
2014-05-20,0.0188706328
2014-05-21,0.0218221403
2014-05-22,0.0168342523
2014-05-23,0.0205697698
2014-05-27,0.0213552051
2014-05-28,0.0183407108
2014-05-29,0.0184975906
2014-05-30,0.0167182748
2014-06-02,0.0190101875
2014-06-03,0.0190521192
2014-06-04,0.0179548505
2014-06-05,0.0188618845
2014-06-06,0.0139988706
2014-06-09,0.0143515237
2014-06-10,0.013601642
2014-06-11,0.0137624686
2014-06-12,0.0137289903
2014-06-13,0.0133143876
2014-06-16,0.0211906924
2014-06-17,0.0235443871
2014-06-18,0.0175586765
2014-06-19,0.0164909397
2014-06-20,0.0171416561
2014-06-23,0.01356085
2014-06-24,0.0214048486
2014-06-25,0.0183499697
2014-06-26,0.0128949028
2014-06-27,0.0164746708
2014-06-30,0.0173615811
2014-07-01,0.0286153315
2014-07-02,0.0170790518
2014-07-03,0.0133603371
2014-07-07,0.0224761489
2014-07-08,0.0204358957
2014-07-09,0.0151462881
2014-07-10,0.0131272596
2014-07-11,0.0123531321
2014-07-14,0.0172385278
2014-07-15,0.0232537009
2014-07-16,0.0163833273
2014-07-17,0.0205474773
2014-07-18,0.017562418
2014-07-21,0.0153913028
2014-07-22,0.0186436736
2014-07-23,0.0191002544
2014-07-24,0.0126997432
2014-07-25,0.015973351
2014-07-28,0.0160478242
2014-07-29,0.0156323709
2014-07-30,0.0193146011
2014-07-31,0.0223841332
2014-08-01,0.0218575638
2014-08-04,0.0166068409
2014-08-05,0.0213139277
2014-08-06,0.0150752916
2014-08-07,0.0239824719
2014-08-08,0.023257466
2014-08-11,0.0201734504
2014-08-12,0.0199135596
2014-08-13,0.0221222381
2014-08-14,0.0187110185
2014-08-15,0.0164664902
2014-08-18,0.0188444789
2014-08-19,0.0166058804
2014-08-20,0.0190606998
2014-08-21,0.0121602446
2014-08-22,0.0115666987
2014-08-25,0.0122756856
2014-08-26,0.01864735
2014-08-27,0.0119533839
2014-08-28,0.0126975017
2014-08-29,0.0160320918
2014-09-02,0.0177836555
2014-09-03,0.0178817
2014-09-04,0.0181451451
2014-09-05,0.016958924
2014-09-08,0.0197286826
2014-09-09,0.0202472108
2014-09-10,0.0203388484
2014-09-11,0.0202978933
2014-09-12,0.0205064199
2014-09-15,0.0281541773
2014-09-16,0.0174132843
2014-09-17,0.0179817721
2014-09-18,0.0197592898
2014-09-19,0.0249737357
2014-09-22,0.026258796
2014-09-23,0.0174140373
2014-09-24,0.0157422143
2014-09-25,0.0186507942
2014-09-26,0.0167742914
2014-09-29,0.0168985719
2014-09-30,0.0244102467
2014-10-01,0.0274743544
2014-10-02,0.0225244472
2014-10-03,0.0144870685
2014-10-06,0.0265448729
2014-10-07,0.0253959394
2014-10-08,0.0206410116
2014-10-09,0.032012629
2014-10-10,0.0324630629
2014-10-13,0.035992185
2014-10-14,0.0229503057
2014-10-15,0.0287968783
2014-10-16,0.0339469815
2014-10-17,0.0226397691
2014-10-20,0.0205529369
2014-10-21,0.0264690216
2014-10-22,0.0268085399
2014-10-23,0.0191096601
2014-10-24,0.0137219334
2014-10-27,0.0174877611
2014-10-28,0.0311646905
2014-10-29,0.0153649627
2014-10-30,0.0225446003
2014-10-31,0.0252521712
2014-11-03,0.020516577
2014-11-04,0.0174993207
2014-11-05,0.0249454451
2014-11-06,0.0314461813
2014-11-07,0.0314150362
2014-11-10,0.020310548
2014-11-11,0.0189598584
2014-11-12,0.021437454
2014-11-13,0.020782018
2014-11-14,0.0220745292
2014-11-17,0.0229159494
2014-11-18,0.0236139621
2014-11-19,0.0192319768
2014-11-20,0.0194081832
2014-11-21,0.0167681623
2014-11-24,0.0185232751
2014-11-25,0.0140532976
2014-11-26,0.0177477271
2014-11-28,0.0389909868
2014-12-01,0.0401825018
2014-12-02,0.0233900826
2014-12-03,0.0202086016
2014-12-04,0.0186308196
2014-12-05,0.0205689291
2014-12-08,0.0366238293
2014-12-09,0.028270919
2014-12-10,0.0277044512
2014-12-11,0.0237656811
2014-12-12,0.0226420742
2014-12-15,0.0265030697
2014-12-16,0.0215771632
2014-12-17,0.033813056
2014-12-18,0.0213745795
2014-12-19,0.0282867486
2014-12-22,0.0303063078
2014-12-23,0.0196421878
2014-12-24,0.0126742318
2014-12-26,0.0160204826
2014-12-29,0.0200096553
2014-12-30,0.0180761018
2014-12-31,0.0204953256
2015-01-02,0.0212126264
2015-01-05,0.028295134
2015-01-06,0.0260012358
2015-01-07,0.018463246
2015-01-08,0.0207110017
2015-01-09,0.0198628355
2015-01-12,0.0195789943
2015-01-13,0.0182487007
2015-01-14,0.0204192574
2015-01-15,0.0257534357
2015-01-16,0.0196737268
2015-01-20,0.0230479191
2015-01-21,0.0195213035
2015-01-22,0.0207192505
2015-01-23,0.0177832701
2015-01-26,0.025984702
2015-01-27,0.0180323657
2015-01-28,0.0205351443
2015-01-29,0.0246327177
2015-01-30,0.0259674895
2015-02-02,0.0281371929
2015-02-03,0.0364569507
2015-02-04,0.0199670328
2015-02-05,0.0199132902
2015-02-06,0.0218889699
2015-02-09,0.0233929684
2015-02-10,0.0211377955
2015-02-11,0.0237912377
2015-02-12,0.0235338264
2015-02-13,0.021173201
2015-02-17,0.0210444903
2015-02-18,0.0208361411
2015-02-19,0.0265212699
2015-02-20,0.0174112518
2015-02-23,0.0201000468
2015-02-24,0.0239593395
2015-02-25,0.0205695313
2015-02-26,0.0207078796
2015-02-27,0.0202426818
2015-03-02,0.0260027142
2015-03-03,0.0233789335
2015-03-04,0.0164223205
2015-03-05,0.0300606079
2015-03-06,0.0203999823
2015-03-09,0.0227777431
2015-03-10,0.0197190343
2015-03-11,0.0205663388
2015-03-12,0.0211138733
2015-03-13,0.0189515301
2015-03-16,0.0197362007
2015-03-17,0.0276637676
2015-03-18,0.0220737177
2015-03-19,0.0199896649
2015-03-20,0.0220809092
2015-03-23,0.0211575903
2015-03-24,0.0172136368
2015-03-25,0.0221471684
2015-03-26,0.0176642056
2015-03-27,0.0184936953
2015-03-30,0.0195934293
2015-03-31,0.0160065429
2015-04-01,0.020549185
2015-04-02,0.0158639817
2015-04-06,0.0202848557
2015-04-07,0.0173445702
2015-04-08,0.0158243957
2015-04-09,0.0138593881
2015-04-10,0.0133950115
2015-04-13,0.0152184409
2015-04-14,0.0170461016
2015-04-15,0.0245498233
2015-04-16,0.0175311256
2015-04-17,0.0174623435
2015-04-20,0.0181722607
2015-04-21,0.0211606272
2015-04-22,0.0185834849
2015-04-23,0.015308567
2015-04-24,0.0224546721
2015-04-27,0.0158150721
2015-04-28,0.0155354195
2015-04-29,0.0143351861
2015-04-30,0.0218149656
2015-05-01,0.019785258
2015-05-04,0.0182634747
2015-05-05,0.0167376043
2015-05-06,0.0186836198
2015-05-07,0.0305963839
2015-05-08,0.0260643849
2015-05-11,0.0210730355
2015-05-12,0.0159224225
2015-05-13,0.0183970665
2015-05-14,0.0194198273
2015-05-15,0.0152041229
2015-05-18,0.0164493762
2015-05-19,0.0203855105
2015-05-20,0.0179690365
2015-05-21,0.0164642608
2015-05-22,0.013478583
2015-05-26,0.0147204752
2015-05-27,0.0179081771
2015-05-28,0.0164710917
2015-05-29,0.0149778182
2015-06-01,0.0220286789
2015-06-02,0.0215707254
2015-06-03,0.0180932767
2015-06-04,0.0167664352
2015-06-05,0.0182086851
2015-06-08,0.0160434894
2015-06-09,0.0130579448
2015-06-10,0.019133318
2015-06-11,0.0182087607
2015-06-12,0.0151725265
2015-06-15,0.0157982015
2015-06-16,0.0199578293
2015-06-17,0.0132561961
2015-06-18,0.0159094425
2015-06-19,0.0160053632
2015-06-22,0.0198172971
2015-06-23,0.0171365227
2015-06-24,0.014248166
2015-06-25,0.0183676024
2015-06-26,0.0229041597
2015-06-29,0.0299332193
2015-06-30,0.0185162735
2015-07-01,0.0231803652
2015-07-02,0.0159965541
2015-07-06,0.0239504681
2015-07-07,0.0256688488
2015-07-08,0.030217922
2015-07-09,0.0218816442
2015-07-10,0.0213836853
2015-07-13,0.0174572375
2015-07-14,0.0192073347
2015-07-15,0.0196450794
2015-07-16,0.0185905723
2015-07-17,0.0167506464
2015-07-20,0.0256373762
2015-07-21,0.0194351649
2015-07-22,0.0213597141
2015-07-23,0.0209743506
2015-07-24,0.0214774782
2015-07-27,0.0280399543
2015-07-28,0.0204364919
2015-07-29,0.0235328335
2015-07-30,0.0249861662
2015-07-31,0.0221306945
2015-08-03,0.0260135045
2015-08-04,0.0218317665
2015-08-05,0.0335159471
2015-08-06,0.0364737044
2015-08-07,0.0342519218
2015-08-10,0.0277980588
2015-08-11,0.0288167145
2015-08-12,0.0267157786
2015-08-13,0.0211261609
2015-08-14,0.01976564
2015-08-17,0.0197978955
2015-08-18,0.0215627018
2015-08-19,0.0226861067
2015-08-20,0.0290616888
2015-08-21,0.025178832
2015-08-24,0.0330097698
2015-08-25,0.0349701921
2015-08-26,0.026545386
2015-08-27,0.0358851616
2015-08-28,0.0300719411
2015-08-31,0.0223162713
2015-09-01,0.0334495402
2015-09-02,0.0234499961
2015-09-03,0.0192941795
2015-09-04,0.01873184
2015-09-08,0.027390647
2015-09-09,0.0215730447
2015-09-10,0.0189358659
2015-09-11,0.0186329421
2015-09-14,0.0215599423
2015-09-15,0.020692329
2015-09-16,0.0228851792
2015-09-17,0.0169395335
2015-09-18,0.0280327258
2015-09-21,0.0245201479
2015-09-22,0.0225186819
2015-09-23,0.0269629061
2015-09-24,0.0177198638
2015-09-25,0.0258807742
2015-09-28,0.0340092864
2015-09-29,0.0261446826
2015-09-30,0.0287985722
2015-10-01,0.0255356206
2015-10-02,0.033766276
2015-10-05,0.0409261642
2015-10-06,0.0279577662
2015-10-07,0.0282780933
2015-10-08,0.0212811402
2015-10-09,0.0191423606
2015-10-12,0.0256722403
2015-10-13,0.0186266781
2015-10-14,0.0251172007
2015-10-15,0.0208147196
2015-10-16,0.0227431568
2015-10-19,0.0182217474
2015-10-20,0.0374879588
2015-10-21,0.0229260842
2015-10-22,0.0203270939
2015-10-23,0.0198693575
2015-10-26,0.0296975169
2015-10-27,0.0328842013
2015-10-28,0.0295039322
2015-10-29,0.0238647006
2015-10-30,0.0267612061
2015-11-02,0.0217161394
2015-11-03,0.0235390954
2015-11-04,0.0296113237
2015-11-05,0.0291557275
2015-11-06,0.0332339383
2015-11-09,0.0244610591
2015-11-10,0.0384516939
2015-11-11,0.0268067607
2015-11-12,0.029335261
2015-11-13,0.0265772507
2015-11-16,0.0287223822
2015-11-17,0.0300116934
2015-11-18,0.0259955589
2015-11-19,0.0261033565
2015-11-20,0.0220928466
2015-11-23,0.0201178693
2015-11-24,0.0244007919
2015-11-25,0.0229734949
2015-11-27,0.0182125367
2015-11-30,0.0240336766
2015-12-01,0.0295744206
2015-12-02,0.0246646174
2015-12-03,0.0232084878
2015-12-04,0.026157315
2015-12-07,0.0357523839
2015-12-08,0.0260384653
2015-12-09,0.0301948689
2015-12-10,0.0227553854
2015-12-11,0.0280375661
2015-12-14,0.0331788001
2015-12-15,0.031690502
2015-12-16,0.0404479536
2015-12-17,0.0283679279
2015-12-18,0.0319590728
2015-12-21,0.0313540738
2015-12-22,0.0242599387
2015-12-23,0.0256016459
2015-12-24,0.0167011634
2015-12-28,0.0268405684
2015-12-29,0.024014267
2015-12-30,0.0183390227
2015-12-31,0.0235250667
